Latitude;Longitude;IstRad;IstPKW;IstFuss;IstKrad;IstSonstig;TagKategorie;Monat;Stunde;Unfallart;Unfalltyp;Lichtverhältnisse;Straßenverhältnisse;Straßenart;Stadtteil;Jahr;Unfallklasse Wahr;Unfallklasse Bestimmt;Wahrscheinlichkeit Klasse 0;Wahrscheinlichkeit Klasse 1;Wahrscheinlichkeit Klasse 2;Unsicherheits-Score;Base-Value Klasse 0;SHAP_0_IstRad;SHAP_0_IstPKW;SHAP_0_IstFuss;SHAP_0_IstKrad;SHAP_0_IstSonstig;SHAP_0_TagKategorie;SHAP_0_Monat;SHAP_0_Stunde;SHAP_0_Unfallart;SHAP_0_Unfalltyp;SHAP_0_Lichtverhältnisse;SHAP_0_Straßenverhältnisse;SHAP_0_Straßenart;Base-Value Klasse 1;SHAP_1_IstRad;SHAP_1_IstPKW;SHAP_1_IstFuss;SHAP_1_IstKrad;SHAP_1_IstSonstig;SHAP_1_TagKategorie;SHAP_1_Monat;SHAP_1_Stunde;SHAP_1_Unfallart;SHAP_1_Unfalltyp;SHAP_1_Lichtverhältnisse;SHAP_1_Straßenverhältnisse;SHAP_1_Straßenart;Base-Value Klasse 2;SHAP_2_IstRad;SHAP_2_IstPKW;SHAP_2_IstFuss;SHAP_2_IstKrad;SHAP_2_IstSonstig;SHAP_2_TagKategorie;SHAP_2_Monat;SHAP_2_Stunde;SHAP_2_Unfallart;SHAP_2_Unfalltyp;SHAP_2_Lichtverhältnisse;SHAP_2_Straßenverhältnisse;SHAP_2_Straßenart
50,0144555;8,218548126;0;1;0;0;0;0;8;18;2;6;0;0;tertiary;Mombach;2019;2;2;9,840200096;17,15914607;73,0006516;0,401623724;19,43248558;-2,200070487;-0,165207803;-0,657816559;-0,441042362;-3,522105635;-0,01033019;0,025692366;-1,136356008;-5,3090728;1,143341619;-0,579432304;0,139087009;3,121027666;33,22311976;-1,598207834;-2,728154487;0,113585943;-0,564357636;0,730038053;-0,01341621;0,672284196;0,277633473;-5,526790831;-7,385352082;0,201797819;0,13718076;-0,380214856;47,34439465;3,55621842;1,034896709;0,53414432;1,53775578;2,246877492;-0,003686179;-0,028538072;0,615721195;13,58970683;2,481217416;0,450757284;-0,366042671;0,00722842
49,94379808;8,262871459;0;1;1;0;0;0;1;21;6;4;2;0;secondary;Hechtsheim;2019;2;0;57,94212222;28,95736098;13,10052127;0,606152001;19,43248558;2,221851726;-0,19980427;8,032619514;-0,155049564;-2,953705478;-0,013170972;-0,014456427;5,254164413;9,15799114;6,937015605;5,673786081;0,077956454;4,490438415;33,22311976;-1,06602693;-2,375233262;-1,704781608;-0,315091832;1,82118701;-0,011430054;-1,252588065;0,32423133;0,371830855;2,012291883;-2,395786873;0,027111829;0,298526938;47,34439465;-2,69973132;0,227679164;-4,079334754;0,393103696;0,823863024;0,003299169;0,056586938;-1,623192746;-9,54613439;-12,02909614;-5,073847465;-0,19053711;-0,506531456
49,99096861;8,245342697;1;1;0;0;0;1;10;7;3;6;0;0;tertiary;Oberstadt;2020;2;2;17,37466902;30,68983257;51,93549991;0,698079233;19,43248558;0,688971517;-0,217769559;-0,442132638;-0,267151301;-2,805746548;0,020792833;0,017705323;-3,000758291;-0,205744733;1,360581243;-0,577139653;0,109765569;3,26080967;33,22311976;2,885647068;-2,919825852;0,079591074;-0,331172777;1,810812662;0,108855883;-0,951403648;-0,438514354;3,820825506;-6,43466391;0,238649055;0,133654704;-0,535742606;47,34439465;-1,891177009;0,61528239;0,30159226;1,094409489;1,401953603;-0,014745321;0,089960628;2,067208516;-0,539894582;1,659369516;0,527546446;-0,332436788;-0,387963897
49,96399126;8,253723913;0;0;0;1;0;1;7;18;0;7;0;0;unclassified;Hechtsheim;2017;2;1;14,52862769;54,10223603;31,3691318;0,656018381;19,43248558;0,954966176;0,270318585;-0,617551412;2,871852318;-2,79056161;0,022032699;-0,256236538;-0,776564423;-8,244275458;2,182738908;-0,44882983;0,525528577;1,402724118;33,22311976;-0,445164402;7,191087151;0,171637778;1,710031441;1,640969185;0,422704531;0,607049223;1,035024763;2,645429548;1,737084953;0,03870699;0,003187423;4,121367687;47,34439465;-0,704850431;-5,703004596;0,2229175;-19,12376845;1,778574246;-0,046878999;-0,193597473;-0,0120908;8,481702086;1,283186626;0,453451955;-2,870105016;0,459200496
50,00993091;8,261742961;0;1;1;0;0;0;2;9;6;4;0;1;residential;Neustadt;2022;2;1;24,24472123;41,35854542;34,39672589;0,850934057;19,43248558;13,7572198;-4,931111879;53,54420293;-0,481676768;-33,42496452;-0,12869047;-0,277844974;13,2778881;79,08546942;34,05792198;-10,71457966;-3,381529616;-135,5700687;33,22311976;-9,190153854;-19,00276338;-10,08957986;-3,497960292;19,8430862;-0,31122809;-1,842175213;-22,53291749;14,0346662;38,5593179;7,180104713;-3,036462165;-1,978509006;47,34439465;-1,398163662;0,361625158;-3,153635659;0,101448278;0,834190609;-0,000162313;-0,003421788;-0,272788285;-8,479315495;-7,834594361;1,105887692;0,484754405;5,306506659
49,9720557;8,297633247;0;1;0;0;1;1;8;14;2;6;0;0;motorway;Weisenau;2022;2;0;50,49138069;25,44004023;24,06858057;0,742355388;19,43248558;-0,945769327;-0,803284601;-1,068332393;-0,453755437;21,65303235;0,015108981;0,016633251;-0,758852628;-1,474756653;1,307295906;-0,394711978;0,123539545;13,84274809;33,22311976;-0,409782899;-0,559928246;0,703618867;-0,288442891;-2,674687332;0,033805129;0,383555752;0,338892982;-2,583429551;-4,166083366;0,108527449;0,09115272;1,239721853;47,34439465;1,638882846;1,792770304;1,103389235;1,47204555;-15,61613695;0,145322221;-0,033768133;0,58289086;6,23846324;1,2356529;0,464379848;-0,427053094;-21,87265292
50,01361212;8,218153264;0;1;0;1;0;1;11;5;2;6;2;0;tertiary;Mombach;2019;2;2;32,96915293;31,62981868;35,40102243;0,966886722;19,43248558;-2,550799802;-0,180704854;-1,214547317;10,61442032;-3,605203602;0,029898164;-0,102101681;4,02737507;-3,207194114;1,48600672;3,457077049;0,32616503;4,456276364;33,22311976;-0,116927487;-0,33557204;0,031126605;0,905537757;0,11274365;-0,00398704;-0,279493842;-0,174558998;-0,510421448;-0,997695576;-0,190187147;0,015908301;-0,049773817;47,34439465;1,679267082;0,622717518;0,392899257;-19,66721121;1,146571225;-0,008511037;0,226183286;-0,895583534;5,902862605;1,000061724;-1,04386053;-0,740782026;-0,557986579
49,98511313;8,182769399;0;1;0;0;0;0;9;20;5;2;1;0;secondary;Finthen;2019;2;2;16,38461798;35,47650576;48,13888073;0,723127365;19,43248558;0,942299389;-0,648484085;-0,904069333;-0,50382331;-3,336180055;-0,026726662;-0,026259492;2,219388117;3,321700547;-8,248168566;-0,002570899;0,210746723;3,954280026;33,22311976;-0,179996579;-0,474708556;0,01830101;-0,091658668;0,463106311;-0,001114844;0,055378631;0,172757274;0,621301262;1,993573126;-0,267918349;0,00645668;-0,062091303;47,34439465;-0,060133777;0,196855841;0,156778101;0,335412375;0,410723307;0,010257387;-0,004144981;-0,122317102;-0,901892128;0,975113548;0,065711714;-0,088654412;-0,179223798
49,96499765;8,231777875;0;1;0;0;0;1;8;14;2;6;0;0;motorway;Marienborn;2018;2;2;14,59394097;27,3366034;58,06945562;0,612895103;19,43248558;-1,37389004;-0,110606446;-0,51466838;-0,396000915;-2,989182506;0,005894107;0,023526359;-0,630556243;-3,713406937;0,726654062;-0,37148459;0,08470782;4,420469098;33,22311976;-0,904468799;-0,80919815;0,426315648;-0,300407205;0,532007049;0,032470849;0,393246797;0,348612631;-2,976229516;-4,331398927;0,145894098;0,082762976;1,473876192;47,34439465;3,280009197;1,841161295;1,335325702;2,326301817;4,465664559;0,181381678;-0,044599354;0,873574342;14,49917228;2,049072986;0,775135667;-0,518768761;-20,33837043
49,97390885;8,270851458;0;1;0;0;0;1;12;10;4;2;0;0;secondary;Hechtsheim;2022;1;2;18,57468784;39,94152248;41,48378968;0,778217769;19,43248558;0,680043126;-0,180589173;-0,169814131;-0,239585211;-1,093369399;0,004683642;-0,008564564;0,347922242;3,58200839;-4,945706468;-0,058498524;0,112224046;1,111448278;33,22311976;-0,57829167;-1,461801055;0,021381838;-0,187936475;1,505353879;0,068585315;-1,23006314;-0,440967489;2,052310927;6,98938091;-0,070273737;0,018020999;0,032702416;47,34439465;-1,104311673;0,323002869;0,387376609;1,238430118;1,617714549;-0,02290002;0,857902358;-0,520237659;-16,89310626;10,22493385;0,281955658;-0,434226582;-1,817138785
49,98053227;8,247253952;1;1;0;0;0;0;9;19;5;3;0;0;residential;Bretzenheim;2021;2;2;9,427200258;34,29841697;56,2743783;0,594033352;19,43248558;0,256216624;-0,313995108;-0,309119164;-0,088975903;-1,694612307;-0,010656796;0,004467146;0,224505991;0,201794015;0,378078862;-0,205019746;0,058648984;-8,506617926;33,22311976;0,31259738;-0,448620004;0,01836902;-0,074147702;0,387838564;-0,003033494;0,028886934;0,207258621;0,248609498;0,606329291;0,034620315;0,002115896;-0,245527109;47,34439465;-1,897755821;0,997987164;0,488197037;0,969756059;1,691117972;0,000589116;0,021214827;-0,598461001;-1,201601631;0,004870069;0,412877958;-0,357944355;8,39913625
50,01626856;8,238204804;0;1;0;0;0;1;1;19;5;3;2;0;tertiary;Mombach;2022;2;2;23,90853465;33,10934603;42,98211634;0,834783772;19,43248558;0,387917262;-0,173374765;-0,594314016;-0,147357524;-1,581140496;0,008110418;-0,017520497;0,824779585;1,539196957;0,94475479;0,952380044;0,065008196;2,267609109;33,22311976;0,026649399;0,061241003;-0,006073628;0,012596485;-0,048603768;-0,001552223;0,042672644;-0,036607554;-0,067865635;-0,125074814;0,022981365;-0,000345102;0,006208097;47,34439465;-0,533663801;2,183500172;2,503087182;3,803254056;5,000826114;-0,039092267;0,354472302;-0,819521797;-9,962700531;1,146725741;-4,39437599;-1,108631696;-2,496157798
50,00172165;8,182865334;0;1;0;0;0;1;11;13;2;6;0;0;motorway_link;Finthen;2020;2;2;9,925297648;16,76159054;73,31311107;0,397388008;19,43248558;-2,187732471;-0,187339535;-0,657377239;-0,444694942;-3,565568047;0,00945666;0,080599065;-0,872082388;-5,61750359;0,923827331;-0,562556301;0,133014592;3,440768929;33,22311976;-1,491819483;-2,504911106;0,103538011;-0,489733736;0,655978302;0,048433801;-1,219856237;0,391380825;-5,105386333;-7,149133538;0,193983798;0,111503833;-0,005507359;47,34439465;3,603518166;1,056060424;0,54478983;1,547870156;2,285103863;-0,005929953;0,069765073;0,472305055;13,75402708;2,467474938;0,513659225;-0,356903093;0,016975644
49,96093582;8,312340268;1;0;0;0;1;0;5;13;5;3;0;0;tertiary;Laubenheim;2018;2;0;49,47876334;24,17180687;26,34941936;0,757085345;19,43248558;1,34256429;5,478189552;-0,566324614;-0,194428337;17,52754547;-0,011769405;-0,243733995;0,009615906;3,13526843;1,53109762;-0,262190817;0,1185005;2,181943155;33,22311976;0,442589128;0,905294439;0,267635791;-0,135415411;-10,36992861;0,022155428;0,555372026;0,186283366;-1,811465104;0,944101629;-0,059187534;0,011964618;-0,010712654;47,34439465;-1,354352865;-7,826255465;0,406099218;1,242062892;-11,12822884;-0,001116403;-0,039342614;-0,146198631;-1,930016472;-0,377191078;0,459802026;-0,450766029;0,150528962
49,97620312;8,270227987;0;1;0;0;0;0;8;9;4;2;0;0;secondary;Oberstadt;2018;2;1;19,44505125;41,0669893;39,48795795;0,791227438;19,43248558;-0,011985951;0,003077639;0,002974702;0,004231035;0,019287284;5,98581E-05;-0,000421014;-0,006516669;-0,063746315;0,08617104;0,001058278;-0,002017186;-0,019607032;33,22311976;-0,649711984;-1,683318721;0,081512096;-0,228740911;1,785120462;-0,032774133;0,290859971;-2,0795165;2,635576103;7,64661142;-0,031234302;0,021865245;0,087620795;47,34439465;-1,000378896;0,264650096;0,356289842;1,171144889;1,490612856;0,00686264;-0,278941013;-0,495473886;-16,38859265;8,82427638;0,259754403;-0,482693541;-1,583947822
50,00623408;8,271450093;0;1;0;0;0;0;11;19;2;6;2;0;primary;Altstadt;2021;2;2;13,21867853;17,07706749;69,70424652;0,453413935;19,43248558;-4,723831285;-0,236380064;-1,934844801;-0,895475456;-6,015733554;-0,024131342;0,09166233;4,353918536;-10,47620246;2,571176659;4,213123518;0,234547235;6,628363636;33,22311976;-1,261404044;-2,282536582;0,176577563;-0,377362772;0,512945901;-0,010194732;-1,16363192;0,368608752;-4,434168011;-6,400825832;-0,596580412;0,108913139;-0,786393315;47,34439465;3,626573584;1,026617523;0,761849172;1,535839439;2,064445067;-0,001678365;0,076136754;-0,694433449;13,97567462;2,355574177;-1,660163304;-0,332828141;-0,373755215
49,97321011;8,273690385;0;1;0;0;0;0;7;7;3;6;0;0;motorway;Hechtsheim;2019;2;2;19,64724809;34,85501409;45,4977423;0,774967573;19,43248558;-0,246865377;0,146674741;0,374946486;0,220688759;1,306246153;0,011387596;-0,021691085;1,530500702;0,379603873;-0,71592385;0,293361339;-0,052248895;-3,011917937;33,22311976;-1,593924735;-1,101002956;0,848786881;-0,37230599;1,487402229;-0,029132742;0,532534375;-0,163771161;6,061527841;-7,310862293;0,373896637;0,214267248;2,68447899;47,34439465;-0,043333637;0,752801872;0,748438393;1,062187482;1,292666644;0,001981782;-0,112040703;1,325763514;0,321991276;0,907769612;0,419969206;-0,303490605;-8,221357196
49,99654178;8,271141517;0;1;0;0;0;0;4;9;2;6;0;0;path;Altstadt;2016;2;2;10,29305756;16,62553847;73,08140397;0,401262098;19,43248558;-2,308891412;-0,191987286;-0,726732741;-0,457542391;-3,758398387;-0,009485993;-0,0650784;-0,007970277;-5,726238973;1,18500709;-0,616826378;0,140936595;3,403780531;33,22311976;-1,510567051;-2,463105217;0,127302203;-0,527068751;0,669360282;-0,026925511;0,694445344;-1,535443446;-4,887301488;-6,521986946;0,168661054;0,094629443;-0,879581209;47,34439465;3,616033555;1,062147805;0,554156895;1,561771808;2,291668438;-0,003748195;-0,012837317;0,120129653;13,83112413;2,551529521;0,518269084;-0,362277907;0,00904184
49,99988987;8,260860224;0;1;0;0;0;0;9;13;2;6;0;1;primary;Oberstadt;2019;2;2;8,823055774;16,11045152;75,06648898;0,370829398;19,43248558;-2,147020389;-0,140699657;-0,593389573;-0,390177313;-3,106608616;-0,010620112;0,029910749;-0,779107006;-5,934165361;0,939216905;-0,494765781;-0,573028388;2,591024733;33,22311976;-1,526169638;-2,540847583;0,125268575;-0,512469677;0,69714043;-0,012877512;0,484272599;0,466081353;-5,219712768;-7,413878827;0,196703547;-0,931502482;-0,924676257;47,34439465;3,621698844;1,052111503;0,592395056;1,212355902;2,175062261;-0,002375421;0,04147391;0,524698571;14,64057628;2,317984286;0,541988484;1,365730235;-0,361605584
50,01979317;8,227034769;0;1;0;0;0;0;12;11;5;3;0;0;residential;Mombach;2018;2;2;9,956374764;31,38047457;58,66314769;0,577171073;19,43248558;0,137334548;-0,399018649;-0,497034864;-0,089942198;-1,656908117;-0,006083807;0,062717327;0,697171277;1,005601645;0,018637536;-0,218325804;0,059936538;-8,590196252;33,22311976;5,580914812;13,59746391;-0,554315685;3,039123342;-11,20453146;0,070271154;14,33167203;0,850549493;-10,88422893;-25,33495565;-1,213184017;-0,101703415;9,980279225;47,34439465;0,272084381;1,16657742;0,75298843;1,063088966;1,762426336;-0,001073398;0,065440716;-0,491668313;-3,521534683;0,601279032;0,506605789;-0,386320369;9,528858726
49,99479036;8,280472675;0;0;0;0;1;0;11;3;0;1;2;1;secondary;Altstadt;2021;1;1;29,56599295;40,05108774;30,38291931;0,898985629;19,43248558;0,624404176;0,741494758;-0,983409245;0,188238111;8,624358524;-0,014603004;0,36089011;3,659282534;-9,307507519;5,077840905;1,17575699;-1,213630766;1,200391794;33,22311976;-0,557113125;7,960511731;0,471626138;-0,133947489;-6,400179376;-0,05896512;-1,034020203;-2,089017338;5,944755987;3,1713657;-0,097149177;-0,278601912;-0,071297841;47,34439465;-0,649112297;-3,45636596;0,625638485;-0,325133036;-4,566007817;0,012867991;0,055668256;-2,876550559;1,705314849;-8,810668259;-1,560921862;2,774617855;0,109177011
50,02025246;8,220749253;0;1;0;1;0;0;8;9;2;6;0;0;tertiary;Mombach;2016;2;1;25,65786242;37,19338775;37,14874983;0,884867287;19,43248558;-4,367896128;-0,403035033;-1,461845617;20,2111018;-7,114488707;-0,031382502;0,051393061;-0,086045614;-8,230325783;1,120223456;-1,305617132;0,621185182;7,222109864;33,22311976;0,870216957;2,479113915;-0,1472285;-8,562079006;-1,022622055;0,032967112;-0,772713037;1,781388954;3,137608469;6,408963091;-0,398882499;-0,137306101;0,300840684;47,34439465;1,617084858;0,623174728;0,281591077;-19,5192941;1,102225015;-0,001494005;-0,055049423;-0,035265832;5,839155266;1,231077345;0,225280857;-0,858481294;-0,645649314
50,02526062;8,209534037;0;1;0;1;0;0;5;16;5;3;0;0;secondary;Mombach;2016;1;1;31,6413641;44,68402863;23,67460877;0,816291534;19,43248558;0,459202192;-0,366461377;-0,673631543;7,777942228;-3,116003703;-0,016285669;-0,071490367;-0,492872285;3,268144026;1,010906899;-0,437390954;0,297591947;4,569227121;33,22311976;-0,381754866;-1,651848646;0,088780051;5,60889267;1,884212922;-0,00484828;0,668528385;0,528628227;1,092154936;3,590456448;0,214247781;0,017450088;-0,193990852;47,34439465;-0,231044251;0,488433904;0,345301063;-19,68888054;1,011941462;0,000733255;-0,069057349;0,010496574;-3,237629651;-0,059978649;0,221439693;-1,018028188;-1,443513213
50,00491426;8,218053774;1;1;0;0;0;0;7;18;5;2;0;0;secondary;Gonsenheim;2022;2;2;14,31539655;36,05454564;49,63004887;0,691454253;19,43248558;0,125319247;-0,444070736;-0,316688605;-0,345401922;-2,517997326;-0,008274032;-0,011532625;-0,303027172;1,460326638;-5,087589277;-0,165272009;0,148882661;2,348236122;33,22311976;0,332897262;-0,609719907;0,010596169;-0,095665056;0,702703971;-0,004436495;0,137644232;0,082872855;0,542971716;1,852949064;-0,050799838;0,009916004;-0,080504099;47,34439465;-0,643599559;0,501911151;0,217992328;0,806132717;1,062386642;0,001285565;-0,028306902;-0,015370609;-0,971852801;1,791909023;0,191497234;-0,22184461;-0,406485963
50,02738108;8,223413728;1;1;0;0;0;0;7;18;5;3;0;0;tertiary;Mombach;2018;2;2;20,29902637;34,25953686;45,44143975;0,781817536;19,43248558;0,147501293;-0,090121197;-0,134814086;-0,084535665;-0,961856713;-0,00301283;-0,00633482;-0,150742289;0,603998304;0,575552145;-0,13028692;0,035294572;1,065898992;33,22311976;0,248716406;-0,402951171;0,015083836;-0,06039264;0,359376982;-0,002308066;0,111005486;0,05786235;0,213216072;0,504584498;0,029943575;0,002767172;-0,040487398;47,34439465;3,937634928;-2,218646548;-1,116033463;-3,951509495;-5,509220119;0,003587179;0,118426015;-0,3978476;4,266927295;1,085226957;-1,289282736;1,172785513;1,994997167
49,9993068;8,209455166;0;1;1;0;0;0;1;17;6;4;2;0;residential;Gonsenheim;2022;2;1;30,60623705;42,80790985;26,58585012;0,853678513;19,43248558;3,776849257;-1,033524815;14,79835429;-0,204742828;-7,342091479;-0,051214308;-0,078965677;-3,467335697;20,37158711;11,35146148;10,11985067;0,152068019;-37,21854455;33,22311976;3,766560485;8,782453068;5,522387775;1,26760315;-6,86197644;0,043813925;4,782815949;-4,013157707;-3,861685404;-9,235694191;9,037977514;-0,09854635;0,45223831;47,34439465;-1,675002746;0,329343461;-3,539583647;0,201947877;0,697925469;-0,00026379;0,088241453;0,150738716;-8,641880361;-9,798081379;-3,946800017;-0,154595032;5,529465462
49,96037147;8,28037676;0;1;1;0;0;0;4;12;6;2;0;0;residential;Hechtsheim;2021;2;2;15,27772695;40,91200829;43,8102603;0,728005358;19,43248558;0,647176508;-0,394923686;2,410231055;-0,142602294;-1,808702471;-0,006377356;-0,018202099;0,321428779;3,744055233;-2,982689095;-0,259519518;0,063773368;-5,728407058;33,22311976;-0,585812152;-1,495823544;-0,666967035;-0,298374096;1,933683897;-0,010419641;0,339220935;0,334866182;1,902036159;6,626862678;0,025700124;0,023125413;-0,439210396;47,34439465;-0,742083254;0,575395421;-3,158354305;0,558694867;1,102296189;0,001680914;-0,01770277;-0,219290315;-8,772826314;1,548666175;0,478396736;-0,190264964;5,301257262
49,99757421;8,253811883;1;0;0;0;0;1;11;4;0;1;2;0;primary;Hartenberg-Münchfeld;2016;2;1;20,09673864;48,30433428;31,59893155;0,754333623;19,43248558;-0,789534972;-0,332216159;-0,241649426;0,00756837;-1,155186816;0,013758149;0,155406222;1,451756026;-3,359709936;2,762499775;0,794794995;0,077039331;1,279727494;33,22311976;1,757938077;9,742304376;0,219872781;-0,081364765;1,555082165;0,142326033;-1,029361162;-2,411442252;4,432140205;1,26018643;-0,380324434;0,027919266;-0,1540622;47,34439465;0,859346527;-3,261340886;0,289832671;0,301605803;1,200280331;-0,028257414;0,162740024;-1,734722729;1,455884991;-11,40756312;-2,168354435;-0,541997514;-0,872917351
49,95926265;8,266774625;1;1;0;0;0;1;2;9;5;3;0;0;unclassified;Hechtsheim;2018;2;2;21,12725824;33,938393;44,93435025;0,793624871;19,43248558;0,226013661;-0,135068727;-0,231286281;-0,107044081;-1,408400011;0,00454644;0,001097608;0,345155857;0,843323788;0,820414069;-0,191370252;0,047519315;1,479871272;33,22311976;0,20617887;-0,295372;0,019107232;-0,051828157;0,296629377;0,158287394;-0,075392783;-0,491204117;0,165317208;0,410095575;0,02620733;0,000340212;0,346907094;47,34439465;33,45232713;-18,45176388;-8,251726677;-31,03268074;-45,38536084;0,271545008;-0,151060979;11,46885957;36,64201094;7,588294313;-12,23813888;9,158468916;14,51918171
49,985296;8,258277498;0;1;1;0;0;0;9;10;6;4;0;0;residential;Oberstadt;2016;2;1;23,87441099;42,10535288;34,02023613;0,841779565;19,43248558;10,82631082;-4,017060874;39,96993998;-0,727131763;-25,55707646;-0,083042661;0,273381048;10,03477929;59,06231246;24,4955649;-8,008751565;0,573756598;-102,4010564;33,22311976;-2,827244034;-6,205939601;-2,633786899;-1,058088502;6,205879466;-0,04130054;0,985892434;-2,0555617;3,826819454;11,40222822;2,239502125;0,077157689;-1,033324995;47,34439465;-1,42959781;0,383536815;-3,076628989;0,353330497;0,871963505;-0,000368624;0,001240535;-0,304661239;-8,625655586;-8,050033243;1,146003575;-0,183173744;5,589885788
50,00107754;8,263922809;0;1;0;1;0;0;5;22;5;3;2;0;tertiary;Altstadt;2019;1;1;35,22468507;42,30527878;22,47003168;0,825894713;19,43248558;0,64458168;-0,264864376;-1,0517046;6,41462278;-2,626339825;-0,016893216;-0,056825769;3,724448564;2,009204534;0,925000296;1,588464975;0,247707143;4,254797303;33,22311976;-0,563653212;-1,572058598;0,217058899;4,5611361;1,476154178;-0,000638754;0,549160713;0,080129571;1,732523598;3,305688762;-0,567906549;0,008399454;-0,143835144;47,34439465;-0,254234471;0,473747556;0,443211393;-19,09310624;0,997432724;0,002379421;-0,081554881;-1,492793083;-2,916716274;0,070041122;-0,858050359;-0,914812937;-1,249906949
50,00061343;8,272207964;0;1;0;1;0;0;5;18;2;7;0;0;tertiary;Altstadt;2018;2;1;22,88670987;39,76073265;37,35255897;0,841918892;19,43248558;-2,189000481;-0,24479161;-0,779049483;11,35112103;-3,939464079;-0,019902278;-0,115002879;-1,163427959;-4,797397478;2,013128782;-0,709855824;0,38544922;3,662417326;33,22311976;-0,649720165;-2,832000213;0,139918452;7,104935462;1,512269021;-0,008901618;0,926577371;0,452047734;-3,625881439;3,204982872;0,400877206;0,069362472;-0,156854267;47,34439465;1,843166423;0,815013406;0,367100608;-23,350424;1,43908457;-0,002573553;-0,121397599;0,229582289;8,184376519;2,41046921;0,286022869;-1,20240031;-0,889856118
49,99506225;8,27610694;0;1;1;0;1;1;9;19;0;6;1;0;tertiary;Altstadt;2016;2;2;36,99864149;25,14580488;37,85555065;0,876963081;19,43248558;1,433717773;-0,158609288;6,160119371;0,070667237;11,3417779;-0,002613055;0,162841102;1,524069102;-5,984048752;1,288700302;0,384541196;0,17276135;1,172231665;33,22311976;-0,542768282;-0,945539276;-1,204139403;-0,173554623;-2,286626279;0,02384738;0,123133456;0,23921618;0,180329618;-3,07184511;-0,561563545;0,054662044;0,087532961;47,34439465;-0,684078559;0,546935171;-3,805363911;0,288333255;-5,320367282;-0,017610833;0,001397094;-0,759787692;-1,403093177;1,300161004;0,336896213;-0,284614488;0,312349198
50,0113603;8,217102723;0;0;0;1;0;0;9;20;0;1;2;1;tertiary;Mombach;2021;2;2;13,04147393;42,92545319;44,03306842;0,695471023;19,43248558;1,86831418;-1,460834958;-0,991722621;0,230512923;-2,570454658;-0,018714027;-0,215944388;2,481637852;-14,76800211;8,359101047;1,888088492;-2,970379943;1,777386552;33,22311976;-0,346768896;4,90123471;0,102629524;0,87817141;0,743287248;-0,020533834;0,209820524;0,438227276;2,106881433;0,921514138;-0,15729361;-0,177343968;0,102507468;47,34439465;0,412170809;1,538961738;-0,173842121;1,711202881;-0,5091769;-0,048945997;0,027350785;0,776009455;-7,057297808;4,609401489;0,911900306;-5,430903576;-0,078157296
49,9675362;8,223230794;0;1;0;0;0;1;6;11;1;6;0;0;motorway;Bretzenheim;2019;2;2;19,5790112;31,340307;49,0806818;0,742764938;19,43248558;-0,10958167;0,068933125;0,179290937;0,091097996;0,938910766;-0,007135304;-0,044082264;0,03677959;1,445939844;-0,065539781;0,196553273;0,006682199;-2,591323092;33,22311976;-0,570533808;-0,38497137;0,223688299;-0,119836955;0,398527669;0,01960331;0,230946928;0,053948872;0,308960449;-2,659659036;0,103824346;0,051122477;0,461566053;47,34439465;-1,207704948;9,317351787;7,954556294;12,96870232;24,07846582;0,038424405;-0,321895982;0,439705049;55,26175256;16,13108665;4,203553553;-2,763662506;-124,3640479
50,00082534;8,264714545;0;1;1;0;0;0;12;7;6;2;1;0;secondary;Altstadt;2021;2;1;19,80288625;41,5763706;38,62074316;0,795435573;19,43248558;-0,935034115;0,407869037;-2,494263354;0,259299024;2,216971179;0,00789458;-0,010100453;2,683402968;-4,773169703;5,139085897;-0,286067655;-0,089799427;-1,755687313;33,22311976;-0,51864766;-1,136527403;-0,444854896;-0,247160673;1,664135201;-0,011239536;-0,447631047;0,56109461;1,645742417;7,905406984;-0,987242513;0,020879015;0,349296336;47,34439465;-1,415396043;0,582191399;-3,942037676;1,038345849;1,616487164;0,002592987;0,18379721;2,263167487;-12,01261643;3,011463712;0,383470861;-0,274194639;-0,160923384
49,97514717;8,251630278;0;0;0;1;0;0;12;17;9;1;2;1;trunk_link;Bretzenheim;2021;2;0;43,1352824;39,63095844;17,23375916;0,75660693;19,43248558;1,12520634;1,415886044;-0,535030843;4,419858101;-2,230968175;-0,013991762;0,069560755;-0,747978929;8,577479731;8,663459955;1,287916447;-1,346698824;3,018097975;33,22311976;-0,369437888;4,627827335;0,096427244;1,241167179;0,975075401;-0,019292263;-0,888473134;0,507472361;0,307619845;0,042126834;-0,230583845;-0,085389538;0,203299146;47,34439465;-0,589060148;-2,899580841;0,318798406;-11,26715416;0,850287351;0,017560923;0,248405852;0,296474332;-14,2616919;-8,122677224;-1,133435451;7,002669548;-0,571232185