Latitude;Longitude;IstRad;IstPKW;IstFuss;IstKrad;IstSonstig;TagKategorie;Monat;Stunde;Unfallart;Unfalltyp;Lichtverhältnisse;Straßenverhältnisse;Straßenart;Stadtteil;Jahr;Unfallklasse Wahr;Unfallklasse Bestimmt;Wahrscheinlichkeit Klasse 0;Wahrscheinlichkeit Klasse 1;Wahrscheinlichkeit Klasse 2;Unsicherheits-Score;Base-Value Klasse 0;SHAP_0_IstRad;SHAP_0_IstPKW;SHAP_0_IstFuss;SHAP_0_IstKrad;SHAP_0_IstSonstig;SHAP_0_TagKategorie;SHAP_0_Monat;SHAP_0_Stunde;SHAP_0_Unfallart;SHAP_0_Unfalltyp;SHAP_0_Lichtverhältnisse;SHAP_0_Straßenverhältnisse;SHAP_0_Straßenart;Base-Value Klasse 1;SHAP_1_IstRad;SHAP_1_IstPKW;SHAP_1_IstFuss;SHAP_1_IstKrad;SHAP_1_IstSonstig;SHAP_1_TagKategorie;SHAP_1_Monat;SHAP_1_Stunde;SHAP_1_Unfallart;SHAP_1_Unfalltyp;SHAP_1_Lichtverhältnisse;SHAP_1_Straßenverhältnisse;SHAP_1_Straßenart;Base-Value Klasse 2;SHAP_2_IstRad;SHAP_2_IstPKW;SHAP_2_IstFuss;SHAP_2_IstKrad;SHAP_2_IstSonstig;SHAP_2_TagKategorie;SHAP_2_Monat;SHAP_2_Stunde;SHAP_2_Unfallart;SHAP_2_Unfalltyp;SHAP_2_Lichtverhältnisse;SHAP_2_Straßenverhältnisse;SHAP_2_Straßenart
50,00587882;8,216329033;0;1;0;0;0;0;11;11;2;6;0;0;tertiary;Gonsenheim;2017;2;2;10,23692265;16,58333689;73,17973971;0,399782206;19,43248558;-2,295603059;-0,195050783;-0,71522778;-0,447887067;-3,687572543;-0,010290892;0,052575309;-0,002330346;-5,639915902;1,071516101;-0,608574426;0,138942805;3,143855651;33,22311976;-1,432222472;-2,391883255;0,090365442;-0,471674055;0,619174393;-0,012754552;-1,341565887;0,23079081;-5,029204792;-6,91317676;0,192510254;0,117011295;-0,297153292;47,34439465;3,632579066;1,061023244;0,556286815;1,547956821;2,296340818;-0,003859947;0,070190994;0,154074236;13,80303786;2,535743444;0,516327248;-0,358375017;0,02401948
49,96323809;8,28099833;1;1;0;0;0;0;11;18;0;5;2;0;tertiary;Hechtsheim;2016;2;2;18,13566536;35,21412909;46,65020406;0,751450543;19,43248558;-0,223981651;0,011929544;-0,224717029;-0,006855114;-0,845405735;-0,008837825;0,218866237;-0,273915649;-1,181120319;-0,169973143;0,623074284;0,04804445;0,736071727;33,22311976;-25,08378583;42,69372449;-2,184356677;3,877051807;-22,15436696;0,252047762;23,15067644;-2,049167933;-11,69636061;-19,19011719;10,40740326;-0,371764332;4,340025096;47,34439465;-0,199579752;0,13083172;0,122671174;0,134107751;0,303936504;-0,000162957;0,022572763;0,097439054;-0,545188591;-0,204990462;-0,367321276;-0,094452028;-0,094054492
50,00272104;8,21003774;0;1;0;0;0;0;7;8;1;6;0;0;secondary;Gonsenheim;2017;2;2;10,06429866;22,88389951;67,05179811;0,482181474;19,43248558;0,289370266;-0,201096912;-0,458393544;-0,166083476;-2,278441717;-0,012658301;0,026301728;-0,313751792;-7,610143192;0,133091773;-0,537510038;0,036545787;1,724582495;33,22311976;-1,50341418;-2,137801787;0,132317397;-0,390018535;1,006503942;-0,017180626;0,481693643;-1,49539118;0,743116856;-7,254592816;0,263932764;0,128950016;-0,297335746;47,34439465;0,007544446;0,747695275;0,63167751;1,399650319;2,233381763;-0,000695628;-0,053896303;1,521939939;9,579198143;3,224201677;0,601375952;-0,341370306;0,156700662
49,98318423;8,301209963;1;1;0;0;0;0;6;13;1;5;0;0;tertiary;Weisenau;2021;2;2;10,85112244;31,3108325;57,83804655;0,591951972;19,43248558;0,264703019;-0,200380119;-0,329727573;-0,17421191;-2,373861876;-0,023922469;0,112923319;0,166203539;-7,221366053;-0,114096216;-0,431788232;0,116780233;1,627381193;33,22311976;-0,680038527;1,117177446;-0,033894003;0,122847834;-0,792645156;0,008403557;-0,144173095;-0,247153125;-0,376468541;-0,833602725;-0,118105063;-0,009039265;0,074403403;47,34439465;-1,013111781;0,562355237;0,276567191;1,080260197;1,678362845;-0,000939652;-0,02999004;0,091961161;8,367964716;-0,774085163;0,447620189;-0,284572828;0,091259825
49,96623846;8,314047316;0;1;0;0;1;1;4;15;1;2;0;0;secondary;Laubenheim;2016;2;2;21,7525512;30,81923723;47,42821753;0,77446698;19,43248558;-0,069089811;-0,676086914;-0,445376978;-0,170172872;8,598000054;0,010158549;-0,079882484;-0,302697052;-3,249300598;-2,188695286;-0,243852225;0,053084286;1,083976946;33,22311976;-0,120809964;-1,112943869;0,342528498;-0,317574899;-8,49263627;0,057906743;0,66526825;0,585947193;0,777134789;5,679519203;-0,170209116;0,031298859;-0,329311946;47,34439465;-0,005529868;0,059774973;0,035441935;0,064247829;-0,490080493;-0,001118024;-0,00255377;0,002394392;0,294392801;0,115310146;0,017211909;-0,01880018;0,013131225
50,00375423;8,261294726;1;1;0;0;0;0;4;17;5;3;0;0;residential;Neustadt;2019;2;2;9,383092821;33,93981457;56,67709708;0,590320892;19,43248558;0,391707881;-0,318052494;-0,294181127;-0,095549595;-1,722052672;-0,010152141;-0,04925396;-0,303387293;0,359391066;0,42717766;-0,205184974;0,059908898;-8,289764011;33,22311976;0,230313745;-0,31204308;0,010866408;-0,055990715;0,28554578;-0,002374584;0,117569439;0,071370846;0,148758761;0,365542258;0,024057256;0,001961975;-0,168883283;47,34439465;-1,924378199;1,012272847;0,474330777;0,960497087;1,704303929;-0,001349509;-0,002110412;0,106481029;-1,427362686;-0,012555571;0,412488765;-0,367121736;8,397206107
49,96078495;8,313721797;1;0;0;0;0;0;9;12;4;6;1;0;tertiary;Laubenheim;2020;2;1;24,33176488;40,579319;35,08891761;0,856849056;19,43248558;-2,520195455;0,408073008;-0,16333342;-0,273936396;-2,103256775;-0,011318527;-0,014958749;-0,073244557;6,369384509;1,402573708;0,062403012;0,069218521;1,747870416;33,22311976;2,223900297;5,435384288;0,066017984;-0,02797901;1,331623385;-0,038067831;0,112179588;0,252563082;0,130467372;-2,147361154;-0,387061824;0,036154851;0,36837821;47,34439465;6,345696215;0,922630518;0,210141443;1,789440482;3,006958163;-0,001118448;-0,09633103;-0,032624031;-22,3347036;-0,803159006;0,465978133;-0,482422292;-1,245963592
50,02645004;8,22654637;1;1;0;0;0;1;5;17;5;3;0;0;secondary;Mombach;2022;2;2;20,38978785;34,45207477;45,15813589;0,784844391;19,43248558;0,153910757;-0,095172282;-0,138151341;-0,091050128;-1,009518392;0,003885399;-0,027845015;-0,170574954;0,639286302;0,618121747;-0,135939617;0,036862106;1,173487689;33,22311976;0,291691505;-0,413724139;0,016046127;-0,068044521;0,402250508;0,013301003;0,154328948;0,093486593;0,228970094;0,525496426;0,034236524;0,002791245;-0,051875307;47,34439465;6,966605075;-3,805954232;-1,968954947;-6,82040811;-9,412227257;0,058303915;0,206314104;-0,699150124;7,259343009;1,822097571;-2,213533949;1,99706579;4,424240391
50,01249313;8,265485561;1;1;0;0;0;0;4;11;5;2;0;0;path;Neustadt;2021;2;2;15,01212865;35,65530479;49,33256507;0,700742542;19,43248558;0,129993691;-0,457934981;-0,385659263;-0,336575695;-2,569173075;-0,007786563;-0,03954308;0,726605369;1,477997604;-5,128965482;-0,186347814;0,140892344;2,216140013;33,22311976;0,358908863;-0,588668558;0,016956331;-0,104990961;0,716570228;-0,005925006;0,176299045;-0,012179101;0,475467388;1,881707882;-0,068963861;0,007120455;-0,420117677;47,34439465;-0,644397858;0,5150356;0,22958093;0,82152557;1,103728793;0,001325247;-0,029823496;-0,486115368;-1,004242998;1,765030903;0,238822194;-0,224091158;-0,298207945
49,97797852;8,311508077;1;0;0;0;0;0;3;19;0;1;2;0;secondary;Weisenau;2016;2;1;16,25155956;53,55977416;30,18867075;0,673476309;19,43248558;-2,405280069;-0,755158837;-0,631373546;0,05361475;-3,616850071;-0,015837754;0,455372814;0,8053798;-10,21947612;8,295368725;2,215130893;0,238486515;2,399696867;33,22311976;1,694177683;9,570945431;0,150677387;-0,07910904;1,537113153;-0,034307751;0,539126772;0,943080328;4,291723609;1,784137527;-0,158913236;0,032912007;0,065090527;47,34439465;0,778756096;-4,008100222;0,363617342;0,419163042;1,511201002;0,000350353;-0,062390046;-0,42021447;0,994823256;-14,03267171;-1,897082758;-0,766976606;-0,03619918
49,97356985;8,281229906;1;0;0;0;0;1;4;17;0;1;0;1;tertiary;Hechtsheim;2019;1;1;13,80436718;51,78230405;34,41333175;0,670702695;19,43248558;-1,232826544;-0,528263108;-0,198315363;0,112304298;-2,294524046;0,017143469;-0,052976462;-0,612706003;-6,376834687;5,349957;-0,370118242;-0,798502355;1,357543645;33,22311976;1,478030398;8,520882899;0,098527499;-0,077024415;1,488629465;0,101165983;0,669039938;0,648041936;3,942307591;1,753971305;0,044252885;-0,230848297;0,1222071;47,34439465;-0,037234969;-5,262156678;0,265880903;-0,348452011;2,10650323;-0,079090375;-0,053019641;0,23055345;1,163450311;-16,1513008;0,735617123;4,164109749;0,334076797
49,97713217;8,291388589;0;1;0;0;0;0;4;17;5;3;0;0;unclassified;Weisenau;2019;2;2;20,48942447;35,65977514;43,85079443;0,79469706;19,43248558;0,138559038;-0,092872717;-0,183642635;-0,074643557;-0,829515586;-0,002784481;-0,014247022;-0,196889501;0,909439786;0,43619907;-0,121964995;0,03349026;1,055811224;33,22311976;-0,190732411;-0,597687883;0,025353452;-0,104668828;0,436491497;-0,05128051;0,29398012;0,34661263;0,349756857;0,921440251;0,045606251;0,00249791;0,959286041;47,34439465;115,5111449;-613,9810265;-504,2452052;-1034,041631;-1425,901519;0,74737801;29,71435167;-120,5282834;3112,470679;-122,1082865;-347,1309351;320,0655937;585,9341401
50,00342009;8,262242975;1;0;0;0;1;0;6;22;0;6;1;0;primary;Neustadt;2018;2;1;24,62524474;39,47453499;35,90022027;0,865760993;19,43248558;-0,216486779;1,412433584;-0,585853002;0,018619056;9,975013324;-0,039142764;-0,549286905;1,946838955;-9,46722122;0,463899939;0,20382467;0,188127076;1,84199322;33,22311976;3,067506521;7,611487193;0,252930818;-0,138789063;-7,135306985;-0,051979947;0,484520438;2,038978054;3,470694642;-2,57514122;-0,407839581;0,070735129;-0,436380772;47,34439465;-0,968750308;-5,086260823;0,342805457;0,46167046;-6,7270856;0,004950553;0,015662345;-2,07388271;1,857905125;0,841044484;0,288253883;-0,404765931;0,004278684
49,97771423;8,287948753;0;1;0;0;0;0;9;15;2;6;0;0;tertiary;Weisenau;2018;2;2;9,823393822;17,24391878;72,93268442;0,402543501;19,43248558;-2,193840268;-0,182200939;-0,651205767;-0,439021422;-3,524997039;-0,008991092;0,013536767;-0,972069003;-5,344180937;1,082735471;-0,546000526;0,13573225;3,021410745;33,22311976;-1,592194363;-2,724214004;0,097001931;-0,572094224;0,733828459;-0,014056741;0,550959575;0,53835308;-5,558359258;-7,459270879;0,209552964;0,133818004;-0,322525529;47,34439465;3,554255156;1,042210171;0,537064753;1,536139982;2,247519612;-0,003389375;0,008491523;0,511002545;13,54505924;2,500826277;0,44695948;-0,366187916;0,028338324
49,9939851;8,277959529;0;1;1;0;0;0;6;16;6;4;0;1;tertiary;Altstadt;2020;2;1;34,26661491;40,574193;25,15918911;0,865770143;19,43248558;1,674207362;-0,265567174;4,093418539;-0,155965821;-3,141693846;-0,012879338;0,003238025;-1,412387269;7,829697647;4,854292983;-1,394201805;-0,373617396;3,135587422;33,22311976;-1,051050581;-2,456949162;-0,796011057;-0,385380788;2,336557537;-0,015164495;0,689781039;1,369264096;1,506630783;5,074067183;0,837209483;-0,330737074;0,572856275;47,34439465;-2,352457092;0,301556781;-3,510871327;0,325191183;1,096860836;-0,000133553;-0,002619312;0,144382532;-10,07746686;-10,15466753;1,493857803;0,688151458;-0,136990466
49,99605255;8,267623757;1;0;0;0;0;0;7;15;0;7;0;0;unclassified;Altstadt;2018;2;1;13,5225296;51,67396069;34,80350673;0,668863782;19,43248558;-0,732118773;0,663410865;-0,414451224;-0,015067934;-3,04723412;-0,011191223;-0,382493157;-0,324086285;-5,093905547;2,633692618;-0,476473441;0,185824743;1,104137498;33,22311976;1,275467207;7,452075902;0,116558717;-0,07227662;1,626968984;-0,156089065;0,614509375;0,517360798;2,760838643;1,428804776;0,028463463;0,012531467;2,845627276;47,34439465;-2,016006639;-10,34336801;0,52446124;1,026015928;3,941520676;-0,002754797;-0,05653602;-0,033517458;-4,118860445;-1,956622745;1,005296297;-1,03105216;0,520536205
49,91599692;8,254656081;0;1;0;0;0;0;8;16;2;6;0;0;secondary;Ebersheim;2016;2;2;9,620387852;16,7792052;73,60040545;0,39282045;19,43248558;-2,230694193;-0,177013908;-0,664033911;-0,456086017;-3,624229647;-0,010444132;0,024706613;-1,235428341;-5,527259066;1,136555934;-0,57168545;0,141936148;3,381578238;33,22311976;-1,63503237;-2,776511898;0,111658313;-0,586347975;0,752737309;-0,01363302;0,653237201;0,522714709;-5,706372004;-7,575654141;0,21357449;0,139291214;-0,543576386;47,34439465;3,604652165;1,01993742;0,539589869;1,535487257;2,177165047;-0,003630983;-0,030306852;0,599068202;13,84722408;2,443208375;0,443820262;-0,365748518;0,445544474
49,99901925;8,257301938;1;1;0;0;0;1;9;13;5;3;0;0;primary;Hartenberg-Münchfeld;2021;2;2;22,34386802;33,96448791;43,69165003;0,81488054;19,43248558;0,278405487;-0,148346938;-0,251240979;-0,166941245;-1,592500873;0,011584011;-0,012723024;-0,030118142;1,268749058;1,004654195;-0,218532364;0,055644154;2,712749094;33,22311976;0,188617397;-0,294522396;0,015421318;-0,042391803;0,277680906;0,007398719;0,059915958;0,066861165;0,165396071;0,393019801;0,024547452;0,002273834;-0,122850275;47,34439465;-5,651682013;3,312767124;1,704088142;6,105294966;8,286696565;-0,058943633;0,080766529;-0,271882614;-7,598953773;-1,336407255;2,258653828;-1,732972103;-8,750170385
50,00188344;8,260123067;0;0;1;0;1;1;2;15;6;4;0;0;residential;Neustadt;2017;2;0;55,57237864;24,5944038;19,83322352;0,663875695;19,43248558;0,71960449;8,177363909;7,450510282;-0,084898894;20,69089767;0,023394815;0,021441153;-0,019575698;8,370456849;3,474648182;-0,754171626;0,107999231;-12,03777731;33,22311976;-0,470527706;1,618052571;-2,128656647;-0,154007096;-9,513696003;0,071834307;-0,459149288;0,631084368;-0,073206567;1,471697177;0,099282278;0,016098155;0,262478495;47,34439465;-1,881597512;-5,646892187;-3,67650082;0,365508972;-6,781205871;-0,011477636;0,006251874;-0,042241283;-9,151353721;-8,970754055;1,318676104;-0,251348614;7,211763616
49,99433087;8,279971119;1;0;0;0;1;0;8;18;4;6;0;0;tertiary;Altstadt;2021;2;0;50,57556033;25,60477555;23,81966263;0,740904961;19,43248558;-2,774589813;2,700809063;-0,3629428;-0,364655473;16,8250083;-0,022331699;-0,148266213;-0,464227;11,18509777;2,382571362;-0,25375329;0,128629156;2,311725384;33,22311976;3,187053628;7,046404512;0,27784336;-0,104315387;-14,68667813;-0,082701449;0,834297961;0,090627103;-0,629357693;-4,570297921;-0,117351872;0,100874142;1,035257532;47,34439465;4,937676801;-0,69856836;0,265708403;1,200746389;-10,46242349;-0,001526387;-0,142757781;0,124551779;-17,25110363;-0,822223087;0,301747504;-0,392958845;-0,583601317
50,01178317;8,2274177;0;1;0;0;0;1;4;18;5;2;0;0;secondary;Gonsenheim;2019;1;2;15,5666545;36,43004596;48,003304;0,715275779;19,43248558;0,520901288;-0,501513049;-0,501116649;-0,374699813;-2,45252658;0,01221712;-0,036008217;-0,44282546;2,748254755;-5,448245523;-0,178193059;0,157911782;2,630012325;33,22311976;-0,21072558;-0,612098133;0,015351803;-0,130846641;0,669670131;0,013805969;0,202419627;0,095266599;0,754497831;2,556678721;-0,062269585;0,011381059;-0,096205599;47,34439465;-0,073357937;0,247165614;0,179659078;0,401249167;0,503953852;-0,006016344;-0,013980771;0,005487838;-1,246148154;0,89999323;0,095649045;-0,108660651;-0,226084618
49,98367024;8,176302351;0;1;1;0;0;0;12;6;6;4;2;1;secondary;Finthen;2017;2;0;48,87567759;34,56682265;16,55749828;0,719505454;19,43248558;1,778755548;-0,279187805;7,076607183;-0,09481869;-3,295780432;-0,013948757;-0,007303261;-3,208466598;9,557093278;7,595850099;6,573312945;-0,344463957;4,105542451;33,22311976;0,468995125;0,991617304;0,799894627;0,145146816;-0,821638799;0,007911639;0,629220367;-0,620381531;-0,290736452;-1,085374717;1,149492027;0,154524245;-0,184967764;47,34439465;-2,562457086;0,244547128;-4,066056875;0,157059108;0,858609798;0,005665195;0,07190217;1,056033115;-9,548712879;-11,81354999;-5,270851287;0,505987768;-0,425072542
49,96741907;8,234318956;1;1;0;0;0;1;3;16;5;2;0;0;tertiary;Bretzenheim;2019;2;2;14,15944546;36,22232676;49,61822629;0,689875348;19,43248558;0,15731223;-0,455255472;-0,317362513;-0,346027004;-2,58153127;0,011583012;-0,004128108;-0,289310165;1,436418314;-5,097644953;-0,157815998;0,142679407;2,228042401;33,22311976;0,36184258;-0,518264558;0,005302941;-0,098255472;0,69578227;0,020915622;0,108282373;0,197580867;0,495359052;1,842301344;-0,051218086;0,006466213;-0,066888153;47,34439465;-0,592575489;0,476158276;0,202584322;0,761438326;1,010899618;-0,011014165;-0,012868027;-0,017921024;-0,912464512;1,690661838;0,18098852;-0,205461458;-0,296594589
50,00328906;8,274255247;0;1;0;0;1;0;6;21;3;2;0;0;primary;Altstadt;2017;2;2;22,82069772;30,66395819;46,51535153;0,790928239;19,43248558;-0,233768083;-0,875133241;-0,578990111;-0,26672339;6,560483702;-0,044579805;0,102348947;1,313013908;-1,713099159;-3,070139538;-0,098997496;0,106458741;2,187337666;33,22311976;-0,202583698;-0,923316207;0,302052857;-0,222195446;-6,879065291;-0,012599262;0,308738052;0,461767973;1,528309461;4,106916144;-0,132623946;0,026156931;-0,920719135;47,34439465;-0,622261885;-1,43579346;-0,842689066;-1,56889773;7,389035099;-0,083373675;0,305699788;1,194866971;-1,34841691;-5,071766868;-0,327122749;0,469910019;1,111767346
49,95984198;8,233761426;0;1;0;0;0;0;7;6;2;6;0;1;motorway;Marienborn;2017;2;2;13,91359419;26,24842525;59,83798504;0,588329242;19,43248558;-1,323108971;-0,112311159;-0,510700628;-0,341802387;-2,892153127;-0,007324207;0,021973388;-1,523174282;-3,427198752;1,021983844;-0,462563246;-0,385218128;4,422706257;33,22311976;-0,853788937;-0,72048373;0,412625507;-0,291014634;0,441452238;-0,011089444;0,332554598;0,509420612;-3,046099537;-4,678583622;0,161718243;-0,565378227;1,333972415;47,34439465;3,287674257;1,805016214;1,405556187;1,82784602;4,596532912;-0,057233365;-0,131465274;2,085794756;14,49592772;1,532760255;0,878408543;1,864998336;-21,09822618
49,98155899;8,246068533;0;1;0;0;0;0;4;9;5;3;0;0;residential;Bretzenheim;2018;2;2;9,920506179;31,40298128;58,67651105;0,576768965;19,43248558;0,139512149;-0,395235859;-0,490281981;-0,089393523;-1,645701569;-0,005627139;-0,038767712;0,645254187;0,98545869;0,166780644;-0,219370694;0,059676796;-8,624283392;33,22311976;5,043403738;11,83433557;-0,758010432;2,802199067;-9,931290153;0,18314807;-3,695616421;16,81236675;-8,540483583;-22,20046317;-1,501136828;-0,084308903;8,215717813;47,34439465;0,275459784;1,139114787;0,749243653;1,077704897;1,764527012;-0,000955508;-0,007179306;-0,473748135;-3,498900449;0,59699997;0,514043742;-0,394909982;9,590715931
49,96860446;8,258442171;0;1;0;0;0;0;12;18;2;6;2;0;motorway;Bretzenheim;2019;2;2;17,06771851;26,66336298;56,26892447;0,646072026;19,43248558;-1,210062443;-0,079982999;-0,562771313;-0,328110281;-2,401367075;-0,005644653;0,05364337;-0,653606494;-3,02895621;0,715647149;1,211702402;0,073049934;3,851691536;33,22311976;-0,675413681;-0,705299199;0,365594396;-0,194382532;0,3669895;-0,004021368;-0,948019897;0,146560226;-2,389175754;-3,579831195;-0,275800931;0,063496148;1,269547505;47,34439465;4,202810717;2,297293036;2,013069312;2,823636027;5,3954558;-0,053508988;0,075275846;1,761920267;17,53782956;2,744120338;-3,066188465;-0,631469933;-26,17571369
50,00485021;8,264319306;0;1;0;0;0;1;8;1;1;6;2;0;primary;Neustadt;2022;2;2;18,15920323;24,79858994;57,04221129;0,639748637;19,43248558;1,917651223;-0,744409284;-3,174191203;-0,659745991;-9,135959416;0,120518933;0,445973912;17,46597359;-30,30132044;2,909686414;8,769073829;0,129112388;10,98435369;33,22311976;-1,267557883;-1,74075527;0,186217448;-0,22533703;0,627661303;0,032824249;0,363456006;-0,565207172;0,52848601;-5,173291589;-0,539722764;0,091354832;-0,742657957;47,34439465;-0,039968961;0,694796776;0,921936358;1,371266494;2,180052769;-0,026678874;-0,029303917;-5,529557063;10,56506088;2,800707088;-2,124946116;-0,323237281;-0,762311517
50,002633;8,268843142;1;1;0;0;0;0;8;13;1;5;0;0;residential;Altstadt;2021;1;2;5,793011189;30,36865592;63,83833289;0,495349578;19,43248558;0,257034411;-0,294724261;-0,289614739;-0,073252882;-1,618281652;-0,017390041;0,032511293;0,362556456;-4,636244971;-0,648847014;-0,263758586;0,072686747;-6,522149158;33,22311976;-1,198674348;1,888085348;-0,065191982;0,215222815;-1,325091851;0,01390065;-0,221168144;-0,38496555;-0,789029451;-1,418258403;-0,200708775;-0,018245879;0,649661727;47,34439465;-1,424226494;0,902036053;0,411917787;0,939899066;1,823929968;-0,001234377;-0,020153538;0,073004308;7,764137515;-0,664193492;0,495290209;-0,307638318;6,501169551
49,95841123;8,232080317;0;1;0;0;0;0;5;5;2;6;1;1;motorway;Marienborn;2018;2;2;19,24587935;25,35065711;55,40345907;0,664753092;19,43248558;-0,626334778;-0,039805598;-0,297220111;-0,155079937;-1,363674721;-0,003933035;0,003592698;1,093255196;-1,589146498;0,580684068;0,171121088;-0,172360513;2,212295908;33,22311976;-0,804402931;-0,696357371;0,431011633;-0,240589182;0,384184596;-0,007284616;0,313185055;-0,914549342;-2,368553207;-3,891936492;-0,687175353;-0,490707681;1,100712236;47,34439465;3,740948881;2,028838895;1,716029429;2,036556843;5,208306996;-0,03790596;-0,176134539;-2,242162495;16,2231127;1,397830831;0,522568428;2,060370717;-24,41929631
50,01017881;8,265504339;0;1;0;0;0;1;8;16;3;6;0;0;secondary;Neustadt;2022;2;2;19,11477447;29,08453047;51,80069208;0,709845796;19,43248558;-0,222721195;0,133681946;0,312685964;0,148894919;1,052985487;-0,016392978;0,01239236;0,362329374;-0,129763835;-0,560321812;0,213011659;-0,055467556;-1,569025452;33,22311976;-1,250418558;-1,961533836;0,070613045;-0,302044003;0,933496122;0,056554391;0,447269322;0,484777101;2,957542242;-5,477588276;0,183475615;0,133650621;-0,414383076;47,34439465;0,221958147;0,650533388;0,572738383;1,150945963;1,234199058;-0,0268772;-0,031283054;0,289064286;-1,469041723;2,291367495;0,393530484;-0,356388271;-0,464449531
50,01507532;8,243789391;0;0;0;0;1;1;9;10;2;6;0;0;secondary;Neustadt;2022;0;0;39,38157558;22,55270928;38,06571662;0,837889602;19,43248558;-0,924562646;4,69477012;-0,686111039;-0,204267337;15,65116199;0,008625845;0,060019269;0,263540239;-1,438975713;0,34145508;-0,296133442;0,103159353;2,376408277;33,22311976;-1,070719549;4,372869628;0,293493974;-0,35525967;-7,253177304;0,159512102;0,359455266;-0,489743108;-2,473337714;-4,36788032;-0,00729215;0,11697637;0,044691994;47,34439465;9,344653547;-28,40310771;1,856935004;4,291029339;-38,34269917;-0,030633335;0,039503377;-0,25625795;30,25078369;7,636371794;1,426418046;-1,336792181;4,245117525
50,01013396;8,243065017;1;0;1;0;0;0;6;7;6;4;0;0;tertiary;Hartenberg-Münchfeld;2017;1;1;22,21341878;40,7174319;37,06914485;0,830235296;19,43248558;-0,984368305;0,953648626;0,970266097;-0,110079243;-2,192766144;-0,005931387;0,000821859;-1,846877084;3,04859698;2,171232571;-0,727757049;0,043287716;1,460858562;33,22311976;1,164483352;3,892533758;-0,738116215;-0,090813609;1,758859727;-0,028284368;0,252133461;-0,661068701;-0,033069529;1,22248707;0,195903209;0,009379617;0,54988437;47,34439465;5,815758225;-3,947812052;-1,426797042;1,259536229;2,474480711;-0,001536692;0,162593298;2,977454426;-10,13121517;-9,932289385;2,108675058;-0,400047842;0,765950429
49,97290451;8,271202658;0;1;0;0;1;0;3;7;3;6;0;0;secondary;Hechtsheim;2017;2;2;22,03395218;27,75033712;50,21570921;0,741970793;19,43248558;-0,548717019;-0,764828763;-0,562727269;-0,184849059;6,794122829;-0,019854255;0,086899864;-1,960496936;-2,71767864;0,78640128;-0,278505382;0,076845569;1,894854374;33,22311976;-0,40666922;-0,782198244;0,152245222;-0,198681432;-2,740100668;-0,008083793;0,061084986;0,097602942;1,759465861;-3,438416824;0,092069187;0,086901819;-0,148002474;47,34439465;0,608907141;1,213211064;0,74129648;1,331804786;-6,940524012;0,008703279;0,020010158;2,173732984;1,519317569;2,381320834;0,584407549;-0,428815191;-0,342058084
50,02095216;8,220691567;1;1;0;0;0;1;4;9;5;2;0;0;tertiary;Mombach;2020;1;2;15,12865275;35,24010479;49,63124692;0,699833006;19,43248558;0,13854394;-0,451817239;-0,382786832;-0,329234675;-2,506838308;0,011619275;-0,044830896;0,696481141;1,437954529;-4,971804013;-0,180537798;0,136534124;2,142883921;33,22311976;0,352915453;-0,509860802;0,02392506;-0,102741986;0,69726991;0,0488441;0,173638151;-0,862694674;0,471293291;1,860104173;-0,042944412;0,004972465;-0,097735695;47,34439465;-0,740178332;0,591764101;0,26407076;0,945389082;1,268414619;-0,014435379;-0,035077263;-0,501728767;-1,159366932;2,027149889;0,27199726;-0,256493707;-0,374653061
49,97811068;8,248907456;1;1;0;0;0;0;6;12;5;3;0;0;tertiary;Bretzenheim;2020;1;2;20,43398768;34,20876265;45,35725415;0,783759104;19,43248558;0,165372202;-0,102099415;-0,158809249;-0,091768608;-1,040295899;-0,003080592;0,001823698;-0,015810475;0,653550957;0,596951968;-0,146042106;0,035921064;1,10578855;33,22311976;0,241951575;-0,382419111;0,014679583;-0,059688281;0,347369279;-0,00227008;0,098911631;0,040453783;0,202973092;0,474617018;0,031039189;0,001657177;-0,023631972;47,34439465;4,577411278;-2,58614806;-1,292416036;-4,603349301;-6,441393762;0,004184317;0,146511651;0,126424115;5,007906282;1,158151341;-1,739640367;1,351044485;2,304173548