Latitude;Longitude;IstRad;IstPKW;IstFuss;IstKrad;IstSonstig;TagKategorie;Monat;Stunde;Unfallart;Unfalltyp;Lichtverhältnisse;Straßenverhältnisse;Straßenart;Stadtteil;Jahr;Unfallklasse Wahr;Unfallklasse Bestimmt;Wahrscheinlichkeit Klasse 0;Wahrscheinlichkeit Klasse 1;Wahrscheinlichkeit Klasse 2;Unsicherheits-Score;Base-Value Klasse 0;SHAP_0_IstRad;SHAP_0_IstPKW;SHAP_0_IstFuss;SHAP_0_IstKrad;SHAP_0_IstSonstig;SHAP_0_TagKategorie;SHAP_0_Monat;SHAP_0_Stunde;SHAP_0_Unfallart;SHAP_0_Unfalltyp;SHAP_0_Lichtverhältnisse;SHAP_0_Straßenverhältnisse;SHAP_0_Straßenart;Base-Value Klasse 1;SHAP_1_IstRad;SHAP_1_IstPKW;SHAP_1_IstFuss;SHAP_1_IstKrad;SHAP_1_IstSonstig;SHAP_1_TagKategorie;SHAP_1_Monat;SHAP_1_Stunde;SHAP_1_Unfallart;SHAP_1_Unfalltyp;SHAP_1_Lichtverhältnisse;SHAP_1_Straßenverhältnisse;SHAP_1_Straßenart;Base-Value Klasse 2;SHAP_2_IstRad;SHAP_2_IstPKW;SHAP_2_IstFuss;SHAP_2_IstKrad;SHAP_2_IstSonstig;SHAP_2_TagKategorie;SHAP_2_Monat;SHAP_2_Stunde;SHAP_2_Unfallart;SHAP_2_Unfalltyp;SHAP_2_Lichtverhältnisse;SHAP_2_Straßenverhältnisse;SHAP_2_Straßenart
49,9975863;8,253390653;1;0;0;0;0;0;10;18;0;1;1;0;primary;Hartenberg-Münchfeld;2021;1;1;16,57577306;51,0584414;32,36579001;0,701018875;19,43248558;-1,352405301;-0,534346034;-0,257546269;-0,003258801;-2,732572548;-0,015333455;0,294849019;-0,65131473;-6,877867253;5,966589375;0,126539432;0,179498207;3,000455835;33,22311976;1,61521853;9,373143599;0,14701075;-0,06807847;1,588349995;-0,048511581;-0,787791892;0,589302624;4,121979192;2,003482018;-0,471656363;0,032954848;-0,260081611;47,34439465;0,851774833;-3,899492866;0,162242865;0,45851529;1,499443587;-0,000161414;0,039442081;-0,013118943;0,608407555;-13,29568474;0,381263393;-0,768745231;-1,002491055
49,96586664;8,254961199;0;1;0;0;0;0;9;12;4;7;0;0;motorway_link;Bretzenheim;2021;2;0;46,06142342;33,42093825;20,51763237;0,778780377;19,43248558;2,868126169;-0,029943509;-0,502332378;-0,328376703;-3,061856525;-0,010471268;0,018110445;-0,094520946;19,6806106;4,300586175;-0,371505941;0,101916991;4,058594732;33,22311976;-0,058545361;-0,147621062;0,007182675;-0,013387785;0,117884744;-0,000880418;0,028046732;0,021598932;0,048920385;0,174519765;0,019329714;0,001968503;-0,001198333;47,34439465;-2,084421506;-0,070636338;0,360120824;0,86316198;1,643644599;-0,00044039;-0,01266097;-0,03015574;-24,62251924;-1,052434273;0,383605492;-0,319773316;-1,88425341
49,9972083;8,222298306;1;1;0;0;0;0;8;16;5;3;0;0;unclassified;Gonsenheim;2016;2;2;19,80188191;35,92383265;44,27428544;0,784530061;19,43248558;0,061686087;-0,038398116;-0,056352536;-0,033096544;-0,40719073;-0,0012152;-0,000800696;-0,059609413;0,251612261;0,243762582;-0,054120033;0,014846156;0,448272508;33,22311976;0,357335972;-0,659374854;0,024129145;-0,087813818;0,522305296;-0,05378486;0,266764482;0,364477373;0,247412739;0,682890692;0,032846973;0,000648331;1,002875422;47,34439465;6,5177462;-3,619059518;-1,800584362;-6,124317261;-8,894742283;0,005787332;0,147882901;-0,603566555;7,015353236;1,519602951;-2,077922407;1,898278815;2,945431732
50,00386134;8,269121479;0;1;0;0;0;1;6;20;1;6;0;0;tertiary;Altstadt;2019;2;2;11,94155514;24,49432611;63,56412172;0,533689461;19,43248558;0,470429975;-0,192081938;-0,609411927;-0,180060639;-2,46685962;0,027794073;0,028519278;1,902693726;-8,34134006;0,230822392;-0,558390319;0,032004208;2,164950411;33,22311976;-1,689898507;-2,322418886;0,108524194;-0,379159566;0,980318688;0,04836321;0,577624581;0,524486344;0,835756677;-7,403247032;0,23087299;0,133655334;-0,373671673;47,34439465;-0,000621176;0,729720577;0,645932131;1,352410267;2,176128668;-0,020592162;-0,048528016;-1,835182884;9,866119127;2,935835543;0,479344023;-0,330742446;0,269903416
49,99971707;8,218307838;0;1;0;0;0;0;5;13;4;2;0;0;secondary;Gonsenheim;2018;2;1;18,65242571;42,16325581;39,18431699;0,778280383;19,43248558;0,517522302;-0,134161715;-0,121016314;-0,187527068;-0,835530696;-0,002825307;-0,001241654;0,064725075;2,771226154;-3,74402726;-0,041314825;0,087372975;0,846738455;33,22311976;-0,644782938;-1,661913397;0,051340745;-0,193581694;1,642762131;-0,01156525;0,450883346;0,351685868;2,318635988;6,718027738;-0,061324075;0,020967764;-0,041000177;47,34439465;-1,038376755;0,276139803;0,364220599;1,225642601;1,55756104;0,007170926;-0,315823457;-0,302483644;-17,23326607;9,20387088;0,267477383;-0,514417297;-1,657793671
50,01222958;8,244201748;1;1;0;0;0;1;8;14;5;3;0;0;secondary;Hartenberg-Münchfeld;2021;2;2;20,52259147;34,37660635;45,1007992;0,786571987;19,43248558;0,171035565;-0,105984836;-0,165463222;-0,096371877;-1,087510088;0,003573324;-0,001325217;-0,057159585;0,678586484;0,645827228;-0,146585455;0,037783575;1,213699991;33,22311976;0,265964306;-0,413938733;0,018148871;-0,064902223;0,386222301;0,010950735;0,108370649;0,085581896;0,233372086;0,528860006;0,034154033;0,002738979;-0,042036323;47,34439465;8,50465947;-4,634608543;-2,415901116;-8,274710747;-11,47391186;0,070820807;0,19506246;0,19738812;8,888996288;1,960841453;-3,118888919;2,435688212;5,420968924
49,97653791;8,253729491;1;1;0;0;0;0;4;18;5;3;0;0;trunk;Bretzenheim;2021;2;2;22,06580788;32,26272762;45,67146301;0,794939239;19,43248558;0,27341516;-0,172749874;-0,317982944;-0,180612414;-1,889722408;-0,005541851;-0,044770048;-0,274918925;1,018658665;1,189654308;-0,257189872;0,066994664;3,228087834;33,22311976;9,580710984;-17,93740555;4,601845919;-2,553814194;16,28854131;-0,129660195;7,334434601;1,8770469;3,902073022;24,42185706;1,278407834;0,107092156;-49,731522;47,34439465;-6,051938134;3,611886295;1,818793349;6,545977944;9,007002767;-0,005838288;-0,168994413;0,241809942;-5,268031591;-1,907166036;2,100273971;-1,905043532;-9,691663916
49,97163653;8,270807124;1;1;0;0;0;0;9;7;3;2;0;0;secondary;Hechtsheim;2020;2;2;11,86104566;35,3469342;52,79202461;0,644242837;19,43248558;0,389489346;-0,429763433;-0,280415914;-0,2974869;-2,004572916;-0,009470461;-0,044115546;-2,337295617;0,313240018;-4,630989687;-0,217303492;0,127037108;1,850207568;33,22311976;0,268416405;-0,498845681;0,014510304;-0,073599107;0,528369283;-0,005503477;0,033940199;0,062889533;0,442032418;1,372658613;-0,015414694;0,006703728;-0,012343088;47,34439465;-1,419957177;0,654874023;0,267529868;0,998162014;1,259619463;0,011406062;0,27249991;1,799732987;-0,727783325;2,656035809;0,373018882;-0,291322759;-0,4061858
49,96902412;8,259830045;0;1;0;1;0;0;8;7;2;6;0;0;motorway;Bretzenheim;2017;2;1;33,57765079;43,80140305;22,62095213;0,816535309;19,43248558;-3,117265491;-0,298313582;-1,243305558;20,02424522;-7,331808479;-0,025955123;0,10388958;-6,479072135;-6,34861598;1,372883941;-1,268527389;0,403927349;18,35308285;33,22311976;-21,92624392;-21,67663011;19,91543969;216,7174412;32,2485161;-0,263926847;19,94670549;1,578848398;-81,06938117;-181,9309195;13,37077318;4,097684914;9,569975827;47,34439465;0,901284677;0,792973435;0,569679931;-21,10318236;1,564550691;-0,037483178;-0,089452956;1,280311082;4,170020684;0,568371464;0,276563421;-0,895736996;-12,72134242
49,99755225;8,255832641;1;0;0;0;0;0;4;19;4;6;0;0;tertiary;Hartenberg-Münchfeld;2017;2;1;24,0137741;42,11399853;33,87222886;0,843039173;19,43248558;-2,356127872;0,309832039;-0,13446375;-0,236760359;-1,857791644;-0,010984997;-0,04054948;0,424475892;5,498124719;1,354749626;-0,187080728;0,061663442;1,756201627;33,22311976;2,339726066;5,431775749;0,062415764;-0,030127303;1,342516408;-0,030110562;0,771930269;0,407516587;0,162343349;-1,922482883;0,01899493;0,034094513;0,302285884;47,34439465;6,832092824;1,097204757;0,235667783;1,900295338;3,151446515;-0,001262192;-0,241350906;-0,766633306;-23,28214741;-1,210605922;0,543739029;-0,490640255;-1,239972053
49,9913099;8,261764542;1;1;0;0;0;0;4;21;4;6;2;0;primary;Oberstadt;2021;2;0;38,00614178;35,03850996;26,95534527;0,900938278;19,43248558;-5,536270792;0,121785569;-0,595893818;-0,520525228;-3,840133761;-0,018930232;-0,091024181;1,924519383;13,44586776;4,432110391;1,663609397;0,119032351;7,469509359;33,22311976;-2,448284646;1,914508484;-0,130630241;0,082464706;-0,995761535;0,010167854;-0,710924874;-0,596169527;-0,436552162;3,992807237;0,431709816;-0,042212309;0,744267399;47,34439465;3,77689294;-0,551303931;0,291407751;0,884328465;1,340396877;0,007159175;-0,118718565;-1,418781408;-17,81930364;-1,956790972;-1,007358505;-0,232076799;-3,584900767
49,99498801;8,26078321;0;1;0;1;0;0;6;12;2;6;0;1;primary;Oberstadt;2019;2;2;20,99117637;31,96977377;47,03905284;0,773493417;19,43248558;-5,14803317;-0,391282856;-1,549656721;23,00546101;-7,656655872;-0,042259793;-0,06575291;-1,605592918;-11,57140825;1,260818918;-1,359627092;-3,596919543;10,27959999;33,22311976;-0,239688055;-0,630036528;0,034366167;2,014381753;0,256245536;-0,002337776;0,197023063;0,112484755;-0,789447299;-1,740579371;0,094047979;-0,263776527;-0,296029691;47,34439465;0,333698707;0,12656928;0,063437054;-3,336223569;0,21412952;0,004120472;-0,011788608;0,050103339;1,295122056;0,220237004;0,071635942;0,8911236;-0,227506609
50,00566467;8,255521273;1;0;0;0;0;1;11;9;0;1;0;1;residential;Neustadt;2022;1;1;13,9503032;48,06733131;37,98236847;0,696419842;19,43248558;-0,663473213;0,363425305;-0,205711071;0,06916642;-1,867061997;0,016009955;0,118913924;0,897410676;-1,881479134;4,539293911;-0,254792266;-0,675261508;-5,938623389;33,22311976;1,579577528;8,87068029;0,154561936;-0,096166087;1,561399745;0,179498379;-1,055283992;-1,986209001;4,108660432;1,813723877;0,077435953;-0,240522706;-0,123144802;47,34439465;-0,589598514;-5,761318313;0,257707561;-0,41747756;1,603225158;-0,060905258;0,12542305;-0,708846768;-1,440183614;-13,0500982;0,641672429;2,767816996;7,270556852
49,9865593;8,191652819;0;1;0;0;1;0;9;14;2;6;0;0;motorway_link;Gonsenheim;2017;1;2;25,79777539;20,82956135;53,37266326;0,696346326;19,43248558;-0,643920352;-0,441984043;-0,415940925;-0,131519324;7,555096197;-0,005328789;0,046085819;-0,314815876;-1,290043208;0,41288669;-0,171315717;0,058553238;1,707536095;33,22311976;-0,614904232;-1,250294696;0,226071152;-0,397259;-2,411391377;-0,010476725;0,332416111;0,361512457;-3,365382013;-5,300964954;0,113908262;0,104284909;-0,181078304;47,34439465;1,690345204;0,813923988;0,358849361;0,807308058;-5,974213274;-0,002009035;0,00660632;0,221482796;6,578612479;1,361298883;0,25819033;-0,232345883;0,140219377
49,99785629;8,268440355;0;1;1;0;0;0;8;14;6;5;0;0;residential;Altstadt;2021;2;2;17,54263043;38,71068358;43,74668598;0,759157695;19,43248558;0,437082182;-0,160986649;1,563151804;-0,037893857;-1,099023824;-0,006061675;0,104399766;-0,038235313;2,419494293;-0,516804381;-0,269599633;0,02751794;-4,312895801;33,22311976;-1,646169605;-4,175602695;-1,877413735;-0,673720913;3,82868007;-0,024867671;0,578908103;1,496885518;2,670256089;5,228756204;1,044546241;0,050790541;-1,013484324;47,34439465;-0,579672323;0,364270871;-2,309215644;0,380624659;0,790709037;-0,000459728;-0,019345246;0,021953867;-6,366399004;-0,400333442;0,48260328;-0,142183597;4,179738598
50,00425306;8,262869319;1;1;0;0;0;1;11;11;5;5;0;0;residential;Neustadt;2021;1;2;9,786143899;33,51437151;56,69948459;0,593709477;19,43248558;0,18588116;-0,34956804;-0,353014976;-0,085976232;-1,706835917;0,044889303;0,070849069;0,935049711;0,365454321;-0,710809039;-0,211839506;0,114680076;-7,945101614;33,22311976;0,158946764;-0,208187759;0,007776999;-0,035535972;0,192540078;0,00577296;-0,114505056;0,005090067;0,119291086;0,251236226;0,023480267;0,002312708;-0,116966615;47,34439465;-1,621981122;1,089675837;0,524785629;1,031424317;1,831846616;-0,011159841;0,144080355;-0,551724984;-1,617194975;-0,570326463;0,530018638;-0,38257737;8,958223295
50,02422174;8,215615199;0;1;0;0;1;0;3;12;2;2;0;1;residential;Mombach;2017;2;2;9,835445136;24,38180596;65,78274965;0,497220941;19,43248558;-0,874389221;-1,137445802;-0,813717156;-0,141625808;8,752938651;-0,021000467;-0,048591146;0,141989885;-2,215552139;-2,772254973;-0,133762601;-0,547394978;-9,786234693;33,22311976;-0,295860247;-1,102230286;0,28883271;-0,363624336;-4,540646616;-0,010734508;0,188850058;0,192803766;-5,337690743;3,794922859;-0,052362865;-0,455188195;-1,148385402;47,34439465;2,518727701;1,904888572;0,763220434;0,855463349;-10,41042952;1,7316E-05;-0,011537249;0,009628311;10,12793068;1,790857839;0,403523692;1,597030241;8,889033632
50,01871474;8,248617954;0;1;0;0;0;1;5;13;5;3;0;0;secondary;Neustadt;2020;2;2;21,2369442;34,1445595;44,61849034;0,797144576;19,43248558;0,21414902;-0,151790779;-0,294790045;-0,126866979;-1,297321976;0,003995408;-0,027165676;-0,104024187;1,445325744;0,640586499;-0,19155953;0,049877186;1,644043931;33,22311976;-0,132865331;-0,349549561;0,018626724;-0,072742337;0,298851771;0,006636287;0,123605084;0,077906311;0,281964222;0,65801015;0,036840165;0,002838181;-0,028681924;47,34439465;-1,616568908;7,815475408;6,68672297;13,88078243;18,28790376;-0,120239786;-0,453924363;-0,042511258;-39,91167688;1,725268768;5,148005736;-4,08843274;-10,03670945
50,02853699;8,220857064;0;1;0;1;0;0;5;9;3;6;0;0;secondary;Mombach;2017;2;1;30,9048593;38,58937323;30,50576746;0,92108368;19,43248558;0,656677823;-0,376507169;-0,859319722;9,612094287;-2,867279128;-0,025971473;-0,108856346;0,091549504;0,183690995;0,759221761;-0,572060792;0,330745591;4,64838839;33,22311976;4,448205423;8,323038051;-0,473504569;-20,25711258;-4,932828627;0,152786195;-3,015178533;7,309154113;-9,00786574;23,69872368;-1,17763514;-0,650509523;0,948980725;47,34439465;0,062447511;0,454514118;0,333693389;-17,65552134;0,806988078;0,006235207;-0,126710465;-0,147589965;-0,049450813;1,366276558;0,227791146;-0,952526104;-1,164774508
49,95931705;8,200379864;0;1;0;0;0;0;11;12;1;6;0;0;tertiary;Lerchenberg;2019;2;2;10,06687954;23,0283305;66,90478921;0,484069248;19,43248558;0,267746214;-0,200483185;-0,428001222;-0,16801474;-2,171602976;-0,011494387;0,016130955;-0,369972329;-7,368691887;-0,050151859;-0,5030439;0,031508116;1,590465157;33,22311976;-1,442255919;-2,046483763;0,088033994;-0,333386823;0,922186245;-0,01303988;-1,378142776;0,384511846;0,73965201;-7,189641622;0,218467049;0,132585029;-0,277274648;47,34439465;0,021203805;0,774064976;0,642503138;1,433544055;2,260750181;-0,000834687;0,094392319;0,311776621;10,07997188;3,490167072;0,562747271;-0,355283074;0,245390994
50,00172865;8,257543165;0;1;0;0;1;0;8;15;2;6;0;1;secondary;Hartenberg-Münchfeld;2016;2;2;24,26983118;19,28145438;56,44870996;0,650588421;19,43248558;-0,515607097;-0,345820443;-0,339741589;-0,082044986;6,007863708;-0,004910944;0,00956512;-0,27968487;-0,929944306;0,425791689;-0,133058865;-0,21729977;1,242237951;33,22311976;-0,682882206;-1,256330567;0,225057137;-0,397800675;-2,372651577;-0,010323239;0,467205481;0,34210902;-3,523321478;-5,696479139;0,117357599;-0,793199821;-0,360405913;47,34439465;2,018529104;0,923632195;0,45031831;0,668123067;-6,656378843;-0,001859516;0,003862332;0,34599993;8,010321691;1,436035457;0,264796213;1,006282224;0,634653145
50,01093733;8,216867222;0;1;0;0;0;1;5;21;2;6;2;0;tertiary;Gonsenheim;2020;2;2;17,61538535;19,51237023;62,87224293;0,556611893;19,43248558;1,221316559;0,075153925;0,674645214;0,240180529;1,830528231;-0,008942714;0,046219479;-3,136327639;1,880053101;-0,965449886;-1,371502109;-0,071731172;-2,231243749;33,22311976;-1,490572963;-2,459023946;0,176066194;-0,415673584;0,539066261;0,036779029;0,614680297;0,476976851;-4,370534995;-6,019979235;-0,599423799;0,10807802;-0,307187662;47,34439465;3,334631457;0,900426756;0,717655189;1,334895568;1,881782165;-0,018904752;-0,032806817;-3,994976611;11,28139775;2,079617466;-1,612379021;-0,316425484;-0,027065396
50,01391187;8,203925242;0;1;0;0;0;1;9;16;2;6;0;0;motorway;Mombach;2019;2;2;14,52285796;27,31147707;58,16566348;0,6113984;19,43248558;-1,366477662;-0,104795969;-0,50821779;-0,389551173;-2,976684245;0,006956001;0,0072783;-0,791708133;-3,703270936;0,741117594;-0,366316895;0,087939575;4,454103713;33,22311976;-0,871810937;-0,831355778;0,423058203;-0,300085312;0,532130919;0,031072244;0,313655575;0,411204096;-2,989892868;-4,340180527;0,145500652;0,082674293;1,482386744;47,34439465;3,286148493;1,832282017;1,338166483;2,322759954;4,469856087;0,180820639;0,010430383;1,063761204;14,49857606;2,015821675;0,695937415;-0,524273537;-20,36901805
50,00380947;8,253600225;0;1;1;0;0;1;1;7;6;4;2;1;residential;Hartenberg-Münchfeld;2016;1;1;29,66986597;42,63076484;27,69937217;0,859498357;19,43248558;4,364348547;-1,193913824;17,93468319;-0,040041437;-8,924873493;0,137105944;-0,376451447;-9,792019451;24,73366648;14,81643283;13,75157638;-0,788127249;-44,38500609;33,22311976;2,982350725;6,609095679;4,686572681;1,038540344;-5,613613378;-0,112978287;2,841483284;-1,121684766;-2,764073207;-8,066919611;7,572199481;0,92252487;0,434147264;47,34439465;-1,674918443;0,316603635;-3,627382702;-0,002453793;0,704970365;-0,010348837;0,102039507;1,18539283;-8,511857596;-9,707214602;-4,212810064;0,392846876;5,400110339
49,93980753;8,263887133;0;1;0;0;0;0;10;16;2;6;0;0;secondary;Ebersheim;2016;2;2;9,678994119;16,27223194;74,04877543;0,386605;19,43248558;-2,222587453;-0,178826661;-0,66006773;-0,452849362;-3,606552655;-0,01038175;0,056442276;-1,22410243;-5,518829111;1,129700836;-0,566549705;0,141061655;3,360050626;33,22311976;-1,489455941;-2,513543765;0,09751847;-0,527965467;0,653529652;-0,012887159;-0,764953498;0,434269257;-5,415265451;-7,212438069;0,192713546;0,129280373;-0,521689773;47,34439465;3,667061951;1,037354739;0,548816735;1,55954053;2,21434417;-0,003788619;0,009765335;0,594171146;14,0661688;2,472537419;0,451221257;-0,366940509;0,454127827
49,99249129;8,282629683;1;0;0;0;0;0;5;16;4;6;0;0;secondary;Altstadt;2016;1;1;24,92538542;42,41708517;32,65753388;0,848178638;19,43248558;-2,624083873;0,394432715;-0,126531804;-0,268807702;-2,222096845;-0,006225594;-0,059627698;-0,27342511;6,931794858;1,538348989;-0,210335468;0,069355726;2,350101637;33,22311976;2,459386867;5,717464541;0,065758739;-0,031953506;1,533733069;-0,036686741;0,73071587;0,300711236;0,213612278;-2,075572249;0,020612754;0,038775102;0,257407449;47,34439465;5,649185559;0,995009808;0,196905894;1,66233027;2,778039387;-0,001888746;-0,218536832;0,17461595;-22,13301627;-0,966936066;0,473644062;-0,448981738;-2,847232045
49,99976165;8,27670624;0;1;0;0;0;0;10;18;2;6;2;0;secondary;Altstadt;2018;2;2;11,20801866;16,38396233;72,4080205;0,412168149;19,43248558;-2,980622409;-0,206302914;-1,184138085;-0,568642987;-4,358358378;-0,013319144;0,072529246;-1,540046445;-6,58073184;1,691392411;2,851183624;0,177314952;4,415275047;33,22311976;-1,357781831;-2,46345064;0,19177502;-0,45223151;0,557443831;-0,011213614;-0,68231044;0,198779958;-5,014300484;-6,785688812;-0,625194179;0,121605893;-0,516590622;47,34439465;3,734487436;1,042552042;0,733001831;1,532455031;2,129278062;-0,00231637;0,011231093;0,845588889;13,96585234;2,615336608;-1,63123864;-0,348895349;0,436292864
50,00590145;8,26472721;0;1;0;1;0;1;4;12;5;3;0;0;primary;Neustadt;2021;2;1;35,7886374;42,39741862;21,81394398;0,817976997;19,43248558;0,430010776;-0,337487284;-0,658472578;8,162115785;-2,879146999;0,033434336;-0,041822841;-0,010057529;3,815580501;0,977316382;-0,424961127;0,299114071;6,990528323;33,22311976;-0,429596694;-1,562738158;0,11299735;4,883962042;1,78091037;0,027641273;0,626571647;0,276329928;1,047310475;3,440229847;0,212356018;0,018571882;-1,260247123;47,34439465;-0,275975225;0,485689828;0,342742459;-20,07399096;1,014235504;-0,014783709;-0,066633351;-0,097404022;-3,377545262;-0,057516049;0,23689595;-1,010831126;-2,635334709
49,96257817;8,310474695;0;0;0;0;1;1;5;19;0;6;0;0;tertiary;Laubenheim;2017;2;2;26,53143704;34,62207913;38,84648085;0,891610802;19,43248558;0,663429275;2,485530201;-0,864198177;0,042274872;12,07203002;0,026231889;-0,645315407;0,988235563;-9,607553333;0,676694928;-0,326191355;0,258686486;1,329096488;33,22311976;1,114389947;-5,488239936;-0,231758524;0,226478067;6,016056315;-0,129325583;-0,811000815;-0,700678765;-2,76016722;4,255686684;0,01685293;-0,081130055;-0,028203673;47,34439465;-0,149375342;-4,413847578;0,472465125;0,404907651;-5,799782882;-0,014053576;-0,022420578;-0,513542055;-0,128747599;1,289921317;0,28809337;-0,353956262;0,442424602
50,00019588;8,262171204;1;0;0;0;0;1;10;17;0;2;1;0;secondary;Altstadt;2022;2;1;12,86644638;45,35978436;41,77376926;0,691429924;19,43248558;-0,420778601;1,183120671;-0,26459851;-0,101078939;-2,324297837;0,01378254;0,221859106;-0,363025474;-2,54372196;-3,397770577;0,054853912;0,17029995;1,205316511;33,22311976;1,018613711;5,834850933;0,083931192;-0,087538488;1,668060874;0,108280015;-0,666396866;0,407824318;2,425433179;1,499948178;-0,251903251;0,013842723;0,081718086;47,34439465;-2,720683481;-13,38128402;0,700389504;1,83852729;4,869687643;-0,072408574;0,061212436;-0,188931947;-3,809154963;7,465589867;0,606192437;-1,19820201;0,258440423
49,95988096;8,232312342;0;1;0;0;0;1;7;9;3;5;0;0;tertiary;Marienborn;2021;2;2;19,27986592;32,86708295;47,85304368;0,75245021;19,43248558;8,372942787;-5,260969359;-11,3754426;-4,899307841;-37,6881575;0,975054262;4,473489365;3,557065411;6,601347145;-13,01919922;-7,640487833;1,810891266;53,94015445;33,22311976;-1,551384501;-4,429408671;0,225101295;-0,6511454;2,819308077;0,250385732;0,544644308;-4,414223867;3,271040187;3,470036576;0,660297956;0,037181889;-0,587870389;47,34439465;0,079475399;0,499090205;0,459856519;0,892830509;0,992466654;-0,021902159;-0,015489015;-0,212195185;-1,41678634;-0,412368704;0,363133404;-0,283190437;-0,416271831
49,99333275;8,226577824;1;1;0;0;0;0;8;18;5;2;0;0;secondary;Hartenberg-Münchfeld;2022;2;2;14,317137;36,04678214;49,63608682;0,691432755;19,43248558;0,124602385;-0,443071177;-0,320151098;-0,343351153;-2,518622941;-0,008197008;0,001643644;-0,302166926;1,446359852;-5,084186506;-0,164826142;0,148832023;2,347786466;33,22311976;0,332927067;-0,612125325;0,011347371;-0,096017347;0,703131167;-0,004435323;0,133112237;0,081257073;0,542280535;1,856014498;-0,050880878;0,009913384;-0,082862086;47,34439465;-0,647634384;0,503640419;0,218845787;0,808194437;1,065267263;0,001288961;-0,024176178;-0,015411213;-0,975232824;1,802641353;0,192370403;-0,22481807;-0,413283786
49,99791699;8,258019087;0;1;0;1;0;0;11;9;3;6;0;1;primary;Oberstadt;2016;2;2;27,60719657;31,89574778;40,49705863;0,886306824;19,43248558;0,511639526;-0,27855878;-0,699970919;7,100694529;-2,186958712;-0,025584897;-0,089555681;-0,008120526;-0,092440948;0,636307532;-0,448905465;-1,333963284;5,090128611;33,22311976;-0,218596867;-0,386201846;0,023924955;0,838279058;0,226000221;-0,005907328;-0,266572328;-0,304438428;0,479861623;-1,356188388;0,057297321;-0,208949261;-0,205880713;47,34439465;0,068842204;0,449953051;0,367331161;-13,73930582;0,786351442;0,031416086;0,211432901;-0,090678135;0,37035605;1,192738686;0,347990921;4,762995515;-1,606760085
50,007759;8,225159664;1;1;0;0;0;1;6;12;1;7;0;0;residential;Gonsenheim;2018;2;2;9,382462502;29,58824039;61,02930307;0,549211245;19,43248558;0,322420241;-0,337139865;-0,455810747;-0,072877231;-2,019065028;0,030103441;0,004683146;1,022343853;-5,657636685;4,562834492;-0,395633923;0,031629339;-7,085874116;33,22311976;-1,56322976;2,408456306;-0,101174937;0,269276212;-1,59194802;-0,063644388;-0,478747206;-0,286191117;-0,69209292;-2,083297716;-0,261446797;-0,022718697;0,831879663;47,34439465;-1,136958184;0,784205227;0,345479232;0,681622488;1,577186006;-0,00835242;-0,07167731;0,006058608;6,718811888;-0,813325923;0,42851212;-0,262962142;5,436308829
50,00024846;8,263947481;0;0;0;0;1;0;10;7;5;3;0;0;secondary;Altstadt;2020;2;0;43,63494217;26,30543113;30,05962074;0,842092552;19,43248558;-0,282293687;6,077803487;-0,773788067;-0,183450537;16,16509652;-0,011203687;0,104123009;-3,106361679;2,762964717;1,098162987;-0,323037738;0,117458024;2,55698324;33,22311976;-0,122819255;0,218042995;0,279811002;-0,148255634;-7,410455941;0,072600309;-0,484466299;-0,150394266;-0,80641988;1,531797352;0,009641117;0,015701508;0,077528357;47,34439465;-0,127412951;-7,634530514;0,650292791;1,221432987;-10,50155934;-0,000926344;0,10401066;2,251657998;-3,495584279;0,170780354;0,548418957;-0,433931451;-0,037422786
50,00421151;8,253870632;0;1;0;1;0;0;4;18;3;2;0;0;secondary;Hartenberg-Münchfeld;2016;2;1;28,42237353;44,77065206;26,80697441;0,82787077;19,43248558;0,577881707;-0,615455975;-0,660604365;11,95441869;-2,65536487;-0,024474014;-0,062131631;-0,372250973;1,301434538;-4,480204545;-0,256808514;0,436377234;3,847070668;33,22311976;-0,400509187;-1,951700754;0,04557711;4,432902694;1,959889252;-0,012682029;0,665150219;0,260039405;1,389748656;5,50413841;-0,095662532;0,035617918;-0,284976867;47,34439465;-0,030124109;0,538630656;0,354445958;-20,45797641;0,888138307;0,009194237;-0,129544127;-0,017990716;-0,69046823;1,122196074;0,204021599;-1,067040099;-1,260903384
49,9700692;8,307753776;0;1;0;0;0;0;5;8;2;6;0;1;motorway;Laubenheim;2018;2;2;14,40686435;25,38983822;60,20329595;0,585879504;19,43248558;-1,359820527;-0,100170525;-0,546612782;-0,356936173;-3,021327417;-0,007539543;-0,048202856;-0,469530508;-3,797489948;0,93279598;-0,398577381;-0,408916264;4,556706705;33,22311976;-0,895584953;-0,734176239;0,43067928;-0,289268314;0,481192161;-0,009965599;0,384099682;-0,946096801;-2,895190688;-4,302804076;0,157744985;-0,543200993;1,329290012;47,34439465;3,322389639;1,814451947;1,431888576;1,823027196;4,612472471;-0,067148034;-0,036191608;2,208557282;14,59324961;1,630010751;0,850767476;1,873565608;-21,19813962