Latitude;Longitude;IstRad;IstPKW;IstFuss;IstKrad;IstSonstig;TagKategorie;Monat;Stunde;Unfallart;Unfalltyp;Lichtverhältnisse;Straßenverhältnisse;Straßenart;Stadtteil;Jahr;Unfallklasse Wahr;Unfallklasse Bestimmt;Wahrscheinlichkeit Klasse 0;Wahrscheinlichkeit Klasse 1;Wahrscheinlichkeit Klasse 2;Unsicherheits-Score;Base-Value Klasse 0;SHAP_0_IstRad;SHAP_0_IstPKW;SHAP_0_IstFuss;SHAP_0_IstKrad;SHAP_0_IstSonstig;SHAP_0_TagKategorie;SHAP_0_Monat;SHAP_0_Stunde;SHAP_0_Unfallart;SHAP_0_Unfalltyp;SHAP_0_Lichtverhältnisse;SHAP_0_Straßenverhältnisse;SHAP_0_Straßenart;Base-Value Klasse 1;SHAP_1_IstRad;SHAP_1_IstPKW;SHAP_1_IstFuss;SHAP_1_IstKrad;SHAP_1_IstSonstig;SHAP_1_TagKategorie;SHAP_1_Monat;SHAP_1_Stunde;SHAP_1_Unfallart;SHAP_1_Unfalltyp;SHAP_1_Lichtverhältnisse;SHAP_1_Straßenverhältnisse;SHAP_1_Straßenart;Base-Value Klasse 2;SHAP_2_IstRad;SHAP_2_IstPKW;SHAP_2_IstFuss;SHAP_2_IstKrad;SHAP_2_IstSonstig;SHAP_2_TagKategorie;SHAP_2_Monat;SHAP_2_Stunde;SHAP_2_Unfallart;SHAP_2_Unfalltyp;SHAP_2_Lichtverhältnisse;SHAP_2_Straßenverhältnisse;SHAP_2_Straßenart
50,00630748;8,276060191;0;1;0;0;0;0;3;19;2;6;2;0;primary;Altstadt;2019;2;2;13,15924227;17,44993031;69,39082742;0,457862657;19,43248558;-4,769242156;-0,236638019;-1,953351962;-0,899837138;-6,063922131;-0,021683755;-0,079141449;4,391544033;-10,56249319;2,690036211;4,226710398;0,236438371;6,768337475;33,22311976;-1,438839313;-2,548845777;0,198255396;-0,425910501;0,553735955;-0,009410383;0,07027845;0,414455918;-4,587478436;-6,571659307;-0,629571691;0,115946426;-0,914146189;47,34439465;3,580942953;1,016622328;0,751094109;1,529472641;2,037603871;-0,001654839;-0,012340439;-0,680448601;13,83522004;2,351358438;-1,640687745;-0,328878692;-0,391871296
49,97464403;8,281086626;1;0;1;0;0;0;10;20;6;7;2;0;tertiary;Hechtsheim;2019;2;1;32,16835856;38,98582757;28,84581089;0,910463096;19,43248558;-1,839730485;0,903075537;3,348043939;-0,117098222;-2,714099247;-0,008432378;0,068571488;2,17777892;4,426958403;1,776028168;2,69639448;0,052860702;1,965521677;33,22311976;0,983304517;3,681927636;-0,721326954;-0,054748203;1,152327533;-0,018299996;-0,312327501;0,535498023;-0,058025587;0,529043715;-0,316539159;0,00775857;0,35411521;47,34439465;2,511433876;-4,269746287;-3,210953905;0,925743567;2,399241632;0,003864324;-0,002198265;-1,859786573;-10,01666778;-0,991416609;-4,169520828;-0,369745837;0,55116892
50,00478972;8,269387339;1;1;0;0;0;0;4;19;5;3;0;0;residential;Altstadt;2018;2;2;9,345748276;34,72233415;55,93191981;0,596014294;19,43248558;0,257693726;-0,313400033;-0,30839684;-0,091858424;-1,704031911;-0,010757121;-0,047040327;0,225168365;0,20017265;0,414418239;-0,207264527;0,058859365;-8,560300469;33,22311976;0,387564771;-0,497055053;0,02114744;-0,087174153;0,447730412;-0,004279975;0,194750985;0,279873513;0,28603828;0,691095355;0,038192248;0,002311681;-0,260981119;47,34439465;-1,824045;0,964108008;0,46947503;0,932774027;1,627728511;-0,000708165;-0,006506883;-0,558390744;-1,183252637;0,004329742;0,396310725;-0,340170023;8,105872566
49,96450495;8,240785628;0;1;0;0;0;0;11;9;3;6;0;0;construction;Bretzenheim;2022;2;2;19,64830309;27,3780793;52,97361612;0,697885995;19,43248558;0,105391932;-0,068840931;-0,15959631;-0,067617784;-0,50351712;-0,004438152;0,00128624;0,038863386;-0,011283906;0,258860186;-0,106161576;0,024563121;0,708308422;33,22311976;-0,910988417;-1,371144214;0,061047105;-0,221479905;0,691760636;-0,025418423;-0,70896331;-1,166162989;2,380628356;-4,279090881;0,154160246;0,10379413;-0,553182802;47,34439465;0,284222378;0,773736347;0,697685421;1,372324473;1,519054282;0,007361035;0,177589613;-0,152850479;-1,54682806;2,797157494;0,549651399;-0,417483062;-0,432399372
49,98779501;8,277452195;0;1;0;0;0;1;9;0;2;6;2;0;tertiary;Oberstadt;2018;2;2;19,34209317;19,71881837;60,93908548;0,58590085;19,43248558;0,035633321;0,002315241;0,020448847;0,007002722;0,054739413;-0,000294186;-0,000259285;-0,12679065;0,055855133;-0,028631711;-0,042072425;-0,002093323;-0,066245511;33,22311976;-1,334119686;-2,160308635;0,191057908;-0,324472543;0,495778099;0,025600204;0,376593745;-0,327750293;-4,140758492;-5,593437157;-0,516498089;0,10128017;-0,297266626;47,34439465;3,310624977;0,870770786;0,715925546;1,299083617;1,877534803;-0,019201339;-0,00074999;-5,425010705;11,15166195;1,99987633;-1,852686924;-0,305491895;-0,027646332
49,97240133;8,18860783;0;0;0;0;1;0;6;8;8;1;0;0;residential;Drais;2020;2;1;36,17949188;39,6086365;24,2118746;0,859992291;19,43248558;0,211753902;5,986308341;-0,971092237;-0,086523893;10,81324627;-0,021702514;-0,007839105;-0,04566877;6,789160892;7,336398839;-0,26619611;0,173147508;-13,16398683;33,22311976;-0,419117859;7,41956922;0,432117471;-0,193613591;-5,609888569;-0,08163719;0,368479536;-2,332457679;6,417091187;0,425942899;0,052586111;-0,02312616;-0,070428639;47,34439465;-0,560030046;-4,924010149;0,35703626;0,479564553;-4,688119255;-0,00057709;-0,073485679;0,966703589;-11,3407629;-10,2269807;0,335266156;-0,61491591;7,157791113
50,02158919;8,241381203;1;1;0;0;0;0;3;14;5;3;0;0;secondary;Mombach;2017;2;2;20,50629258;34,42873359;45,06497979;0,786681785;19,43248558;0,17797788;-0,105526872;-0,162591241;-0,093474265;-1,091893934;-0,002346354;0,001029474;-0,054652894;0,658049487;0,651492724;-0,143645517;0,037275359;1,202113153;33,22311976;0,282417521;-0,391457098;0,017399381;-0,068307218;0,394491354;-0,003159158;0,095792048;0,081837546;0,243652193;0,549468747;0,03296164;0,002740534;-0,032223664;47,34439465;8,657699358;-4,706433628;-2,453986769;-8,394168396;-11,65733933;0,008345592;0,138966502;0,364811802;9,008693905;2,030088356;-3,165696899;2,426224075;5,463380564
49,99238247;8,28271802;1;1;0;0;0;0;3;17;5;2;0;0;secondary;Altstadt;2016;2;2;14,27685469;36,22671366;49,49643314;0,691917181;19,43248558;0,147624026;-0,450770689;-0,312436564;-0,34595411;-2,58112314;-0,00734418;-0,000185538;-0,328975553;1,44850505;-5,096155987;-0,158611516;0,149928713;2,379868597;33,22311976;0,36049464;-0,534557026;0,009693489;-0,100521679;0,710401369;-0,005537926;0,09992072;0,168915171;0,530926301;1,884161817;-0,051157517;0,008132415;-0,077277879;47,34439465;-0,610589108;0,473349445;0,205469133;0,759422857;1,000941188;0,001087332;-0,01332813;-0,031884098;-0,915191498;1,695530086;0,180388168;-0,205689698;-0,387467194
49,97634352;8,272647759;0;1;0;0;0;0;11;7;5;3;0;1;tertiary;Oberstadt;2016;2;2;17,7580446;33,00602734;49,23593104;0,7273493;19,43248558;0,747458647;-0,61432305;-0,998463662;-0,292446842;-4,455917845;-0,015486518;0,062296919;-6,220361205;4,41822034;1,813391513;-0,777282051;-0,792780713;5,451253485;33,22311976;0,049882647;0,134605275;-0,007050358;0,030339446;-0,122156818;0,00033081;0,108059668;0,00968348;-0,119363704;-0,315316174;-0,018016692;0,015468719;0,01644128;47,34439465;-0,079919359;0,403056222;0,358008844;0,47371569;0,972800572;-0,00015154;0,067816019;1,216580375;-2,086385349;-0,008719177;0,317021051;0,686752833;-0,429039798
49,98560007;8,299640675;0;1;0;0;0;0;6;11;2;6;0;0;secondary;Weisenau;2016;2;2;10,0024499;16,79684669;73,20070863;0,399101532;19,43248558;-2,385050154;-0,20205388;-0,749126939;-0,480147026;-3,86933842;-0,010677848;0,004543983;-0,005501508;-5,929716222;1,124460695;-0,641950106;0,143772962;3,570748779;33,22311976;-1,638995382;-2,694940311;0,122125224;-0,582108711;0,739991042;-0,013870082;0,623132582;0,15485457;-5,575065862;-7,448552346;0,218897905;0,133277473;-0,465019176;47,34439465;3,599682502;1,025916293;0,545585985;1,527334493;2,174667887;-0,003622606;-0,057075304;0,162499375;13,80405861;2,463481385;0,497682788;-0,35577338;0,471875946
50,01737575;8,251239361;0;1;0;0;0;0;4;20;9;1;2;0;secondary;Neustadt;2020;1;0;51,08110309;32,1161449;16,80275649;0,702579881;19,43248558;1,801017786;-0,077138457;-0,976430409;-0,199068978;-2,035290694;-0,01295952;-0,059737884;2,12747085;10,78220314;13,87418166;1,879549912;0,183448095;4,361372002;33,22311976;-0,314904825;-0,815902835;0,056556891;-0,070707917;0,308609926;-0,001045096;0,1663091;0,311853716;0,410471584;-0,737579375;-0,308239933;0,00450367;-0,116899773;47,34439465;-0,694257061;0,328930035;0,398583777;0,622779799;0,743846881;0,002509628;-0,032221264;-0,773718351;-16,32827583;-12,05690276;-0,851274414;-0,756149959;-1,145488651
50,00359207;8,257715619;0;1;0;0;1;1;10;10;5;2;0;1;residential;Neustadt;2019;2;2;16,00375473;30,89446425;53,10177803;0,676645601;19,43248558;-0,275453149;-1,215728163;-0,872049812;-0,100738461;9,522364992;0,024949943;0,067804613;0,828000836;1,684224777;-3,039995315;-0,114272186;-0,556318112;-9,381520811;33,22311976;-0,03510716;-0,170413113;0,215551144;-0,199484187;-4,670662688;0,020583502;-0,237953622;-0,425205729;0,722082396;3,613004156;-0,118736089;-0,189902972;-0,852411146;47,34439465;0,294638599;1,854155233;0,950167262;0,705998091;-8,655983445;-0,034852303;0,036000685;-0,852810041;-3,815206293;2,595139081;0,397624693;1,588834088;10,69367773
49,97035715;8,231009578;1;1;0;0;0;0;10;19;4;7;1;0;residential;Bretzenheim;2016;2;2;14,61488754;34,73198116;50,65312982;0,687195322;19,43248558;-1,318485814;-0,123098506;-0,30289682;-0,156676405;-1,912735077;-0,017086242;0,127899506;0,057102181;4,720352756;3,408094697;-0,047462282;0,059856753;-9,312462793;33,22311976;1,064362647;-1,359267835;0,076978819;-0,094717066;1,068487227;-0,009930153;-0,371069122;0,402280875;0,683669992;1,065622934;-0,652167005;0,01158709;-0,376977008;47,34439465;1,523650221;0,157843289;0,376280782;0,735815777;2,091947033;-0,011238443;-0,057726982;-0,53771272;-15,49039413;-0,79791457;0,342576865;-0,375682137;15,35129017
49,97402177;8,320463833;0;1;0;0;1;0;1;5;2;6;2;1;motorway;Weisenau;2019;2;0;56,86476827;22,1385479;20,99668086;0,646889965;19,43248558;-1,076347553;-0,779270583;-1,507156672;-0,380624292;21,00365675;-0,018357279;-0,067092166;3,076305155;-1,480340573;2,212232363;2,022986409;-0,5694751;14,99576622;33,22311976;-0,403436941;-0,60076962;0,77764927;-0,227343441;-2,087864293;-0,008469542;-0,738263162;-0,935522838;-2,411871449;-4,67046525;-0,416151421;-0,60279277;1,240729592;47,34439465;1,54648894;1,639424018;1,351735455;1,027929177;-14,4403178;-0,024760891;0,132298819;-1,697399804;5,476954714;0,548001803;-1,828756086;1,337498661;-21,41681081
50,00498363;8,258586393;0;0;0;0;1;0;10;22;0;1;2;1;tertiary;Neustadt;2019;2;1;26,626876;42,96537042;30,40775359;0,851855615;19,43248558;0,58765196;0,536147419;-0,868518587;0,174367993;7,680620456;-0,014221217;0,280296377;2,117664997;-8,58382494;4,529559391;0,986596934;-1,07741625;0,845465878;33,22311976;-0,549914776;7,276122576;0,394966366;-0,111797258;-5,851407283;-0,037893989;-0,71455422;0,9377918;5,267423034;3,360553879;0,062439482;-0,261432905;-0,030046048;47,34439465;-0,673492688;-3,556590548;0,632282053;-0,339050772;-4,813535136;0,013506941;0,009050101;-2,226970898;1,95347662;-9,285956379;-1,766370927;2,900601191;0,216409375
49,91656667;8,257552218;0;1;0;0;0;0;9;1;9;1;2;0;secondary;Ebersheim;2020;1;0;56,07542992;28,58818471;15,33638984;0,640081391;19,43248558;1,936541884;-0,060398487;-1,045267228;-0,180547769;-2,023213867;-0,014474006;-0,00591382;6,188529431;10,55568251;14,44288047;2,11971548;0,186393229;4,543016498;33,22311976;-0,585604331;-1,526227833;0,121354922;-0,132685121;0,531229497;-0,005846376;0,20537223;-1,125892599;0,693706684;-2,065972779;-0,536506207;0,003429299;-0,211292433;47,34439465;-0,66938431;0,287765615;0,397003286;0,577523641;0,710648087;0,003486088;0,009408187;-2,596134786;-15,80015033;-11,94660722;-1,0734955;-0,736597865;-1,171469714
50,00767751;8,247484848;0;1;0;0;0;0;8;12;2;6;0;0;secondary;Hartenberg-Münchfeld;2017;2;2;9,68259573;16,77667052;73,54073524;0,393767911;19,43248558;-2,255473839;-0,189036907;-0,680296814;-0,460846249;-3,667238967;-0,009983043;0,023340446;-0,851842012;-5,597593186;1,069234391;-0,582974073;0,138135888;3,314684513;33,22311976;-1,662315582;-2,752723206;0,12514429;-0,584420466;0,757096674;-0,01392177;0,65541282;0,337842148;-5,660872511;-7,514283292;0,221300782;0,138761844;-0,493470977;47,34439465;3,603467628;1,027385362;0,539694105;1,533617109;2,179317036;-0,003630174;-0,030399876;0,467816449;13,83365624;2,45931532;0,499249289;-0,361881396;0,448733497
49,9977234;8,270291681;0;1;0;1;0;0;4;11;5;3;0;0;tertiary;Altstadt;2021;2;1;31,86710775;44,47400272;23,65888953;0,818399121;19,43248558;0,458511361;-0,380030826;-0,759947004;7,435571656;-3,118048359;-0,015809999;-0,04504197;0,670132787;3,292785511;0,913030162;-0,473057087;0,28985812;4,166667814;33,22311976;-0,428761362;-1,675469784;0,09508136;5,785496071;1,899066268;-0,005519455;0,711957393;0,000179224;1,077882772;3,679599393;0,221800016;0,01224624;-0,12267518;47,34439465;-0,230810294;0,488963768;0,346426331;-19,52762061;1,016556151;0,000731991;-0,070828449;-0,348041814;-3,238722429;-0,063878197;0,235779988;-1,013300958;-1,280760597
49,98886491;8,25710507;1;1;0;0;0;1;4;1;1;5;2;0;residential;Oberstadt;2017;2;2;6,587722152;32,95734525;60,45493484;0,533462164;19,43248558;0,064254303;-0,255092775;-0,349400581;-0,060728983;-1,496547634;0,050813981;-0,306993248;1,32374269;-4,446951392;-1,331441837;0,868127608;0,024281947;-6,92882751;33,22311976;-0,249368876;0,322555216;-0,025087217;0,032667309;-0,190764734;-0,007227633;-0,061675129;0,021259609;-0,111596677;-0,181163093;0,10495371;-0,002609435;0,082282436;47,34439465;-1,666432955;1,034011619;0,703445877;1,065367694;2,09624918;-0,027228777;-0,00368737;-4,667697631;9,412446459;-0,673239767;-2,295477324;-0,33470449;8,467487666
50,01630964;8,239783928;0;1;0;0;1;0;12;16;5;2;1;1;secondary;Neustadt;2019;2;2;27,23767459;32,02272654;40,73959589;0,881428837;19,43248558;-0,25147918;-1,041662375;-0,721649551;-0,224561024;11,24261075;-0,019835716;0,072397395;-0,477995631;2,369770907;-4,628241098;0,030904581;-0,729777999;2,184707951;33,22311976;0,001794789;-0,250529031;0,206324901;-0,194320454;-5,29408136;-0,00226644;-1,001125066;0,366787904;1,209254932;4,711157522;-0,632365544;-0,231908372;-0,089117008;47,34439465;-0,107243717;1,47091932;0,937095636;0,995649257;-9,524540496;0,004954367;0,076953193;0,056503479;-5,038033938;3,345744528;0,20791501;1,69761051;-0,728325916
49,99842459;8,269678693;0;1;1;0;0;0;7;7;6;4;0;0;path;Altstadt;2017;1;1;32,26867616;39,6832943;28,04802656;0,897977968;19,43248558;1,741868732;-0,308166315;4,131685464;-0,217141795;-3,40063399;-0,011649848;0,012017432;-4,413010183;8,13399574;5,288166612;-1,640756337;0,088738887;3,431076179;33,22311976;-1,609274464;-3,677036881;-1,702598412;-0,641952453;3,823958071;-0,024969528;0,483780823;0,035585284;2,011183337;7,161596178;1,268279986;0,044850744;-0,713228149;47,34439465;-2,23270247;0,297910915;-3,054915236;0,650385833;1,104634732;-0,000718574;-0,0711577;1,91859765;-9,585090562;-9,63761858;1,562583216;-0,221687986;-0,02658933
49,99971707;8,218307838;0;1;0;0;0;1;5;16;5;2;0;0;secondary;Gonsenheim;2019;2;2;15,53940922;36,54129803;47,91928828;0,715483343;19,43248558;0,520390962;-0,508891642;-0,499918345;-0,380262562;-2,466084467;0,012303223;-0,052808112;-0,420020619;2,792918375;-5,488971723;-0,176951683;0,15558228;2,619637951;33,22311976;-0,209915056;-0,575312569;0,014954888;-0,13082598;0,669688255;0,014214668;0,173589657;0,206825328;0,736336748;2,552623043;-0,058488985;0,009679156;-0,085190883;47,34439465;-0,063793476;0,215270672;0,157407442;0,35005462;0,439747628;-0,005172667;-0,013402917;0,00428727;-1,086585974;0,784551838;0,083356649;-0,094805629;-0,196021835
49,96868889;8,226028937;0;1;0;0;0;0;10;12;2;6;0;0;secondary;Bretzenheim;2021;2;2;9,741865098;16,26723707;73,99089336;0,387523935;19,43248558;-2,247034188;-0,19078774;-0,676161304;-0,457526909;-3,648957351;-0,009922357;0,054494315;-0,84359584;-5,587645565;1,062827339;-0,577691076;0,137269155;3,294111035;33,22311976;-1,514619966;-2,496531319;0,109978641;-0,526197671;0,657642711;-0,013152095;-0,760461971;0,262065042;-5,371883622;-7,15637014;0,199479967;0,128782629;-0,474614902;47,34439465;3,666243222;1,04503996;0,548980581;1,557803037;2,216766436;-0,003788174;0,009865677;0,460932907;14,05365072;2,488981432;0,507650355;-0,36304672;0,457419279
50,01629973;8,23985184;0;1;0;1;0;1;6;15;5;2;0;0;secondary;Neustadt;2021;1;1;30,17252386;46,34651542;23,48096818;0,796381709;19,43248558;0,676967806;-0,608393711;-0,674130133;11,70030198;-3,267055288;0,025283183;0,050290693;-0,147756265;3,545949011;-4,907993369;-0,264222056;0,440175511;4,170620915;33,22311976;-0,247061649;-1,400207238;0,043005895;4,699543446;1,987263896;0,024083454;0,363880504;0,434787273;1,440574387;6,057808149;-0,148661613;0,02652479;-0,158145637;47,34439465;-0,311156529;0,528800196;0,345554551;-20,64840082;1,02661582;-0,018244495;-0,087644069;-0,132500849;-3,423574845;0,996263835;0,196034801;-0,999126227;-1,33604785
49,97587035;8,239932276;0;0;0;0;1;0;9;11;0;1;0;0;tertiary;Bretzenheim;2019;2;1;28,78378332;42,90122688;28,31498981;0,856424185;19,43248558;0,679863812;1,597856228;-0,658653256;0,067716629;9,96543103;-0,013919974;-0,081127428;0,664644401;-8,595805097;5,102584975;-0,287468162;0,245633208;0,664541367;33,22311976;-0,496258237;7,905231604;0,399331731;-0,146591143;-7,745724311;-0,05297261;0,494044926;-0,21975506;5,866523923;3,541924037;-0,000444971;0,036795932;0,096001294;47,34439465;-0,923740017;-3,76040273;0,407819936;0,264471476;-5,069283812;-6,73728E-06;0,019470522;-0,52586578;0,946867819;-10,20502461;0,366039445;-0,745370293;0,195619935
49,9975863;8,253390653;0;1;0;0;0;0;3;12;2;6;0;0;primary;Hartenberg-Münchfeld;2020;2;2;9,285263717;16,82246029;73,89227748;0,388124212;19,43248558;-2,173396349;-0,152012183;-0,583481233;-0,455552729;-3,113395325;-0,008454543;-0,016111631;-0,726287244;-5,991827291;0,800313096;-0,498705719;0,118761816;2,652927469;33,22311976;-1,604586586;-2,667243143;0,117367135;-0,51923465;0,690899968;-0,011612275;0,084467021;0,344612123;-5,180726324;-7,120732648;0,202720482;0,131942467;-0,868533039;47,34439465;3,643265885;1,067729753;0,55204165;1,612316454;2,207169723;-0,003725498;-0,012976089;0,476993839;14,71236266;2,537139626;0,520090865;-0,363853355;-0,400672688
49,97183249;8,316057195;0;0;0;1;1;0;5;5;5;3;0;0;motorway;Weisenau;2017;1;0;70,94472051;21,56515568;7,490120828;0,422811372;19,43248558;0,212640483;5,860244433;-1,128821098;8,566559875;20,74717894;-0,019531118;-0,071072952;1,257554419;1,464068222;0,591982636;-0,405508049;0,245656979;14,19128215;33,22311976;-0,092859689;-3,672853755;1,306922981;0,248354207;-7,547450445;-0,024284791;0,61364774;-0,079018162;-1,048088642;3,891058638;0,036723382;-0,023880079;-5,266235462;47,34439465;-0,230146748;-4,567678675;0,461833916;-16,0304327;-5,393522538;-0,002483358;-0,106859042;-0,467366713;-1,368354704;0,331769157;0,198325021;-0,908597525;-11,77075992
49,98843076;8,281075513;0;1;0;0;0;0;10;8;2;2;0;0;tertiary;Oberstadt;2016;2;2;7,777822018;21,21023685;71,01194263;0,422973412;19,43248558;-1,413281932;-0,422622988;-0,47411383;-0,430674477;-2,679988079;-0,008483059;0,037436232;-0,754542135;-2,639806074;-4,678764174;-0,290438075;0,144015517;1,95659951;33,22311976;-1,618349789;-4,553280945;0,139638525;-0,914503567;2,221978689;-0,03457752;-1,094157214;-2,51104554;-13,87684409;10,63519109;0,051401914;0,07088837;-0,529222835;47,34439465;3,092821663;1,062046578;0,514487143;1,495421659;2,222247081;-0,00151728;0,024451733;1,548231135;11,36885679;2,273727911;0,458055821;-0,336755814;-0,05452645
49,91564849;8,253044544;0;1;0;0;0;0;9;7;1;5;0;1;secondary;Ebersheim;2022;2;2;10,32912508;29,57604825;60,09482741;0,565346974;19,43248558;0,351280694;-0,216429168;-0,426006554;-0,126078274;-2,289826486;-0,01503388;0,163523376;-1,52269282;-6,064278046;-0,039002308;-0,501616559;-0,1962332;1,779032716;33,22311976;1,430669591;4,129370737;-0,187057201;0,640516246;-2,705304464;0,026210408;-0,21143976;-0,043725316;-1,701973432;-5,077565723;-0,659380485;0,561190932;0,151416959;47,34439465;-0,160379542;0,604341677;0,567104504;0,819626022;1,83732149;0,000151028;0,099249774;1,868608378;6,586524589;-1,006122574;0,57354047;0,98248513;-0,022018186
49,99700976;8,247734532;1;1;0;0;0;0;5;9;5;2;0;0;trunk;Hartenberg-Münchfeld;2018;2;2;16,12006277;33,72409344;50,1558423;0,70518323;19,43248558;0,112696068;-0,415446233;-0,411939574;-0,325748268;-2,3239133;-0,006359187;-0,056119809;0,519888983;1,261648772;-4,659977952;-0,168475507;0,123065752;3,038257438;33,22311976;0,244420753;-0,498830324;0,132841391;-0,086044484;0,647906025;-0,011438021;0,164901545;-0,536392802;0,18580361;1,818058722;-0,027475113;0,004361037;-1,537138664;47,34439465;-1,031280937;0,884875515;0,395701965;1,435298987;1,91073105;0,002287018;-0,046055896;-0,683925127;-1,54212152;3,066573581;0,408642433;-0,386611149;-1,602668268
50,01380697;8,203812812;0;1;0;0;0;1;2;13;2;6;0;1;motorway;Gonsenheim;2016;2;2;14,20798898;25,77676773;60,01524329;0,587421862;19,43248558;-1,356701841;-0,105146082;-0,522717625;-0,357535407;-2,969711382;0,00841114;-0,023333514;-0,571058584;-3,740364513;0,790766139;-0,36736376;-0,400593742;4,390852565;33,22311976;-0,934561175;-0,796831659;0,442400416;-0,28047861;0,488052122;0,028288291;-0,317531807;0,234129113;-2,926782711;-4,499751228;0,133070792;-0,572513376;1,556157801;47,34439465;3,39298756;1,873194797;1,451424455;1,851757628;4,577774071;0,154601362;0,002273267;0,918215521;14,84888412;1,78011413;0,816599238;1,893501699;-20,89047921
50,02799494;8,221156765;0;1;0;0;0;0;7;15;3;6;0;0;secondary;Mombach;2020;2;2;19,24991161;29,05806899;51,69202089;0,711817229;19,43248558;-0,098400779;0,060470514;0,13914865;0,067663501;0,461069194;0,004123917;-0,002289362;0,112065039;-0,06709585;-0,245388461;0,092470876;-0,02410226;-0,682308956;33,22311976;-1,238517445;-1,911754209;0,067763854;-0,299995623;0,923984397;-0,017716245;0,468615269;0,450200965;2,910657495;-5,466895088;0,182407914;0,133229234;-0,367031288;47,34439465;0,218482721;0,650516845;0,568821596;1,14015035;1,226747437;0,006089038;-0,07978791;0,198262676;-1,465507105;2,289678666;0,386635327;-0,352374793;-0,440088612
49,99088993;8,252404706;1;1;0;0;0;1;12;12;3;1;0;1;tertiary;Oberstadt;2022;2;2;28,11405659;34,09615457;37,78978288;0,915428118;19,43248558;-0,213198977;-0,103942771;-0,337686786;-0,170172526;-2,254573054;0,019728036;0,086674439;-0,142655989;0,350581356;9,60800824;-0,398816458;-0,609446719;2,847072213;33,22311976;-0,880440323;1,457432012;-0,01757184;0,102984759;-0,852522188;-0,028668514;0,907827457;-0,205785822;-0,927156095;1,131280776;-0,124538256;0,131875967;0,178316876;47,34439465;-0,802221013;0,418434337;0,223040913;0,473852569;1,079473876;-0,021044034;0,065398535;0,028926008;-1,146448928;-11,62853142;0,435998673;1,799809397;-0,481300682
49,99391244;8,278318718;0;1;1;0;0;1;1;16;6;4;0;0;tertiary;Altstadt;2019;2;1;34,79593694;39,51176405;25,69229901;0,878325668;19,43248558;1,733010989;-0,286264769;4,113558161;-0,22519263;-3,306536291;0,012458657;-0,006475225;-1,462870717;7,976367746;4,919040759;-1,42361125;0,087893291;3,232072637;33,22311976;-1,490033304;-3,466719427;-1,111340547;-0,5460071;3,298652607;0,057577032;-2,341008247;1,717152227;2,294554248;5,788136025;1,151410592;0,042439381;0,893830802;47,34439465;-2,225146858;0,298702438;-3,169435611;0,638037358;1,079402306;-0,008603571;0,056515116;0,106065717;-9,735184482;-9,784986605;1,454284461;-0,221705017;-0,140040898
49,97631435;8,289169121;0;1;1;0;0;0;12;7;5;2;2;0;tertiary;Weisenau;2016;2;2;17,47489274;39,96448517;42,56061912;0,761063257;19,43248558;0,879345474;-0,47914246;3,508436506;-0,296415904;-2,416570284;-0,008759782;-0,017649177;-2,9815398;2,169837469;-6,247792276;1,725818529;0,10304703;2,103791828;33,22311976;-0,305583435;-0,678067602;-0,5064729;-0,19466097;1,178036582;0,001331377;-0,51443395;0,169181205;1,391582037;5,932456667;0,205309397;0,011509917;0,05117708;47,34439465;-1,400061029;0,98476378;-6,467111867;1,571827673;2,324698256;0,003545744;0,227194218;2,455195196;-5,809075706;5,431934107;-3,508834203;-0,382502558;-0,215349151
49,9865669;8,288321793;1;0;0;0;0;1;4;11;0;1;0;0;tertiary;Oberstadt;2020;2;1;15,48319906;52,79385448;31,72294796;0,675978585;19,43248558;-1,408717498;-0,444093761;-0,238751542;0,011928358;-2,654095795;0,016794021;-0,068161247;0,791233448;-6,897720766;5,910784522;-0,435955804;0,171570001;1,295899539;33,22311976;1,559596572;9,398145544;0,120786607;-0,086127338;1,619148808;0,111177648;0,695556199;-0,0328393;4,310439571;1,595470332;0,053535056;0,029261061;0,196583954;47,34439465;0,784296503;-4,203012906;0,171615001;0,472016224;1,679117881;-0,021941892;-0,083551602;-0,76042654;0,587438178;-14,25297608;0,619472497;-0,822917104;0,209423144