Latitude;Longitude;IstRad;IstPKW;IstFuss;IstKrad;IstSonstig;TagKategorie;Monat;Stunde;Unfallart;Unfalltyp;Lichtverhältnisse;Straßenverhältnisse;Straßenart;Stadtteil;Jahr;Unfallklasse Wahr;Unfallklasse Bestimmt;Wahrscheinlichkeit Klasse 0;Wahrscheinlichkeit Klasse 1;Wahrscheinlichkeit Klasse 2;Unsicherheits-Score;Base-Value Klasse 0;SHAP_0_IstRad;SHAP_0_IstPKW;SHAP_0_IstFuss;SHAP_0_IstKrad;SHAP_0_IstSonstig;SHAP_0_TagKategorie;SHAP_0_Monat;SHAP_0_Stunde;SHAP_0_Unfallart;SHAP_0_Unfalltyp;SHAP_0_Lichtverhältnisse;SHAP_0_Straßenverhältnisse;SHAP_0_Straßenart;Base-Value Klasse 1;SHAP_1_IstRad;SHAP_1_IstPKW;SHAP_1_IstFuss;SHAP_1_IstKrad;SHAP_1_IstSonstig;SHAP_1_TagKategorie;SHAP_1_Monat;SHAP_1_Stunde;SHAP_1_Unfallart;SHAP_1_Unfalltyp;SHAP_1_Lichtverhältnisse;SHAP_1_Straßenverhältnisse;SHAP_1_Straßenart;Base-Value Klasse 2;SHAP_2_IstRad;SHAP_2_IstPKW;SHAP_2_IstFuss;SHAP_2_IstKrad;SHAP_2_IstSonstig;SHAP_2_TagKategorie;SHAP_2_Monat;SHAP_2_Stunde;SHAP_2_Unfallart;SHAP_2_Unfalltyp;SHAP_2_Lichtverhältnisse;SHAP_2_Straßenverhältnisse;SHAP_2_Straßenart
49,99948164;8,258000786;0;1;0;0;0;0;8;4;8;1;2;0;primary;Hartenberg-Münchfeld;2016;1;0;56,72540665;26,3476789;16,92690998;0,639758583;19,43248558;1,978894501;-0,057072351;-1,026972806;-0,213931573;-1,872679701;-0,018087041;0,032058341;4,922985144;11,09037889;14,44405756;1,917971044;0,155419313;5,939899743;33,22311976;-0,573045941;-1,67532634;0,15048824;-0,142151862;0,458341427;-0,010038415;0,092730214;-2,569241808;1,560619386;-2,893681073;-0,681600284;0,006829098;-0,599363503;47,34439465;-0,909027049;0,285860041;0,44246004;0,674207691;0,775236159;0,002785846;-0,049664529;-1,733251593;-12,87231151;-13,07479811;-1,416457045;-0,688091791;-1,854432821
49,97382644;8,289293268;0;1;0;0;0;0;3;7;5;2;0;0;tertiary;Weisenau;2022;2;2;12,90004998;36,01795435;51,08199716;0,666891611;19,43248558;0,445675035;-0,489330585;-0,419541956;-0,311818555;-2,155401891;-0,00667995;-0,022498708;-2,767113606;2,168472099;-5,027299359;-0,218351783;0,133945046;2,137508614;33,22311976;-0,160688846;-0,390658428;0,017976534;-0,111557139;0,543191796;-0,002269176;0,050378585;0,097202981;0,570826336;2,307076595;-0,046243211;0,005205224;-0,085606663;47,34439465;-0,202756288;0,610826994;0,42097693;0,97612867;1,275882812;0,001508631;0,027503992;1,574792224;-2,955039546;2,344622584;0,342276132;-0,252863426;-0,426257208
50,00018176;8,276458924;1;0;0;0;1;1;12;10;5;3;0;0;secondary;Altstadt;2016;2;0;52,4545908;21,86741531;25,67800283;0,711288938;19,43248558;1,637430731;5,664298202;-0,647500819;-0,19079429;18,48288308;0,013530409;0,376709533;0,830440491;2,963044901;1,598644554;-0,283715136;0,122356909;2,454776646;33,22311976;0,328459645;0,25583336;0,221785286;-0,124231377;-8,866579512;-0,192116421;-1,559326646;-0,676096812;-1,522638682;0,84336385;-0,039088934;0,017897576;-0,042965785;47,34439465;-1,405906536;-7,824534217;0,427711226;1,22239812;-11,06960439;-0,016800011;0,08955167;-0,662122985;-2,067065858;-0,409451355;0,45203451;-0,432089326;0,029487334
50,01935454;8,220797461;1;1;0;0;0;0;1;13;5;1;0;0;tertiary;Mombach;2020;2;2;29,67856824;34,74108279;35,58034599;0,944698826;19,43248558;-0,684689375;-0,127340873;-0,305178319;-0,212264932;-2,577075314;-0,008946865;0,03828756;-0,225140375;2,235869965;9,468507285;-0,382131146;0,12510103;2,901084018;33,22311976;-51,81966287;74,65607193;-1,838549445;7,182108994;-56,22648332;0,282427346;40,04205367;-31,29949266;-37,18661148;57,7352616;-6,572609968;-0,687893032;7,251342261;47,34439465;0,527307275;0,485331173;0,204604696;0,951773183;1,304913428;-0,001163486;0,085079221;-0,040543186;-1,341220686;-13,17352503;0,441772861;-0,531373077;-0,67700504
50,0195344;8,220806901;0;1;0;0;0;0;5;19;0;7;0;0;tertiary;Mombach;2018;1;2;20,97654641;35,53977609;43,48368049;0,802292595;19,43248558;1,199120108;0,097966769;-0,652725071;-0,020214801;-1,990121637;-0,011071342;-0,394469613;1,115902074;-1,512955799;2,662157262;-0,442328398;0,126509175;1,366292097;33,22311976;-0,867769461;-2,509013449;0,107539147;-0,304658862;1,166756902;-0,011514817;0,834709993;0,434805728;1,085162989;2,320135689;0,241506504;0,023718526;-0,204722565;47,34439465;-0,396135148;0,539770511;0,608989646;0,506667389;1,347820934;-0,000314084;-0,039750863;-0,521370978;-4,763266814;-0,861617319;0,43120466;-0,404410703;-0,308301399
49,96164434;8,227324861;0;1;1;0;0;0;12;17;6;4;1;0;tertiary;Marienborn;2016;2;0;39,42435086;36,66514456;23,91050905;0,856651956;19,43248558;1,872671996;-0,304628026;4,842688214;-0,222336884;-3,430447124;-0,012426479;0,095083726;-1,765707179;8,766347398;5,840246754;0,592236623;0,091652628;3,626483629;33,22311976;1,961481455;4,348383167;1,781464631;0,618399187;-3,577810726;0,027524306;3,567594287;-2,154750247;-1,830991299;-5,076191397;4,5345478;-0,051043631;-0,706582731;47,34439465;-2,233740076;0,275868151;-3,130506708;0,573667918;1,001681801;-0,000340176;0,04692378;0,1244521;-9,383204936;-10,3951492;0,045455576;-0,213048687;-0,145945149
50,01627971;8,238288174;0;1;0;0;0;1;5;10;2;6;0;0;secondary;Mombach;2022;2;2;10,00802889;16,75044;73,24153781;0,398535916;19,43248558;-2,384001605;-0,202184265;-0,748847855;-0,47691739;-3,868586614;0,00999604;-0,090061746;-0,080675202;-5,898530902;1,230118612;-0,639802615;0,144955864;3,580080989;33,22311976;-1,700956937;-2,806914192;0,122962815;-0,579778236;0,744930998;0,054905287;0,767258545;-0,310796538;-5,4627237;-7,218417354;0,235080973;0,132367905;-0,450599326;47,34439465;3,60634328;1,027005238;0,546809484;1,531665061;2,179970659;-0,006142198;-0,029071557;0,167727039;13,84670649;2,469446665;0,499049802;-0,354418;0,412051195
49,99941946;8,257901508;0;0;1;0;1;0;10;14;6;4;0;1;primary;Hartenberg-Münchfeld;2020;2;0;62,28501201;22,42966592;15,28531611;0,561339439;19,43248558;0,739447987;6,011674248;5,430727657;-0,131919792;18,22116743;-0,007664807;0,184073158;-0,8805205;8,134823083;3,638379084;-1,025816591;-0,390156442;2,928311909;33,22311976;-0,472430657;1,658419884;-2,582757597;-0,140741405;-10,59031699;-0,039494707;-0,817202213;0,678306409;-0,210366453;1,827593604;0,110702266;-0,235386502;0,020220522;47,34439465;-2,31329319;-4,180539483;-3,602989245;0,227433214;-6,287104278;1,55409E-05;-0,005744734;-0,043916759;-8,372428567;-8,947669762;1,399321889;0,732732667;-0,664895838
49,95630054;8,187441005;0;1;0;0;0;0;11;8;2;6;0;0;secondary;Lerchenberg;2022;2;2;9,710776061;15,34457505;74,94464517;0,373926293;19,43248558;-2,34026877;-0,193207671;-0,738737261;-0,461180908;-3,862105761;-0,011114185;0,062408755;-0,774018264;-5,808611514;1,334417618;-0,646294703;0,146934294;3,570068847;33,22311976;-1,361411936;-2,286048896;0,114952559;-0,476053289;0,606074664;-0,015627264;-1,319470131;-1,109100631;-5,070442582;-6,898489575;0,210431976;0,112865885;-0,386225492;47,34439465;3,610433974;1,00508542;0,545924824;1,534615381;2,234978318;-0,003771213;0,076030744;1,634566806;13,94731179;2,336701364;0,553099966;-0,345517009;0,470790144
49,98447104;8,301803823;0;1;0;0;0;1;8;20;2;6;1;0;secondary;Weisenau;2018;2;2;13,37517202;17,78180301;68,84302497;0,465989256;19,43248558;-4,831137328;-0,297516403;-2,034718946;-0,88092784;-7,688960341;0,029173496;0,079396334;7,283327731;-10,2449704;3,254300377;0,52720375;0,273787786;8,473728221;33,22311976;-1,536488447;-2,549671817;0,167434119;-0,481764476;0,598416003;0,049579668;0,519878799;0,48455233;-4,779577129;-6,586285889;-0,932561644;0,128262789;-0,523091055;47,34439465;3,522021995;0,970914487;0,588299187;1,468046458;2,120332411;-0,016806149;-0,03467445;-2,559004185;12,83387951;2,163520505;0,341868299;-0,3449613;0,445193548
49,95875352;8,274595663;0;1;0;0;0;0;4;13;1;5;0;0;residential;Hechtsheim;2021;1;2;5,88087216;29,43958342;64,6795392;0,487449973;19,43248558;0,153757606;-0,317873546;-0,376025796;-0,074476778;-1,551980351;-0,017476392;-0,085737779;0,531190219;-4,396437474;-0,589172227;-0,233993326;0,078886308;-6,672273888;33,22311976;1,721222076;4,805911597;-0,182272557;0,710685518;-2,888639891;0,024306414;-0,979482856;-0,947455635;-2,404543303;-4,911240882;-0,595767311;-0,050358432;1,914098922;47,34439465;0,047987151;0,99115873;0,655378894;1,046253501;1,944093458;-0,00086362;-0,006180908;0,101110386;6,092848133;-0,826920542;0,52224888;-0,321348306;7,089378792
50,02646451;8,226133204;1;1;0;0;0;0;9;11;5;3;0;0;tertiary;Mombach;2016;2;2;21,05513662;34,08790231;44,85696256;0,793559626;19,43248558;0,20439;-0,129676793;-0,22280344;-0,109976911;-1,32615911;-0,003877356;-0,010955105;0,336892636;0,847234657;0,769570468;-0,186982258;0,046233245;1,408761004;33,22311976;0,217546088;-0,353372458;0,013701437;-0,054428632;0,318910415;-0,00217872;0,072656273;0,003981678;0,181548923;0,459176982;0,029362574;0,001515162;-0,023637177;47,34439465;33,86127445;-18,81985152;-9,761023407;-33,33939915;-46,83321126;0,021292069;-0,47398546;12,38971683;37,56661117;8,591425727;-12,67157261;9,863951063;17,11734
49,96634617;8,272794538;0;1;0;0;0;1;12;11;5;3;0;0;residential;Hechtsheim;2017;2;2;9,952577204;31,40664697;58,6407721;0,577358603;19,43248558;0,137239919;-0,399111867;-0,497317416;-0,091063389;-1,658411418;0,010099305;0,062799378;0,686543889;1,00355917;0,01370877;-0,218413298;0,059852883;-8,589394306;33,22311976;4,286705114;10,00084825;-0,428920166;2,322154084;-8,565466679;-0,252593439;10,82717674;0,604926805;-8,094581772;-19,32086672;-0,956873221;-0,0757328;7,83675101;47,34439465;0,27090019;1,165030896;0,751499877;1,063591198;1,759683273;-0,012162842;0,065925896;-0,487444679;-3,514157979;0,60372288;0,505723696;-0,382856076;9,50692112
50,01635005;8,239402125;0;1;1;0;0;0;12;17;6;4;2;0;secondary;Neustadt;2017;2;0;49,48485792;34,36788321;16,14725292;0,710871119;19,43248558;2,018243943;-0,282425504;6,776337199;-0,200275002;-3,282306445;-0,01261952;0,106913732;-1,832733709;9,559014414;7,052121436;5,974930129;0,081479096;4,093692566;33,22311976;0,383949433;0,848332353;0,52170933;0,117076414;-0,670660136;0,004408791;0,653537234;-0,370631535;-0,340153861;-0,825601856;0,900393945;-0,009847687;-0,06774898;47,34439465;-2,393129196;0,246504117;-3,853081007;0,424059154;0,838079394;-0,000316221;0,044322555;0,190500069;-9,485897384;-11,69027552;-4,869848361;-0,190590325;-0,457469017
49,96164932;8,279064426;1;0;0;0;0;0;5;15;5;3;0;0;residential;Hechtsheim;2022;2;2;12,88915724;39,61071074;47,50013351;0,685818198;19,43248558;0,280600132;2,334504669;-0,27112122;-0,104024962;-2,446051756;-0,006094308;-0,07024929;0,217569423;0,983786418;0,795224468;-0,211338463;0,085554483;-8,131687941;33,22311976;0,996632809;3,899985951;0,058027469;-0,106542894;1,648822701;0,010960788;0,406515433;0,262766213;-1,373434294;0,616617762;0,028667343;0,008496543;-0,069924847;47,34439465;-0,244788128;-1,00341736;0,04687664;0,143005393;0,333623122;-0,000210518;-0,006313962;-0,008724948;-0,264548662;0,016919565;0,062657312;-0,058052364;1,13871277
50,00263293;8,209717063;1;1;0;0;0;0;2;13;0;6;0;0;secondary;Gonsenheim;2016;2;2;17,76055247;31,62215352;50,6172955;0,714296923;19,43248558;-0,258243008;0,025789417;-0,216034266;-0,01518485;-1,174790554;-0,005956398;0,145225663;-0,097844599;-1,582243899;0,599043162;-0,22479014;0,062337295;1,070759061;33,22311976;1,142969989;-1,103681185;0,032889747;-0,125558538;0,532252364;-0,006550816;-0,189830313;0,096767485;0,36676015;-2,330801787;0,063382546;0,033263344;-0,112829228;47,34439465;-3,346111364;1,53842634;0,939352871;1,695160019;3,691185362;-0,002755857;0,022958439;0,197624475;-5,289002754;4,743232098;1,31466309;-1,055321433;-1,176510438
49,98365545;8,292776036;0;1;1;0;0;0;8;16;0;7;0;0;tertiary;Weisenau;2017;2;2;23,7826854;36,20243669;40,01487494;0,852984884;19,43248558;1,718643918;0,141036408;3,667797898;0,012772619;-2,542767546;-0,010738605;0,032583988;-1,122072364;-0,950124634;3,103519406;-0,918056228;0,117271106;1,100333851;33,22311976;-1,659469591;-4,686053098;-1,902403966;-0,566916725;2,927722707;-0,022576917;0,637700792;1,277408256;1,499731128;4,271997202;0,770627089;0,048502473;0,383047574;47,34439465;-1,01166104;0,391750625;-3,376822775;0,268306439;1,215932863;-0,000789043;-0,030473875;0,145926189;-4,478843209;-0,902039644;0,6543335;-0,31448817;0,109348421
49,92320369;8,266221634;0;1;0;0;0;1;1;10;2;6;0;1;secondary;Ebersheim;2019;2;2;9,620434046;15,24487585;75,13469458;0,371090505;19,43248558;-2,294404302;-0,186527188;-0,740737253;-0,387649497;-3,747167844;0,013483413;-0,028030706;-0,078712512;-5,822959532;1,30870189;-0,616320611;-0,664169776;3,432442379;33,22311976;-1,50612101;-2,413537748;0,105545961;-0,468560047;0,614164748;0,051568134;-1,077581709;-0,132050164;-4,971156388;-7,089138499;0,199530462;-0,840612058;-0,450295595;47,34439465;3,711617931;1,044489217;0,600344727;1,192226541;2,221371974;-0,011956303;0,056933523;0,175381556;14,23219729;2,312978232;0,531712712;1,288472461;0,434530061
49,97870791;8,310796151;0;1;0;0;0;0;5;21;3;6;2;1;secondary;Weisenau;2021;2;2;23,79505038;27,76486278;48,44008684;0,770805528;19,43248558;0,53164979;-0,14880504;-0,786252941;-0,155444135;-1,378630015;-0,016169672;-0,088694312;2,01139824;-0,415387275;1,272669364;1,23248715;-0,314939752;2,618683397;33,22311976;-1,202272916;-1,558260004;0,1331768;-0,210452074;0,599014907;-0,012162614;0,423258431;0,32672713;1,994903929;-4,456450475;-0,501009424;-0,687762478;-0,306968198;47,34439465;0,18643301;0,57317801;0,790597745;0,69145185;1,04718229;0,011106102;-0,092270612;-2,120139738;-0,761307871;1,542545885;-1,355157186;1,035285483;-0,453212781
50,00977584;8,266749436;0;1;0;0;0;0;4;12;2;6;0;1;secondary;Neustadt;2016;2;2;9,217210114;15,80495536;74,97783303;0,372732618;19,43248558;-2,196924172;-0,17521686;-0,680188408;-0,381856552;-3,585975513;-0,011145333;-0,053237372;-0,841160835;-5,569678904;1,234901708;-0,570935714;-0,664506908;3,280649393;33,22311976;-1,724644094;-2,722174303;0,123014835;-0,560083602;0,725521566;-0,012113189;0,823378748;0,271444929;-5,502635647;-7,600476185;0,207909647;-0,958503499;-0,488803604;47,34439465;3,634716015;1,027273749;0,584757977;1,17389615;2,176130216;-0,002748534;-0,002732884;0,513919707;13,97717551;2,25971607;0,521129719;1,329532109;0,440672575
49,99069825;8,261599115;0;1;0;1;0;1;7;14;3;7;0;0;residential;Oberstadt;2016;2;2;15,01880139;39,1486764;45,83251476;0,719250156;19,43248558;0,203852702;-0,286250922;-0,42970845;2,121995592;-1,099897944;0,043806199;0,04478894;0,09316191;0,452672752;1,747091861;-0,184611463;0,122642544;-7,243227915;33,22311976;-0,477649548;-1,875255243;0,087303592;3,915867263;1,315736649;0,028807564;0,402573094;0,495386969;0,853413069;1,48161718;0,259521325;0,02403968;-0,585804963;47,34439465;-0,040069642;0,500472585;0,271759544;-8,832065004;0,55020557;-0,020210948;-0,109091678;-0,015648855;-0,844437686;0,956088934;0,174552626;-0,670061395;6,566626057
49,99169678;8,289166028;1;0;0;0;0;0;8;17;4;6;0;0;path;Altstadt;2016;1;1;24,59871471;40,42754173;34,97374654;0,860727438;19,43248558;-2,559070696;0,382828578;-0,121346973;-0,260333742;-2,182004806;-0,005985414;-0,007547165;-0,314418033;6,680310322;1,477638997;-0,206078893;0,067588177;2,214648772;33,22311976;2,094500152;5,139738136;0,060515596;-0,032045573;1,37254772;-0,03428942;0,243632961;0,289987939;0,149401008;-2,058547612;-0,00924969;0,022055123;-0,033824371;47,34439465;6,706844222;0,995716548;0,2048081;1,86143243;3,174138473;-0,002116295;-0,158170839;0,235029291;-23,25431164;-0,858817328;0,550014706;-0,507849026;-1,317366762
50,02114986;8,220669698;0;1;0;1;0;1;10;13;4;2;0;1;tertiary;Mombach;2017;2;1;33,64339471;42,96806157;23,38854522;0,830372642;19,43248558;1,412232251;-0,453434087;-0,473074065;13,65843962;-2,907094601;0,039145829;-0,054709557;0,183032305;14,24261278;-11,42331227;-0,120020061;-3,299715884;3,40680686;33,22311976;-0,409361171;-1,55272479;0,037064451;2,446316615;1,821046599;0,043492184;-0,376543976;0,325306342;0,330630429;7,311519516;-0,063549444;-0,239851265;0,071596315;47,34439465;-1,117649926;0,27325123;0,272519825;-18,71649468;1,057101624;-0,145421902;0,287150466;-0,128680495;-16,33143033;6,468159663;0,231004804;5,568752205;-1,67411192
49,99968939;8,258482962;0;1;0;0;0;0;5;7;5;3;0;0;primary;Hartenberg-Münchfeld;2019;2;2;20,04027516;33,81055593;46,14916742;0,773777077;19,43248558;0,143941572;-0,10898729;-0,18189498;-0,087734725;-0,811021766;-0,003953861;-0,015207304;-1,133929757;1,00882307;0,348563677;-0,156757921;0,030685933;1,575262925;33,22311976;-0,103570779;-0,266938946;0,017236156;-0,056726469;0,242441118;-0,001286809;0,080128946;-0,025128196;0,223761479;0,564230795;0,037740131;0,002484998;-0,126936251;47,34439465;0,38875382;-1,201081668;-0,990002382;-2,178441882;-2,885600087;0,001195752;0,187481942;-3,56307624;6,224213158;-0,216660303;-0,952682785;0,607033361;3,383640077
49,98928161;8,266673934;0;1;1;0;0;0;2;11;6;4;0;1;tertiary;Oberstadt;2017;2;1;36,0865891;39,11992013;24,79348779;0,869236492;19,43248558;1,637162426;-0,275138573;4,479394816;-0,135537021;-3,240190382;-0,01035552;-0,003898411;0,320401409;7,922035217;4,837849503;-1,416627434;-0,413368616;2,952376098;33,22311976;-1,299678215;-2,914891927;-1,163526451;-0,473608073;2,868368307;-0,017693559;-0,662471915;0,434369646;1,960905939;5,713273621;0,992204773;-0,406672398;0,866220625;47,34439465;-2,277158911;0,300849081;-3,548129767;0,320467182;1,094649192;-0,000221523;-0,029544725;-0,303616123;-10,06868751;-10,0496263;1,493856878;0,657684552;-0,141428892
50,0244211;8,232345899;1;1;0;0;0;0;10;0;5;3;2;0;secondary;Mombach;2016;2;2;24,73116964;34,49469507;40,7741338;0,859975988;19,43248558;0,001787235;-0,175119924;-0,572189965;-0,158386187;-2,025719434;-0,007871454;0,031984858;2,363104214;0,657789798;1,290641142;1,135535401;0,069690729;2,687437644;33,22311976;0,498700379;-0,551073045;0,064248969;-0,083441463;0,493281161;-0,003093975;-0,197261436;0,01116423;0,477636856;0,776493285;-0,148911977;0,003576865;-0,069744543;47,34439465;-1,774509226;0,934859379;0,83293379;1,727715532;2,413410916;0,006331715;0,020149612;-5,049403145;-0,627601741;-0,497685258;-2,710463707;-0,503336954;-1,342661766
49,97150504;8,283997479;1;1;0;0;0;0;9;16;5;2;0;0;tertiary;Hechtsheim;2019;2;2;14,18584436;36,10343337;49,71072972;0,689552202;19,43248558;0,133080194;-0,450912701;-0,315959445;-0,342032675;-2,523657901;-0,008455261;-0,017718366;-0,281826659;1,456257113;-5,099129064;-0,157149613;0,146242766;2,21462039;33,22311976;0,32252438;-0,585920582;0,005749662;-0,094476894;0,686856289;-0,004517433;0,100458962;0,213242427;0,504564729;1,835333814;-0,04902035;0,006758745;-0,06124014;47,34439465;-0,616447711;0,494903243;0,210868032;0,790722805;1,051200641;0,001400153;0,004813279;-0,027684433;-0,965659875;1,762105572;0,188647409;-0,221022017;-0,307512035
49,9858321;8,173736091;1;1;0;0;0;0;9;16;0;5;0;0;residential;Finthen;2020;2;2;10,42861566;35,69500446;53,87637615;0,622067429;19,43248558;-0,267091946;-0,140165218;-0,231648473;-0,010000345;-1,245760332;-0,017208523;0,093547493;-0,336653133;0,226737878;-0,924553639;-0,226410409;0,063919185;-5,988582462;33,22311976;1,345929275;-2,23528506;0,054456038;-0,215915072;1,249589365;-0,01400432;0,170082789;0,362027393;0,981464858;1,25024446;0,179465233;0,017616145;-0,673786402;47,34439465;-1,714732392;1,209098885;0,613116226;0,601956285;1,817147021;-0,001390655;0,015235592;0,146680381;-5,456128971;-1,023949649;0,602904198;-0,563684428;10,285729
49,96758428;8,25448009;0;1;0;0;0;0;8;16;2;6;0;0;motorway;Bretzenheim;2020;2;2;14,6452114;27,58197486;57,77281523;0,616670057;19,43248558;-1,332359113;-0,101078943;-0,495694632;-0,379904141;-2,899344526;-0,006456902;0,020611872;-0,778567975;-3,616275876;0,719246313;-0,357823659;0,08602661;4,354346788;33,22311976;-0,856433174;-0,786816566;0,407676987;-0,289569581;0,512948387;-0,007997454;0,363380531;0,394989815;-2,869159794;-4,167234071;0,139613971;0,079762222;1,43769383;47,34439465;3,391072034;1,890391751;1,380807868;2,392837548;4,610893767;-0,077487575;-0,046254558;1,103678645;14,80027486;2,108198499;0,689666196;-0,548887271;-21,2667712
49,99539045;8,279859128;0;1;0;0;0;0;10;19;2;6;2;1;secondary;Altstadt;2018;2;2;13,18919659;16,12588316;70,68492174;0,439149252;19,43248558;-6,527501803;-0,375201861;-3,06688924;-1,014247558;-9,446428229;-0,038640276;0,15701121;6,551383719;-12,81091241;4,818761636;6,539395024;-1,707323874;10,67730466;33,22311976;-1,339262681;-2,312457337;0,189831737;-0,419835301;0,517746252;-0,010494359;-0,653681513;0,375526164;-4,693826792;-6,853681405;-0,580625445;-0,806067722;-0,510408197;47,34439465;3,63834557;1,001373547;0,800009123;1,186685553;2,047885083;-0,000882013;0,002660541;-0,718017461;13,31061816;2,101486137;-1,686371541;1,172388523;0,484345864
49,99971707;8,218307838;0;1;0;0;1;0;6;9;5;3;0;1;secondary;Gonsenheim;2016;2;2;34,50900018;28,92457843;36,56642139;0,931510398;19,43248558;-0,17734276;-0,791032283;-0,760309614;-0,125360647;10,80222867;-0,009566401;-0,00932224;0,555858662;2,170195732;1,573129288;-0,264184351;-0,429438918;2,54165946;33,22311976;-0,148936658;-0,678942698;0,343474664;-0,279322046;-5,715047667;-0,020576481;0,44256149;-2,201192024;1,101250311;2,977877943;0,100609624;-0,19418118;-0,026116613;47,34439465;0,057630863;1,454826765;1,033666383;1,052756564;-10,6043857;5,19376E-05;-0,052469732;-0,557899392;-4,466705477;-0,198309901;0,595364792;1,946661556;-1,039161921
50,00020212;8,229584704;1;0;0;0;0;0;10;13;0;7;0;1;secondary;Gonsenheim;2019;2;1;14,74660039;46,3085115;38,9448911;0,71399874;19,43248558;-0,585914451;0,411547046;-0,362537269;0,107859152;-2,555890615;-0,01135455;0,294879011;-0,086593396;-3,987447428;2,314224522;-0,405843733;-0,763502894;0,944689412;33,22311976;1,247078059;6,649876597;0,115096561;-0,077133105;1,510070494;-0,03675504;-0,678388462;0,334876879;2,444248884;1,574277811;0,037488579;-0,144497091;0,109151569;47,34439465;-1,86787755;-8,852909384;0,565784881;-0,47966729;3,419656969;-0,000305473;0,031073159;-0,130338402;-3,405791978;-2,109518215;1,077891681;3,129958515;0,222539527
49,99197383;8,256908793;0;1;1;0;0;1;12;21;1;7;2;0;unclassified;Oberstadt;2019;2;2;26,49605572;31,43479228;42,06914604;0,862159197;19,43248558;0,878707306;-0,158753302;4,261993012;-0,08643098;-2,067920429;0,01189505;0,278853125;2,391818114;-4,997950504;2,667779668;2,523854292;0,024659583;1,335065206;33,22311976;0,939582261;2,385805056;1,723070365;0,274531715;-1,434602906;-0,399011186;0,728197924;-0,834503198;-0,635615075;-1,729613354;1,297043893;0,009208316;-4,112421293;47,34439465;-5,344467646;2,943733771;-27,99912231;4,457447613;10,70178986;-0,127657454;0,400431973;-12,59542872;42,05465947;-5,642206804;-15,61699246;-1,333930845;2,82649493
49,97172375;8,270839898;1;1;0;0;0;0;4;13;5;3;0;0;secondary;Hechtsheim;2020;2;2;20,51723003;34,39374566;45,08901834;0,78660842;19,43248558;0,169126862;-0,10568281;-0,165112402;-0,094520107;-1,083596045;-0,003087041;-0,020032288;-0,022157005;0,677821561;0,629995006;-0,145957189;0,037675178;1,210270732;33,22311976;0,280527561;-0,408409365;0,018489027;-0,067414263;0,39030751;-0,003248084;0,155197403;0,064769367;0,229824419;0,509123547;0,032748395;0,002737078;-0,034026695;47,34439465;8,553925888;-4,65373597;-2,430792133;-8,304484831;-11,52929316;0,007526846;0,253689483;0,204695274;8,911711254;1,995140875;-3,130435808;2,438446762;5,428229212
49,99710506;8,270981522;1;0;1;0;0;0;10;18;6;6;1;0;tertiary;Altstadt;2019;2;1;22,61817306;38,76868486;38,61314952;0,839266915;19,43248558;-0,848257525;0,708614377;1,081325012;-0,101507684;-1,952852441;-0,005138761;0,045989208;-0,575915227;2,646758584;0,480831342;0,174141044;0,040386638;1,491312911;33,22311976;2,059947801;5,023172373;-0,535580673;-0,079427419;1,225679324;-0,030290013;-0,474465316;0,307246295;0,017824876;-1,988634381;-0,432687789;0,057063127;0,3957169;47,34439465;2,460715515;-6,856442241;-2,445454206;2,008791238;3,853750685;-0,000870227;0,004273414;0,605855955;-13,31522751;3,486162545;1,142097138;-0,529748907;0,854851474
49,97727722;8,286685216;1;1;0;0;0;1;2;17;4;2;0;0;tertiary;Weisenau;2020;2;2;12,58890927;40,75480998;46,65628076;0,684664376;19,43248558;-1,2523564;-0,259312244;-0,151258644;-0,442254749;-1,935245008;0,025022827;-0,019380153;-0,191264716;2,539494461;-6,735473241;-0,08153467;0,182050143;1,477936079;33,22311976;0,983787437;-1,361147907;0,009477467;-0,126786348;1,413214394;0,048208463;-0,21247931;0,308807797;2,004949374;4,530081067;-0,04795355;0,012012707;-0,030481378;47,34439465;0,484225618;0,163499247;0,114197264;0,70779979;0,953790754;-0,011879057;0,040995212;0,001963925;-6,885982557;4,266815787;0,128752895;-0,280214319;-0,372078461
50,00148623;8,217870241;0;1;0;0;0;1;11;19;2;6;2;0;tertiary;Gonsenheim;2020;2;2;13,85498792;17,17768312;68,96733046;0,464716048;19,43248558;-6,95317475;-0,431841313;-3,15954815;-1,253085288;-9,898525932;0,044776044;0,17466741;6,772346115;-13,29448298;4,57957183;6,857457874;0,380610339;10,60373113;33,22311976;-1,29208003;-2,337134324;0,166292817;-0,38810276;0,51178825;0,041261689;-1,25748551;0,40652076;-4,566853145;-6,486502894;-0,601197199;0,106945162;-0,348889464;47,34439465;3,557721439;1,009236476;0,74432191;1,468808409;2,123107399;-0,00864616;0,074681917;-0,688641993;12,95186616;2,332407797;-1,62646048;-0,325313465;0,009846395