Latitude;Longitude;IstRad;IstPKW;IstFuss;IstKrad;IstSonstig;TagKategorie;Monat;Stunde;Unfallart;Unfalltyp;Lichtverhältnisse;Straßenverhältnisse;Straßenart;Stadtteil;Jahr;Unfallklasse Wahr;Unfallklasse Bestimmt;Wahrscheinlichkeit Klasse 0;Wahrscheinlichkeit Klasse 1;Wahrscheinlichkeit Klasse 2;Unsicherheits-Score;Base-Value Klasse 0;SHAP_0_IstRad;SHAP_0_IstPKW;SHAP_0_IstFuss;SHAP_0_IstKrad;SHAP_0_IstSonstig;SHAP_0_TagKategorie;SHAP_0_Monat;SHAP_0_Stunde;SHAP_0_Unfallart;SHAP_0_Unfalltyp;SHAP_0_Lichtverhältnisse;SHAP_0_Straßenverhältnisse;SHAP_0_Straßenart;Base-Value Klasse 1;SHAP_1_IstRad;SHAP_1_IstPKW;SHAP_1_IstFuss;SHAP_1_IstKrad;SHAP_1_IstSonstig;SHAP_1_TagKategorie;SHAP_1_Monat;SHAP_1_Stunde;SHAP_1_Unfallart;SHAP_1_Unfalltyp;SHAP_1_Lichtverhältnisse;SHAP_1_Straßenverhältnisse;SHAP_1_Straßenart;Base-Value Klasse 2;SHAP_2_IstRad;SHAP_2_IstPKW;SHAP_2_IstFuss;SHAP_2_IstKrad;SHAP_2_IstSonstig;SHAP_2_TagKategorie;SHAP_2_Monat;SHAP_2_Stunde;SHAP_2_Unfallart;SHAP_2_Unfalltyp;SHAP_2_Lichtverhältnisse;SHAP_2_Straßenverhältnisse;SHAP_2_Straßenart
50,00166064;8,217933934;1;1;0;0;0;1;5;18;5;2;0;0;tertiary;Gonsenheim;2019;2;2;14,18664455;36,09981835;49,71353412;0,689542247;19,43248558;0,134364202;-0,449037502;-0,318093978;-0,34647041;-2,525892653;0,013499232;-0,058229616;-0,311479169;1,455419725;-5,063460848;-0,165813886;0,145112534;2,24424134;33,22311976;0,361542836;-0,569892896;0,007754459;-0,095191269;0,693122749;0,021780749;0,202644683;0,106064549;0,497644306;1,776495498;-0,053261537;0,008157318;-0,080162857;47,34439465;-0,612864979;0,495382798;0,209020266;0,793003416;1,052727229;-0,012043401;-0,028726136;-0,000122269;-0,944857985;1,753031257;0,188713198;-0,217462458;-0,306661475
49,97085834;8,232741378;1;1;0;0;0;0;4;16;5;3;0;0;living_street;Bretzenheim;2021;2;2;17,59552509;32,94925392;49,45521951;0,724026811;19,43248558;1,624911518;-0,993212323;-1,539863984;-0,935768399;-11,35475076;-0,031234874;-0,692154389;-1,824241235;5,822137434;6,535124785;-1,43826435;0,382297406;2,608058672;33,22311976;-0,083996061;0,145727755;-0,004726304;0,020304637;-0,117099696;0,000970005;-0,034558623;-0,029728549;-0,075851229;-0,133571079;-0,010181702;-0,000821948;0,04966695;47,34439465;-0,644996045;0,331861181;0,158332131;0,560581125;0,820623704;0,000959014;0,026215418;0,052502107;-0,469677648;-0,165400578;0,1824774;-0,163843405;1,421190446
50,01823556;8,249628464;1;0;0;0;1;0;11;14;3;2;0;0;secondary;Neustadt;2019;2;0;50,01589656;23,37131202;26,6127944;0,74819191;19,43248558;2,723884565;8,701145336;-0,555449437;-0,289317555;19,03265866;-0,023555153;0,43285055;0,122819157;0,825189936;-2,434055421;-0,10931254;0,192619428;1,963933446;33,22311976;0,172177651;1,155364586;0,269289225;-0,137748238;-11,36232136;-0,049825028;-1,324038586;0,30717659;0,776770847;0,338883076;-0,112042104;0,022249725;0,092255879;47,34439465;-3,048516273;-9,379793846;0,427884701;1,279895491;-11,33466111;0,007044686;0,174813654;-0,681529926;-0,257673453;2,041373376;0,337548267;-0,477872297;0,179886476
49,99493329;8,238231332;0;1;0;1;1;0;6;10;2;6;0;0;trunk;Hartenberg-Münchfeld;2017;1;0;41,36222005;32,75186121;25,88592172;0,865687824;19,43248558;-1,370348015;-0,97991239;-0,957069237;7,20890698;14,593849;-0,015567714;-0,040312879;-0,091268777;-2,536598945;0,506778332;-0,368140942;0,272725095;5,706693963;33,22311976;-0,009261095;-0,143411373;0,04598106;0,627148271;-0,391092177;-0,00169556;0,05505832;0,01187158;0,01230201;-0,439166245;0,026781464;0,008882099;-0,2746569;47,34439465;1,690226271;0,968499398;0,385115285;-22,56800231;-6,133171153;-0,00180289;-0,084681446;0,050792237;6,227713952;1,365990503;0,27965427;-1,161551427;-2,477255631
50,00008955;8,246731106;0;1;0;1;0;0;1;15;2;6;0;0;path;Hartenberg-Münchfeld;2017;1;2;26,03828311;35,65228581;38,30943108;0,888180829;19,43248558;-4,711931666;-0,449249653;-1,498123739;22,68376014;-7,755679854;-0,034205559;-0,076074589;-1,86152182;-8,925461209;1,365649126;-1,328100558;0,690958194;8,505778717;33,22311976;0,352496967;0,893551424;-0,034751615;-2,683813276;-0,341159006;0,000209843;0,630243969;-0,190363251;1,243128381;2,411339221;-0,099159443;-0,036298811;0,28374165;47,34439465;1,475820173;0,571961915;0,252800484;-17,85410718;1,011792595;-0,00143219;0,165172331;0,132936657;5,341301775;1,085263047;0,19429257;-0,779163766;-0,631601992
49,99946921;8,25798094;0;1;1;0;0;0;6;19;6;1;0;1;primary;Hartenberg-Münchfeld;2016;1;0;46,57545388;30,39588928;23,02865684;0,791372812;19,43248558;2,287837995;-0,027146589;3,533475031;-0,146652082;-2,447071788;-0,017695444;0,002673714;2,24058986;8,000487284;10,17319519;-0,989924848;-0,462698535;4,995898507;33,22311976;-1,191519884;-3,152902568;-1,306683436;-0,27531609;2,224781952;-0,006011304;0,394675809;1,315995725;1,061893731;-1,150159527;0,697259619;-0,354694758;-1,084549748;47,34439465;-1,714197284;0,309909805;-3,037853893;0,470573744;1,237407343;0,00083332;-0,020545974;-0,689570219;-10,46721139;-11,70636048;0,839153539;1,908322187;-1,446198515
49,96668647;8,22275272;0;1;0;0;1;0;11;11;1;6;0;0;secondary;Marienborn;2021;1;2;23,14386964;24,85343069;52,00269818;0,71956843;19,43248558;-0,186365765;-0,595162134;-0,570854248;-0,126143753;9,936256005;-0,00915431;0,060983029;0,123520401;-5,8033597;-0,060987128;-0,488918499;0,03613048;1,395439676;33,22311976;-0,460677078;-0,794909027;0,160829388;-0,198369803;-2,568312563;-0,008031221;-0,84738223;0,089331329;0,353611603;-4,063058456;0,086831032;0,085613935;-0,205165982;47,34439465;-0,005659617;1,066564982;0,711264867;1,239145349;-10,05175323;-0,000630355;0,093730705;-0,034525384;8,110579015;3,00462255;0,50797954;-0,367945002;0,38493011
49,99612048;8,276462013;0;1;1;0;0;0;10;11;6;4;0;0;residential;Altstadt;2022;1;1;23,8433212;42,18074679;33,97593498;0,840900978;19,43248558;10,71245411;-3,982709029;39,68017944;-0,761408245;-25,36849874;-0,077107183;0,526079068;10,72631396;58,63024501;23,32210092;-7,951400188;0,570484704;-101,6158982;33,22311976;-2,655023614;-5,834357322;-2,462628513;-0,994280767;5,891220373;-0,039279057;-1,811018785;0,610714879;4,246058796;11,01287756;1,980562856;0,073502848;-1,060722218;47,34439465;-1,433587983;0,384812027;-3,087824955;0,352539183;0,874862674;-0,000676875;0,001939365;-0,306598818;-8,64734469;-8,081625329;1,149569812;-0,178972834;5,604448751
49,9974797;8,255482888;1;1;0;0;0;0;8;9;5;2;0;0;primary;Hartenberg-Münchfeld;2017;2;2;16,30038172;35,32597423;48,37364852;0,720633805;19,43248558;0,175208048;-0,458541948;-0,407853288;-0,382354751;-2,611349597;-0,010644976;0,002839035;0,67922829;1,828962569;-5,351703037;-0,190574721;0,141059087;3,453621425;33,22311976;0,355416683;-0,618676356;0,032511958;-0,101279954;0,776237075;-0,009638191;0,093929472;-0,891177481;0,560148442;2,166106327;-0,039057599;0,008827349;-0,230493263;47,34439465;-0,53278272;0,439025005;0,19812002;0,722855795;0,943846082;0,001241416;-0,022040579;-0,397309141;-0,959910935;1,533251235;0,204124603;-0,192127711;-0,9090392
49,96781962;8,255848074;0;1;0;0;0;1;10;9;2;6;0;1;motorway;Bretzenheim;2020;2;2;14,78959024;25,09217858;60,1182282;0,588438771;19,43248558;-1,346911568;-0,102647451;-0,536202849;-0,347671237;-2,948844171;0,008108313;0,038175673;-0,003358743;-3,788817911;0,776891975;-0,376675455;-0,389277119;4,374335198;33,22311976;-0,789850421;-0,643520448;0,379874744;-0,262257961;0,436287531;0,062843257;-0,325182271;-1,058003512;-2,740985667;-4,196802893;0,14034283;-0,531855029;1,398168662;47,34439465;3,528404511;1,941745289;1,513532458;1,92162274;4,763753096;0,160626617;0,009769596;0,473315567;15,35571535;1,874842556;0,855073007;1,969453455;-21,5940207
50,00083807;8,216635148;1;1;0;0;0;0;10;7;3;6;0;0;secondary;Gonsenheim;2018;2;2;17,21173823;30,90750873;51,88075304;0,69756061;19,43248558;0,683225819;-0,225632324;-0,423780077;-0,258667237;-2,677618494;-0,013254715;0,00482714;-2,870722594;-0,423862323;1,330971138;-0,553381361;0,105434334;3,101713339;33,22311976;3,135658597;-3,211609755;0,091208707;-0,372754359;2,032350863;-0,035083321;-1,078382234;-0,168681548;4,333527733;-7,222390379;0,272559315;0,158935548;-0,250950198;47,34439465;-1,924812209;0,614052658;0,30880908;1,091390374;1,380566762;0,001511319;0,088980629;2,050498228;-0,43661394;1,651116316;0,524311218;-0,332311708;-0,481140342
50,00037941;8,263430929;0;0;1;0;1;0;9;16;0;4;0;0;unclassified;Altstadt;2019;2;1;34,30553377;39,09919262;26,59527361;0,890735352;19,43248558;1,251493462;2,522236792;4,75379664;0,091384872;13,46236936;-0,005112369;0,059243235;-1,088280795;-9,252770007;3,099059706;-0,839029883;0,236158913;0,582498257;33,22311976;-1,187025616;9,937481447;-5,096926742;-0,308472115;-20,51066574;0,045805758;1,384354973;2,975489649;7,30566493;3,835359722;0,121572691;0,027463184;7,345970712;47,34439465;-1,813537181;-3,614670076;-2,834014011;0,0266126;-5,01778895;-0,000298901;-0,00859578;-0,008332289;-0,588364865;-8,240078508;1,15212734;-0,316205356;0,514024936
49,96139921;8,250723216;0;1;0;0;1;0;11;15;1;6;0;0;secondary;Bretzenheim;2021;2;2;22,42343426;24,92805123;52,64851451;0,709461477;19,43248558;-0,184140419;-0,573315316;-0,533397666;-0,129855686;9,588999971;-0,008393287;0,069482823;-0,535058239;-5,629536974;-0,026428131;-0,442400843;0,032113257;1,362879185;33,22311976;-0,456748105;-0,797541976;0,147353771;-0,198498513;-2,567429991;-0,007874149;-0,88899929;0,264792271;0,368261061;-4,116782544;0,083605465;0,08743526;-0,212641789;47,34439465;-0,013710051;1,112770862;0,732000227;1,297914368;-10,4712999;-0,00065724;0,097857306;0,451970541;8,51820601;3,122515762;0,454180548;-0,387126493;0,389497914
50,01132716;8,262929388;0;1;0;0;0;1;8;15;1;6;0;0;secondary;Neustadt;2017;2;2;10,01903266;23,96987379;66,01109505;0,495163328;19,43248558;0,275436683;-0,199918529;-0,434013837;-0,17250651;-2,211436491;0,020623836;0,037329308;-0,522466382;-7,510245553;0,04424041;-0,490219074;0,031150346;1,718572866;33,22311976;-1,707286806;-2,519676806;0,115913689;-0,419797053;1,116262665;0,055703617;0,667211558;0,599792487;0,992582296;-8,120868571;0,253569056;0,147491882;-0,434143989;47,34439465;0,031323008;0,747526738;0,630873912;1,406066909;2,192134127;-0,011095734;-0,023955497;0,37879097;9,689539281;3,396128178;0,474346869;-0,353905267;0,108926897
50,00024854;8,260583375;0;1;0;0;0;0;1;19;5;3;2;0;secondary;Neustadt;2018;2;2;24,07438159;33,10663402;42,81898737;0,83763134;19,43248558;0,395958623;-0,176168595;-0,603978002;-0,152134392;-1,609671805;-0,006511573;-0,017503523;0,834393951;1,552843583;0,969712317;0,967817132;0,066219705;2,420918585;33,22311976;0,027587323;0,065743732;-0,00664936;0,0133159;-0,051494635;0,00028228;0,045400696;-0,03722515;-0,073994221;-0,131511817;0,02458773;-0,000414073;0,007885854;47,34439465;-0,463036465;1,987268356;2,324180667;3,482626275;4,53420188;0,000389017;0,318757892;-0,750372201;-9,330677344;1,026681354;-4,003301808;-1,015797346;-2,63632756
50,00444587;8,248465422;1;1;0;0;0;0;6;12;5;3;0;0;tertiary;Hartenberg-Münchfeld;2022;2;2;20,43398768;34,20876265;45,35725415;0,783759104;19,43248558;0,165372202;-0,102099415;-0,158809249;-0,091768608;-1,040295899;-0,003080592;0,001823698;-0,015810475;0,653550957;0,596951968;-0,146042106;0,035921064;1,10578855;33,22311976;0,241951575;-0,382419111;0,014679583;-0,059688281;0,347369279;-0,00227008;0,098911631;0,040453783;0,202973092;0,474617018;0,031039189;0,001657177;-0,023631972;47,34439465;4,577411278;-2,58614806;-1,292416036;-4,603349301;-6,441393762;0,004184317;0,146511651;0,126424115;5,007906282;1,158151341;-1,739640367;1,351044485;2,304173548
49,98073012;8,2692107;0;1;0;0;0;0;2;19;5;3;2;0;residential;Oberstadt;2017;2;2;9,952192008;32,77075887;57,27705359;0,590067811;19,43248558;0,213196966;-0,333330059;-0,549883724;-0,091154651;-1,563568633;-0,011074485;-0,041766206;0,356858277;0,671984371;0,222196261;0,8050727;0,059772347;-9,218596739;33,22311976;0,145365657;0,318450638;-0,031399644;0,069900335;-0,238645502;0,001245855;0,062776125;-0,184575172;-0,312650175;-0,60960851;0,113379326;-0,001791582;0,215191753;47,34439465;0,249672357;1,08322753;0,911158998;1,039916148;1,618293219;0,000174625;0,042753296;-0,318103474;-2,964439969;0,810167676;-1,509189017;-0,367054454;9,336082003
50,00346309;8,26236206;0;1;0;0;0;0;6;19;5;3;0;1;tertiary;Neustadt;2018;2;2;21,71207517;33,81699026;44,47093308;0,802769034;19,43248558;0,276069723;-0,121046554;-0,319848362;-0,085713056;-1,170765176;-0,004914488;0,011863941;0,601844943;1,252383431;0,667912863;-0,188152247;-0,223210252;1,583164825;33,22311976;-0,07175353;-0,187651269;0,00904834;-0,037257071;0,152370682;-0,000485889;0,053793022;0,108598287;0,161732508;0,4199796;0,019058007;-0,018482114;-0,015080076;47,34439465;0,493430143;-2,953062033;-2,752965201;-3,67763785;-6,985311335;-0,001725404;0,190017241;2,267730437;14,58156083;-0,133817967;-1,739308907;-5,40229291;3,239921384
49,99804959;8,256557878;0;1;0;0;0;1;2;20;2;6;2;0;primary;Oberstadt;2017;2;2;14,47442174;18,2670027;67,25857854;0,490062485;19,43248558;-5,816665153;-0,253590416;-2,530063071;-1,067709699;-7,404602619;0,040117909;-0,127839282;7,695350741;-12,68268133;3,322920232;5,115168303;0,278844073;8,472686464;33,22311976;-1,399995129;-2,337717069;0,181294284;-0,378097353;0,503692842;0,032893046;-0,408540817;0,372219522;-4,219688809;-6,000534251;-0,574649325;0,109772221;-0,836766221;47,34439465;3,668964127;1,018072613;0,780333671;1,527866442;2,081501972;-0,017645941;0,032596024;-2,583296228;13,65948509;2,305404488;-1,730046347;-0,337380778;-0,491671246
49,92333605;8,266182852;0;1;0;0;0;0;2;19;5;3;2;0;secondary;Ebersheim;2018;2;2;23,97748828;33,46880376;42,55370796;0,839112385;19,43248558;0,387877413;-0,171706097;-0,591370777;-0,148569055;-1,576193402;-0,006375653;-0,027781595;0,816027384;1,534466213;0,948541464;0,940837609;0,064777057;2,374472135;33,22311976;-0,046471776;-0,109310543;0,011810074;-0,022284438;0,085137164;-0,000442628;-0,024028239;0,060208745;0,122372202;0,22107828;-0,040328568;0,000674972;-0,012731242;47,34439465;-0,454861416;2,007180923;2,341783345;3,542747153;4,568840965;0,000391963;0,028472623;-0,754221345;-9,325517066;1,023118637;-4,100805707;-1,025426391;-2,642390382
49,99449338;8,269735808;0;1;0;1;0;1;4;18;1;5;0;0;unclassified;Oberstadt;2017;2;1;16,36285484;48,6908704;34,94627476;0,718987723;19,43248558;0,133751179;-0,104572421;-0,196242122;2,0370626;-1,08834059;0,016971015;-0,124030344;-0,297782949;-3,652190769;-0,564736577;-0,167109664;0,058578529;0,879011368;33,22311976;-0,613856502;-2,907349667;0,145763366;5,241538059;1,951712131;0,593311243;0,830866973;1,483607786;0,520688331;2,644026918;0,313604075;0,017618489;5,24621944;47,34439465;-0,211528183;0,465052616;0,314240826;-17,98955786;1,143457763;-0,013254135;-0,047767317;0,021180717;5,093783998;-0,795471936;0,236854713;-0,873320416;0,258209319
50,01169117;8,243173995;1;0;0;0;0;0;3;8;4;6;0;0;secondary;Hartenberg-Münchfeld;2022;2;1;25,70574284;39,80826139;34,48599875;0,87665082;19,43248558;-2,995375972;0,460249886;-0,159169261;-0,277312729;-2,558151577;-0,006487449;0,009453567;-0,112164978;7,649929845;1,856746286;-0,255537889;0,07664649;2,584431033;33,22311976;2,318769966;5,228128999;0,077651073;-0,046516773;1,46967053;-0,035726587;0,252144121;-1,226374221;0,305332825;-2,171080551;0,036785118;0,038477522;0,33787961;47,34439465;5,599395342;0,938415539;0,195740096;1,614069634;2,761586064;-0,002349741;-0,236045578;1,720079253;-21,82458215;-1,116053241;0,612855934;-0,406308866;-2,715198187
50,01615707;8,239939769;0;1;0;0;0;0;10;11;5;2;0;0;secondary;Neustadt;2018;2;2;16,32404774;36,47856414;47,19738364;0,728498573;19,43248558;0,553785344;-0,548279836;-0,591384989;-0,38677179;-2,619338965;-0,008910374;0,033398398;0,687301145;2,954352445;-5,828790405;-0,203903014;0,161808807;2,688295394;33,22311976;-0,187221183;-0,57566526;0,019165284;-0,134929661;0,688784454;-0,001568805;-0,189197795;0,053298185;0,806033118;2,868111974;-0,060838638;0,009935796;-0,040463089;47,34439465;0,024721296;-0,083814059;-0,063275353;-0,135454475;-0,172523322;-0,000210466;-0,002857514;0,072648569;0,435224907;-0,296029306;-0,038927342;0,036507645;0,076978407
50,0165349;8,252876155;0;1;0;0;1;0;9;19;2;6;1;0;tertiary;Neustadt;2021;2;2;28,33601534;20,59565932;51,06832385;0,725659496;19,43248558;-0,729504251;-0,497105965;-0,579432772;-0,137141403;8,307264165;-0,007741271;0,042236353;0,868820981;-1,122594675;0,70790448;0,133797546;0,067639258;1,849387314;33,22311976;-0,613551767;-1,327873923;0,262630729;-0,366282759;-2,117486622;-0,010007704;0,33114357;0,433220713;-3,211397403;-5,173809761;-0,724077154;0,107077219;-0,217045583;47,34439465;1,24667404;0,599604632;0,291961017;0,599625584;-4,430858269;-0,000197214;0,005438813;-0,380259099;4,79808516;0,944977823;0,115665567;-0,168031631;0,101242773
50,00390623;8,188461559;0;1;0;0;1;0;12;7;2;6;1;0;motorway;Gonsenheim;2022;2;0;50,63866377;24,52619523;24,835141;0,740406255;19,43248558;-1,116608421;-0,824848236;-1,148581565;-0,444833553;22,49198188;-0,015520946;0,120315771;-3,070440111;-1,83348574;1,73273008;0,540955189;0,131120016;14,64339382;33,22311976;-0,265059339;-0,430656501;0,549928685;-0,209005181;-1,864438928;-0,007973527;-1,119191142;-0,064874554;-2,106844825;-3,712746142;-0,642319155;0,073826474;1,102429602;47,34439465;1,509704945;1,708196934;1,067119475;1,332855395;-15,1882841;-0,032190248;0,125105185;1,798873907;5,697767233;1,041240227;0,284306776;-0,396843711;-21,45710567
50,01035903;8,253730386;1;1;0;0;0;0;10;19;5;3;2;1;residential;Neustadt;2021;2;2;9,796817601;33,96460116;56,23858571;0,597691041;19,43248558;0,281908202;-0,286326563;-0,414989571;-0,059278691;-1,687680575;-0,011283433;0,033547113;0,200164305;-0,007636071;0,512482919;0,809610785;-0,280740713;-8,72544569;33,22311976;0,268703414;-0,347195639;0,030273067;-0,059843941;0,301928838;-0,002223904;-0,113482409;0,204153745;0,253459364;0,537600384;-0,099956432;-0,031727652;-0,200207437;47,34439465;-1,94330331;0,99378709;0,696382382;0,641844251;1,634083432;0,000527496;0,0073167;-0,328633696;-1,029215204;0,037366894;-1,521042928;1,243442789;8,461635159
50,00580835;8,224413025;0;1;0;0;1;0;3;14;5;2;0;0;residential;Gonsenheim;2019;2;2;16,05816931;31,5484494;52,39338279;0,684190899;19,43248558;-0,267374225;-1,23040959;-0,788758475;-0,153618743;9,418296027;-0,008878028;0,008777694;0,206176492;1,612235355;-2,804044412;-0,094038498;0,113770912;-9,386450787;33,22311976;-0,095551226;-0,192560513;0,201093627;-0,216102469;-4,967915863;-0,003829834;0,138294601;0,26476749;0,760187496;3,435607833;-0,144948569;0,016508878;-0,870221815;47,34439465;0,258666629;1,859461048;0,885485315;1,149751178;-8,619047346;0,002859696;-0,013340474;-0,408617541;-3,413662688;2,675699752;0,382356109;-0,432666825;10,72204328
49,99330389;8,246316476;1;1;0;0;0;0;4;17;5;2;0;0;tertiary;Oberstadt;2021;2;2;14,17308748;36,16088927;49,66602921;0,689709721;19,43248558;0,132068798;-0,450855081;-0,311830793;-0,342710105;-2,530077473;-0,00855049;-0,04695391;-0,333495276;1,460636866;-5,07438276;-0,16489356;0,149700417;2,26194526;33,22311976;0,355769442;-0,551817193;0,007170715;-0,098277471;0,693067184;-0,0056608;0,195225784;0,183364775;0,486124565;1,785042197;-0,051204106;0,006622018;-0,067657603;47,34439465;-0,604465785;0,485949048;0,205096504;0,77571112;1,031316637;0,001241702;-0,028234811;-0,015974433;-0,923601554;1,727421118;0,184865749;-0,214537345;-0,30315339
49,98178473;8,235941087;1;1;0;0;0;0;6;15;5;3;0;0;living_street;Bretzenheim;2016;2;2;17,69752651;33,40983391;48,89264107;0,729839946;19,43248558;2,120991101;-1,300762605;-2,093168327;-1,203933185;-14,30607035;-0,034149948;-0,586281486;-1,272173211;7,407542936;7,998805223;-1,855622641;0,467843103;2,922020325;33,22311976;0,046241755;-0,085258593;0,002724066;-0,01147442;0,067164555;-0,000428007;0,024028945;0,015531479;0,044534217;0,092408633;0,006146394;0,000463551;-0,015368429;47,34439465;-0,521663658;0,270046995;0,127009197;0,456467761;0,669422975;0,000781262;-0,047007519;0,000983708;-0,389981711;-0,127351265;0,147239284;-0,133315823;1,095615207
50,01505355;8,205041047;0;1;0;0;0;0;4;16;2;6;0;0;motorway;Mombach;2016;2;2;14,65686262;27,52436399;57,81877637;0,616185278;19,43248558;-1,329551311;-0,101024683;-0,4962328;-0,378738741;-2,892254107;-0,006506305;-0,042959089;-0,774680453;-3,591359056;0,748646929;-0,357123748;0,085768045;4,360392353;33,22311976;-0,923193216;-0,850120211;0,442246553;-0,291733866;0,512936932;-0,007188513;0,4392078;0,366522424;-2,864550573;-4,112065665;0,137396113;0,076999245;1,37478721;47,34439465;3,40593122;1,901078817;1,386893498;2,403227546;4,633148056;-0,077829086;-0,017313882;1,108542884;14,90652679;2,116844594;0,691912287;-0,54626659;-21,43831442
49,95972745;8,267578013;0;1;1;0;0;1;6;7;6;4;1;0;secondary;Hechtsheim;2016;2;0;37,83184886;37,22636104;24,9417901;0,874017677;19,43248558;1,796565895;-0,309682935;4,705805838;-0,20630946;-3,366703191;0,01131651;0,110665529;-3,999118884;8,584976785;6,098094945;1,044845008;0,088971791;3,839935447;33,22311976;5,991106701;13,26424398;8,520159819;2,114890097;-11,94767911;-0,327050365;-3,166342471;-1,706191651;-3,559188401;-18,10992012;15,8378986;-0,160656853;-2,748028945;47,34439465;-2,303030655;0,274995659;-3,147100469;0,601244739;1,036128063;-0,009560635;-0,075111471;1,757663027;-9,471531269;-10,48373129;0,016090565;-0,216530161;-0,382130657
49,96781962;8,255848074;0;1;0;0;0;1;5;10;2;6;0;0;motorway;Bretzenheim;2018;2;2;15,08255154;27,07952857;57,83791542;0,61802965;19,43248558;-1,38637554;-0,113233621;-0,541852462;-0,394930977;-3,022911494;0,006025514;-0,046428919;-0,07413192;-3,737744773;0,756101175;-0,389904202;0,085513865;4,509939308;33,22311976;-0,927748567;-0,811471789;0,441912525;-0,295347984;0,51550326;0,034528065;0,407609011;-0,204653198;-2,833616952;-4,082926166;0,15847767;0,075579094;1,37856384;47,34439465;3,331646741;1,865138796;1,359198785;2,355602853;4,538959397;0,183537147;-0,039644233;0,460567906;14,70503377;2,081800897;0,784829195;-0,51557121;-20,61757928
49,99758766;8,267907838;1;0;0;0;0;1;12;19;0;1;2;1;unclassified;Altstadt;2020;2;1;14,06961828;56,987077;28,94330323;0,622535564;19,43248558;-2,546705953;-0,992027938;-0,754911545;0,228611124;-3,972685148;0,032861667;0,680365348;0,923181435;-11,8526242;9,222149944;2,518716199;-1,364320526;2,514522292;33,22311976;1,525583721;9,263939489;0,142633972;-0,066544694;1,522955753;0,528879739;-1,119699857;1,434525786;4,001970646;1,997736246;-0,043742072;-0,038358981;4,61407749;47,34439465;-0,266954602;-5,241062056;0,506073233;-0,360992385;1,95090115;-0,077605253;0,092843797;-0,512458177;1,270141019;-16,56257286;-2,562443862;3,596250132;-0,233211567
50,00280956;8,210358252;1;1;0;0;0;0;4;11;0;7;0;0;secondary;Gonsenheim;2016;2;2;17,98453331;36,9941175;45,02135217;0,759501522;19,43248558;-0,422684208;0,021995866;-0,272424584;-0,016759798;-1,36043799;-0,007385056;-0,048476981;0,437804021;-1,895924704;1,53314777;-0,281538226;0,076094989;0,788636627;33,22311976;1,335837411;-2,129827685;0,081950724;-0,207901267;1,225683455;-0,01270991;0,52153264;0,097286835;1,167258784;1,671996756;0,175264782;0,016967495;-0,172342283;47,34439465;-0,886090129;0,540603411;0,344767626;0,469277449;1,330045253;-0,001109944;-0,040497038;-0,437565043;-2,383709172;-0,916498719;0,478863944;-0,398294256;-0,422835864
49,99781289;8,208170454;0;1;0;0;0;0;9;8;5;3;0;0;residential;Gonsenheim;2019;2;2;9,234413505;30,6494385;60,11614799;0,557516036;19,43248558;0,148651561;-0,36094415;-0,481145423;-0,08601557;-1,658199406;-0,010414071;0,012339058;-0,017302473;0,96286063;0,214271032;-0,230381296;0,060924541;-8,752716512;33,22311976;3,203928192;8,457515034;-0,494741601;1,882924996;-6,738799824;0,039056413;-1,172487021;8,811149823;-6,070614134;-15,26129231;-1,068654833;-0,058610529;5,896944531;47,34439465;0,22948623;1,069107083;0,693297354;1,013229579;1,69397037;-0,00055412;0,035189124;1,485275304;-3,209691362;0,543876318;0,550907548;-0,365684202;9,033344113
49,99565763;8,267500962;1;1;0;0;0;1;5;13;3;6;0;0;unclassified;Altstadt;2020;2;2;18,30368638;33,52516592;48,17115068;0,741324167;19,43248558;52,00656168;-17,25791236;-35,99286969;-20,44791108;-201,8000502;1,377957257;-8,442382959;-12,21488076;-34,7301282;77,84245419;-32,83347173;8,31583415;223,0480005;33,22311976;0,237256143;-0,245240789;0,009153082;-0,022889617;0,134771754;0,031161795;0,079613817;0,028297986;0,241183248;-0,408272984;0,012996728;0,011862783;0,192152206;47,34439465;-0,628468655;0,200253612;0,096614225;0,320445569;0,432006013;-0,00464682;-0,01394296;0,025912193;-0,137515082;0,575042218;0,137004072;-0,105473126;-0,070475228