Latitude;Longitude;IstRad;IstPKW;IstFuss;IstKrad;IstSonstig;TagKategorie;Monat;Stunde;Unfallart;Unfalltyp;Lichtverhältnisse;Straßenverhältnisse;Straßenart;Stadtteil;Jahr;Unfallklasse Wahr;Unfallklasse Bestimmt;Wahrscheinlichkeit Klasse 0;Wahrscheinlichkeit Klasse 1;Wahrscheinlichkeit Klasse 2;Unsicherheits-Score;Base-Value Klasse 0;SHAP_0_IstRad;SHAP_0_IstPKW;SHAP_0_IstFuss;SHAP_0_IstKrad;SHAP_0_IstSonstig;SHAP_0_TagKategorie;SHAP_0_Monat;SHAP_0_Stunde;SHAP_0_Unfallart;SHAP_0_Unfalltyp;SHAP_0_Lichtverhältnisse;SHAP_0_Straßenverhältnisse;SHAP_0_Straßenart;Base-Value Klasse 1;SHAP_1_IstRad;SHAP_1_IstPKW;SHAP_1_IstFuss;SHAP_1_IstKrad;SHAP_1_IstSonstig;SHAP_1_TagKategorie;SHAP_1_Monat;SHAP_1_Stunde;SHAP_1_Unfallart;SHAP_1_Unfalltyp;SHAP_1_Lichtverhältnisse;SHAP_1_Straßenverhältnisse;SHAP_1_Straßenart;Base-Value Klasse 2;SHAP_2_IstRad;SHAP_2_IstPKW;SHAP_2_IstFuss;SHAP_2_IstKrad;SHAP_2_IstSonstig;SHAP_2_TagKategorie;SHAP_2_Monat;SHAP_2_Stunde;SHAP_2_Unfallart;SHAP_2_Unfalltyp;SHAP_2_Lichtverhältnisse;SHAP_2_Straßenverhältnisse;SHAP_2_Straßenart
49,98881436;8,268433889;0;1;0;0;0;0;9;20;5;3;2;0;tertiary;Oberstadt;2019;2;2;24,50247258;33,39520693;42,10231602;0,847578059;19,43248558;0,41402393;-0,166838783;-0,65512879;-0,146008696;-1,636491424;-0,006576154;-0,003927111;1,342420518;1,558718886;0,929750364;0,979441882;0,065203613;2,395398762;33,22311976;-0,035385045;-0,088352687;0,008573446;-0,015651785;0,060662515;-0,000190509;0,010189641;0,037946383;0,081379503;0,149010487;-0,028849531;0,000355611;-0,007600861;47,34439465;-0,433028731;1,783790475;2,050065882;3,097923268;4,029015329;0,009184543;0,012248516;-2,569667629;-7,194279567;0,698734146;-3,734074464;-0,919683226;-2,072307177
50,0037785;8,198142054;0;1;1;0;0;1;8;22;6;4;2;0;residential;Gonsenheim;2016;2;1;34,61108208;40,71294069;24,67598468;0,859799644;19,43248558;3,061249989;-0,57883344;11,9147593;-0,119101731;-5,124568973;0,115630532;0,098877847;5,769213615;14,46903811;8,119136069;7,374062919;0,11197754;-30,03284529;33,22311976;1,965892384;4,317575009;3,418871202;0,541822887;-3,159261389;-0,053060378;-0,68920366;1,465237254;-0,145825839;-4,432613816;4,035231428;-0,045015502;0,270171351;47,34439465;-1,844134744;0,300394348;-3,64205158;0,18475019;0,670111431;-0,015608371;-0,031461222;-1,658262144;-8,321833282;-9,839715669;-4,094142658;-0,151648138;5,775191865
49,99710506;8,270981522;0;1;0;1;0;0;7;9;3;6;0;0;tertiary;Altstadt;2017;1;1;31,1940968;38,08970153;30,71620762;0,92853457;19,43248558;0,663485017;-0,348252321;-0,850746294;9,362375383;-2,838181472;-0,025860562;0,090894699;0,138405276;0,579464385;0,673522763;-0,566411305;0,327587367;4,555328286;33,22311976;2,570977984;4,993785413;-0,281630587;-12,28621924;-2,968002448;0,106856164;-1,344212097;4,7410757;-5,344195611;14,67347413;-0,718034499;-0,379781571;1,102488435;47,34439465;0,063110934;0,456660463;0,328547471;-17,57801524;0,810813236;0,0062367;-0,091918487;-0,147426468;-0,053416579;1,360196087;0,227986759;-0,95987343;-1,051088478
49,98831392;8,270192791;0;1;0;0;1;0;7;14;4;5;0;0;path;Oberstadt;2018;2;0;63,47677112;22,82455415;13,69867623;0,540993294;19,43248558;2,195701311;-0,438217945;-0,647518119;-0,258427701;15,26436632;-0,024776431;0,33348873;-0,363505269;22,25418979;1,060101704;-0,288844395;0,114941484;4,842786059;33,22311976;-0,506923463;-1,354024159;0,265300986;-0,197842873;-8,500474547;-0,012984563;0,41624676;0,544267274;-1,653769037;1,497852174;0,098067084;0,021915994;-1,016197247;47,34439465;-1,908047339;0,100060092;0,388655145;0,857475905;-6,848673167;-0,000419562;-0,098399149;-0,057188422;-23,2880991;-1,138679331;0,301878524;-0,295773578;-1,658508442
49,98486126;8,264111357;1;1;0;0;0;0;5;18;5;2;0;0;trunk;Oberstadt;2022;2;2;15,5527845;34,13279355;50,31442046;0,698716652;19,43248558;0,108383353;-0,415721996;-0,357215517;-0,341941316;-2,364466293;-0,007580343;-0,058261618;-0,26391607;1,279348249;-4,78227531;-0,156099106;0,134627823;3,345417064;33,22311976;0,260558985;-0,566818741;0,13773684;-0,083681266;0,669676311;-0,005352493;0,231963179;0,085681814;0,21250869;1,818114685;-0,039810698;0,006575835;-1,817479356;47,34439465;-0,929573662;0,804036281;0,339794766;1,307148378;1,718128406;0,002059882;-0,041258849;-0,113943769;-1,326816462;2,87847679;0,307030295;-0,355126362;-1,619929887
50,0113603;8,217102723;0;1;0;0;0;1;4;21;5;3;2;0;tertiary;Mombach;2018;1;2;24,58054274;33,8792026;41,54025316;0,852896542;19,43248558;0,424970162;-0,168352402;-0,665017428;-0,147094054;-1,637687943;0,008449611;-0,038336308;1,56530529;1,352326669;0,958101895;0,990355039;0,065768913;2,439267714;33,22311976;-0,125709614;-0,279266509;0,028126602;-0,051860376;0,198788811;0,005615982;0,091988824;0,141072779;0,26104784;0,50415915;-0,095593792;0,00105062;-0,023337476;47,34439465;-0,370766682;1,480594888;1,741273655;2,599764551;3,361998176;-0,052037771;-0,099382419;-3,83047942;-5,406461738;0,605369924;-3,210391262;-0,776525303;-1,847098092
50,00335651;8,274107675;0;1;0;0;0;0;8;15;3;6;0;0;secondary;Altstadt;2017;2;2;19,16882992;29,04314101;51,78802609;0,710272216;19,43248558;-0,160966405;0,101768663;0,232974262;0,110137312;0,770339166;0,006846427;0,010875539;0,187163022;-0,087441757;-0,410314557;0,154251561;-0,040230571;-1,139058328;33,22311976;-1,239216826;-1,917980378;0,069361297;-0,300800428;0,925160736;-0,01771657;0,451792076;0,446179732;2,923170775;-5,465429451;0,181838796;0,133231681;-0,369570194;47,34439465;0,227036331;0,649351913;0,572667523;1,146910621;1,234244707;0,006125692;-0,034585245;0,203015937;-1,447840277;2,31524439;0,389520856;-0,358123712;-0,459937296
49,97424907;8,239156532;1;0;1;0;0;1;2;18;6;6;2;0;tertiary;Bretzenheim;2022;1;1;26,89015269;40,26147127;32,84837306;0,883972724;19,43248558;-1,201222462;0,880148975;2,206008489;-0,123245508;-2,479914112;0,009638886;-0,005576245;-0,775888111;3,698467002;0,80468962;2,368213153;0,046547228;2,029800195;33,22311976;2,34371812;5,654293699;-0,697155619;-0,08028143;1,286706472;0,066350915;-0,067213424;0,308808801;0,032145167;-1,928222846;-0,361523945;0,059208404;0,421517196;47,34439465;2,162102154;-4,978167553;-3,533250315;1,355052402;2,700818659;-0,015701528;-0,021546672;0,589816246;-10,55199962;2,234641875;-4,617835966;-0,368367853;0,548416569
50,01199619;8,262544852;0;1;1;0;0;0;8;13;6;4;0;0;residential;Neustadt;2016;2;1;22,556144;43,24381053;34,20004249;0,82036848;19,43248558;-5,099156053;1,940069801;-18,63586368;0,417445764;12,44769637;0,037850221;-0,170041635;-0,931815828;-28,84107239;-11,47294129;3,855070295;-0,280405185;49,85682204;33,22311976;-1,890765462;-4,306153997;-1,762926514;-0,705884334;4,211793554;-0,026688542;1,006417915;1,67217236;2,872543277;8,240350106;1,405282154;0,054285956;-0,749735701;47,34439465;-1,447667674;0,388040849;-3,062463501;0,357973093;0,882105508;-0,000606874;-0,030194423;-0,004840784;-8,684438164;-8,179716111;1,159356358;-0,184285509;5,662385063
49,99468407;8,280601351;0;1;0;0;0;0;3;21;2;6;2;1;secondary;Altstadt;2018;2;2;17,03222245;17,88693219;65,08084536;0,523729797;19,43248558;1,728224233;0,099794067;0,986121672;0,290045199;2,637867672;0,010493804;0,029748006;-4,576527;2,776097069;-1,530523424;-1,957756977;0,482373475;-3,376220931;33,22311976;-1,435885328;-2,308652417;0,1802329;-0,396067924;0,497853088;-0,008639713;0,085825618;0,432770592;-4,313143607;-6,287915588;-0,553946147;-0,770018641;-0,4586004;47,34439465;3,517334803;0,912857796;0,794716418;1,082426971;1,867310816;0,003393256;-0,024033219;-4,108793543;11,96169561;1,858838895;-1,706821993;1,152374182;0,425150708
49,99877706;8,277313745;0;1;0;0;0;1;3;20;2;2;2;0;secondary;Altstadt;2016;2;2;10,55915579;23,2285127;66,21232629;0,494757671;19,43248558;-1,86792237;-0,466019849;-0,882251319;-0,539321527;-3,188771595;0,045611513;-0,050978447;2,497186816;-2,412324681;-6,61576577;1,353365033;0,162830271;3,091032135;33,22311976;-2,095300189;-5,674087639;0,22243503;-0,911976272;2,296335235;0,08752097;0,321591449;0,885405243;-15,86264799;11,67347417;-0,071232288;0,089568876;-0,955693658;47,34439465;3,128223903;0,977625973;0,635054161;1,415840961;1,93787643;-0,101406332;0,013403005;-1,531796896;10,3400729;3,267923081;-1,235088832;-0,314787267;0,334990545
50,01939914;8,232374234;1;1;0;0;0;1;9;14;5;3;0;0;residential;Mombach;2022;2;2;9,850160778;33,68299305;56,46684766;0,596253581;19,43248558;0,423455315;-0,373967099;-0,34331063;-0,096629116;-1,769001122;0,011228328;0,005087616;0,207992184;0,382535743;0,397829006;-0,205423585;0,058769726;-8,280891173;33,22311976;0,152773778;-0,218799401;0,008594532;-0,037333332;0,196624401;0,00554482;0,041585813;0,048054396;0,105410081;0,268305081;0,017455746;0,00136661;-0,129709233;47,34439465;-1,893962529;0,993126771;0,469640106;0,944477462;1,680648222;-0,011165183;0,022015621;-0,07388104;-1,377950032;0,019931199;0,472522761;-0,359881286;8,236930933
49,95167862;8,225133793;0;0;0;0;1;0;10;8;2;6;0;0;motorway;Marienborn;2020;2;0;65,47091007;20,5409959;13,98809254;0,514607467;19,43248558;-0,975820606;6,095517755;-1,186746139;-0,486524549;28,54986184;-0,016112928;0,132278468;-0,317085409;-1,212792806;0,941365224;-0,474080237;0,152604746;14,83595913;33,22311976;-0,644127976;0,110843806;0,635501304;-0,167020712;-3,446844987;-0,040138442;-0,480889634;-1,105283724;-2,143139572;-3,471544411;-0,017102851;0,082062607;-1,994439273;47,34439465;1,116679122;-8,305583025;0,713641823;1,036153853;-13,71202154;-0,047087424;0,016338532;1,04299202;2,572807378;0,711241834;0,360361028;-0,334050784;-18,52777493
50,01924604;8,232686719;0;1;0;0;0;1;9;15;0;7;0;0;residential;Mombach;2016;2;2;18,03576946;32,9220891;49,04213846;0,731406122;19,43248558;1,027450843;-0,205328311;-0,815536285;0,075224532;-2,370308556;0,040116177;0,204247151;-0,302757228;4,05138986;6,719900857;-0,470282297;0,144997036;-9,4958299;33,22311976;0,258922626;0,766807727;-0,029973478;0,090913571;-0,355379109;-0,013936527;-0,084287394;-0,124306091;-0,297506972;-0,714066492;-0,072734342;-0,007984136;0,282499956;47,34439465;-0,127725445;0,596431749;0,447768963;0,252901932;0,881326533;-0,01005464;-0,00900491;0,019213857;-4,343866304;-0,916036985;0,290142472;-0,272123052;4,888769633
50,0040788;8,268733046;0;0;1;0;1;0;7;12;6;2;0;0;tertiary;Altstadt;2018;1;0;57,90359378;21,91794068;20,17846704;0,63113836;19,43248558;0,757318145;8,260850071;4,97489991;-0,263160685;20,19321235;-0,01290485;-0,08914404;-0,40941303;7,963795302;-3,347224831;-0,626144401;0,149809007;0,919215243;33,22311976;-0,298947631;0,2329739;-2,341315623;-0,155565737;-10,71996458;-0,03449772;0,34627453;0,232842063;-0,561585904;1,389436432;-0,058792483;0,017571377;0,64639229;47,34439465;-1,301114673;-6,191088743;-4,01653648;0,894732068;-9,032976505;0,002606147;-0,046930367;-0,372585042;-9,592315771;1,494724628;0,645585852;-0,312372098;0,662343364
49,97635992;8,272181359;0;1;0;0;0;0;7;13;0;7;0;0;tertiary;Oberstadt;2019;2;2;19,99576539;35,81808209;44,18615103;0,78721548;19,43248558;6,687083747;0,477443167;-3,891446988;-0,189556029;-13,68710262;-0,071034157;-2,062639218;-1,895965935;-7,42911689;17,58431443;-2,870444264;0,832326117;7,079418439;33,22311976;-0,888409812;-2,719633279;0,113661879;-0,299326274;1,29341312;-0,013421296;0,712468055;0,486328912;1,150572262;2,636392556;0,265889148;0,026467411;-0,169440349;47,34439465;-0,350287067;0,492689822;0,537252332;0,461394302;1,206272154;-0,000800085;-0,028499303;-0,007829036;-4,433049498;-0,822242375;0,443522933;-0,373044671;-0,283623136
49,98903984;8,268610963;0;1;0;0;1;0;3;16;3;6;0;0;tertiary;Oberstadt;2016;2;2;23,82169068;27,6961565;48,48215282;0,770303731;19,43248558;-0,590386728;-0,795886446;-0,607750155;-0,202668966;7,128191042;-0,021339369;0,091206441;-0,526754159;-2,660368944;0,645557187;-0,206514435;0,086942525;2,048977101;33,22311976;-0,468599571;-0,848357839;0,131576329;-0,193639799;-2,750411156;-0,007963906;0,130605405;0,349278265;1,718638523;-3,468987732;0,071334454;0,089401699;-0,279837931;47,34439465;0,593805708;1,043742554;0,639879369;1,145591361;-5,80442068;0,007458943;-0,046009569;0,312332489;1,372032705;2,215915405;0,353627023;-0,380832422;-0,31536472
50,00048508;8,260693849;1;0;0;0;0;0;10;9;0;7;0;0;primary;Neustadt;2022;2;1;17,39027947;44,40603852;38,2036835;0,754896121;19,43248558;-0,716341908;0,632483747;-0,469996724;-0,045171664;-3,332327714;-0,016763939;0,398374027;0,841083578;-4,713321666;2,986842079;-0,542529313;0,191854068;2,743609319;33,22311976;1,281002676;6,568759113;0,153531207;-0,077230127;1,584728362;-0,050971178;-0,592755485;-1,65105348;2,439238782;1,534408695;0,060857608;0,014385502;-0,081982914;47,34439465;-1,104621792;-6,058893317;0,329711769;0,666749447;2,291568551;-0,001545318;0,027525436;-0,746579315;-2,392848202;-1,260156163;0,698486508;-0,60007696;-0,990031804
50,00126047;8,265222879;1;0;1;0;0;0;8;11;6;4;0;0;secondary;Altstadt;2022;2;1;25,00007451;42,43620932;32,56371617;0,848557999;19,43248558;-1,187925089;0,976473635;1,333415832;-0,13417313;-2,557283976;-0,005008927;-0,001977548;0,337830435;3,527245464;2,341492746;-0,760167821;0,053215779;1,644451521;33,22311976;1,258855651;4,453705552;-0,784847569;-0,086791435;1,868025773;-0,028902123;0,289169745;0,12479514;0,062234323;1,322384097;0,15994256;0,01408084;0,560437006;47,34439465;4,936432941;-3,560118926;-1,636581001;1,120927999;2,167471408;-0,00137806;-0,151981038;-0,75788464;-9,163214938;-9,226698219;1,743835204;-0,374261567;0,122772356
50,00187493;8,203858039;0;1;1;0;0;1;5;15;6;4;0;0;secondary;Gonsenheim;2016;2;1;34,65800583;40,38850963;24,95348752;0,864860025;19,43248558;1,57692611;-0,285599884;4,039829217;-0,225857149;-3,178039101;0,009903409;-0,088351255;-1,128374551;7,778614753;4,758120195;-1,375629563;0,087557376;3,256420694;33,22311976;-1,124677105;-2,633894076;-0,995926391;-0,408451784;2,475911591;0,03964711;0,774370078;1,271762457;1,484287452;4,889652158;0,877435265;0,033120173;0,482152941;47,34439465;-2,270833885;0,302306485;-3,274926877;0,660779414;1,087866294;-0,008881261;-0,024166934;0,055809313;-9,882478571;-9,873990146;1,462380614;-0,230246836;-0,394524748
49,97536397;8,234192092;0;1;0;0;0;0;10;17;2;6;0;1;secondary;Bretzenheim;2017;2;2;9,173632413;15,32050669;75,50586462;0,36517615;19,43248558;-2,148638069;-0,162134844;-0,655911667;-0,375668032;-3,511107887;-0,011716521;0,055335691;-1,294290063;-5,430941726;1,233561513;-0,55765489;-0,661560062;3,261873387;33,22311976;-1,474295875;-2,397159777;0,098843966;-0,503790812;0,627120707;-0,012353606;-0,732344765;0,41139563;-5,278034935;-7,389902124;0,183727394;-0,897799924;-0,53801895;47,34439465;3,696401976;1,041978894;0,592284518;1,189060981;2,208241502;-0,002889783;0,007502264;0,651169287;14,17642441;2,275520399;0,478079622;1,349710597;0,497985301
49,96877043;8,236915885;0;1;0;0;0;1;8;7;5;3;1;0;tertiary;Bretzenheim;2019;2;2;19,02163476;33,0807656;47,89759815;0,749898126;19,43248558;-0,440180871;0,365608953;0,614242723;0,222438703;2,570526175;-0,008263083;-0,120973072;3,293128216;-2,338160157;-0,907818907;-0,351592907;-0,095796265;-3,214010335;33,22311976;0,049644537;0,12913308;-0,011031156;0,027166409;-0,102735383;-0,003761724;-0,021255594;0,033067668;-0,10734874;-0,252517774;0,098454014;-0,000477072;0,019307578;47,34439465;-0,056162611;0,217741172;0,184401231;0,382607446;0,521992902;-0,003670167;-0,035701189;0,598709025;-1,06473296;0,065242195;0,0846587;-0,112972441;-0,22890981
50,00983428;8,261985399;0;1;0;0;1;0;8;6;1;1;0;1;residential;Neustadt;2019;2;2;19,01293695;32,87189007;48,11516702;0,747872268;19,43248558;0,002025326;-0,09634605;-0,093428224;-0,004221826;1,130176982;-0,002761833;0,007669853;-0,166204147;-0,492900872;0,789320503;-0,071328264;-0,035417449;-1,386132633;33,22311976;-0,014584055;-0,079221399;0,016527162;-0,011451513;-0,217179064;7,65013E-05;0,014141048;0,029054265;0,04008712;-0,091283564;0,00868611;-0,010460495;-0,035621808;47,34439465;0,08731513;-0,171252934;-0,09337575;-0,061836635;1,285036392;-0,001342081;0,007872887;-0,151280906;-0,637334376;2,180841739;-0,094597521;-0,254003129;-1,325270448
49,99743551;8,267997627;1;0;0;0;0;0;4;14;0;1;0;0;unclassified;Altstadt;2016;2;1;14,02411908;56,86795712;29,10791934;0,623586983;19,43248558;-1,57408759;-0,472162948;-0,252220865;0,024657091;-3,008464766;-0,010989445;-0,100334605;-0,271805686;-7,802742994;6,722747166;-0,466101602;0,195403928;1,60773581;33,22311976;1,557014204;9,547453238;0,124164707;-0,079148617;1,687055316;-0,167702999;0,92903478;0,383142369;4,337696568;2,003796031;0,050961723;0,030823107;3,240546925;47,34439465;0,611939357;-4,816424999;0,173395812;0,489499001;1,859118963;-0,001121784;-0,074159823;-0,250543969;0,473712166;-16,16022611;0,673899777;-0,92484249;-0,290721226
50,01024674;8,266058359;1;0;0;0;0;1;6;15;0;7;0;0;residential;Neustadt;2019;2;1;14,77393359;46,71163857;38,51442635;0,712700306;19,43248558;-0,585232466;2,039017532;-0,497268764;0,070970973;-3,292503535;0,032268067;-0,198825162;0,111424191;-0,061813957;6,410319039;-0,455121983;0,20243713;-8,434223061;33,22311976;1,195670236;6,353703182;0,104087355;-0,07983213;1,391963165;0,089473315;0,389315442;0,371310665;2,481507678;1,309075343;0,038493062;0,013466792;-0,169715298;47,34439465;-2,856877937;-17,44593973;0,811784509;0,827403329;5,029034442;-0,041465237;0,003193513;-0,115511531;-9,906241593;-3,311483049;1,272836587;-1,26156726;18,16486565
50,02123907;8,220659817;0;1;0;0;0;0;5;21;5;3;1;0;tertiary;Mombach;2016;2;2;23,38207066;33,57742429;43,04050505;0,829713598;19,43248558;0,391232239;-0,161188222;-0,497487439;-0,140814503;-1,569844289;-0,0061985;-0,041391615;1,461114201;1,324581476;0,843300638;0,054112648;0,060855423;2,23131302;33,22311976;-0,075170018;-0,16610777;0,012383565;-0,031179671;0,120541738;-0,000747283;0,051942938;0,090387247;0,14337786;0,321431728;-0,102291058;0,000751081;-0,011015832;47,34439465;-0,547179489;2,266249804;2,096622621;4,034469007;5,318989989;0,01477499;-0,158627445;-6,21973179;-8,723527855;0,383509698;1,168128667;-1,218340053;-2,719227749
49,98554043;8,264702338;0;1;0;1;0;0;1;5;5;3;2;1;primary;Oberstadt;2020;2;1;33,18568766;39,46145177;27,35286057;0,89511314;19,43248558;0,604622963;-0,299090923;-0,895855909;5,587168736;-2,359685193;-0,018707272;-0,192261652;1,317066125;2,593225355;0,762440642;1,698121128;-1,209211353;6,165369431;33,22311976;-0,408909702;-1,066283747;0,171152879;3,792027105;1,247056619;-0,028255828;-0,735086742;-0,031764671;1,39581577;3,564408619;-0,674563775;-0,176310678;-0,810953841;47,34439465;-0,299977758;0,544356427;0,533212614;-17,86861944;1,112577513;0,009887058;0,258822293;-0,793375028;-3,928624281;0,031784355;-1,672658741;4,86424904;-2,783168142
49,9977049;8,267847526;1;0;0;0;0;0;4;18;0;1;0;0;residential;Altstadt;2019;2;1;12,60516495;53,62737179;33,76746178;0,644677591;19,43248558;-0,76932014;0,280211929;-0,14689185;0,010246969;-1,914172782;-0,014076624;-0,057631289;-0,571573126;-1,868546469;4,830907927;-0,253841369;0,134487231;-6,487121044;33,22311976;1,65529059;9,511518183;0,117994259;-0,096264372;1,607856958;-0,039034866;0,823938855;0,624399744;4,290182307;1,965233829;0,04063949;0,035037108;-0,13254006;47,34439465;0,001563569;-6,21167431;0,215136416;0,277231606;1,713345525;-0,00128374;-0,0870662;-0,026808646;-2,126192678;-15,07800325;0,547088322;-0,800686453;8,000416961
49,97356988;8,281229903;0;1;0;0;0;0;1;15;2;6;0;0;tertiary;Hechtsheim;2016;2;2;9,90717262;16,53814167;73,55468869;0,393952861;19,43248558;-2,180935506;-0,18328282;-0,644637475;-0,434973244;-3,479901491;-0,009015795;-0,025939722;-0,9629635;-5,348928298;1,114230492;-0,541343411;0,134547033;3,037830774;33,22311976;-1,529969404;-2,501449387;0,078157677;-0,481150274;0,631085435;-0,012180777;-1,257933047;0,417013118;-5,09342657;-6,940243477;0,186465931;0,120775378;-0,302122697;47,34439465;3,637597007;1,065750881;0,55013245;1,557559423;2,303391759;-0,003871544;0,094955504;0,522716339;13,88730119;2,535025105;0,456713483;-0,365733316;-0,031244241
49,98193069;8,207807359;0;1;0;0;0;0;9;13;2;6;0;0;motorway;Bretzenheim;2021;2;2;14,72912133;27,54570246;57,72517323;0,61765685;19,43248558;-1,334360445;-0,108835819;-0,501957046;-0,386345757;-2,911978889;-0,00611594;0,005696359;-0,550494256;-3,595300594;0,671390068;-0,360469717;0,082640856;4,292766922;33,22311976;-0,838528292;-0,74588448;0,406194461;-0,286978402;0,50734303;-0,008287615;0,314925773;0,323102993;-2,84971899;-4,145491213;0,137811245;0,0792767;1,428817486;47,34439465;3,40141587;1,907976619;1,385557141;2,410168032;4,629043744;-0,077298086;0,012048232;0,877174739;14,79964395;2,137385722;0,775592359;-0,545141395;-21,33278835
50,00021537;8,276439136;0;0;1;0;1;0;8;12;6;4;0;0;residential;Altstadt;2016;1;0;57,59567022;23,36639613;19,03793067;0,634139501;19,43248558;0,892005085;8,167230123;7,569189904;-0,076770527;20,71878383;-0,002921034;0,054393886;1,094321454;8,442352246;3,239181551;-0,745406022;0,106886452;-11,2960623;33,22311976;-0,527906468;1,936583764;-2,651724136;-0,172814427;-10,54927166;-0,036055217;0,382806628;0,244237302;-0,538512774;1,711474249;0,110818239;0,020827525;0,212813343;47,34439465;-1,927596988;-5,79111597;-3,774546442;0,376847321;-6,9868315;-0,000643843;-0,02416189;-0,072108469;-9,362663279;-9,263302409;1,379190903;-0,269528112;7,409996692
49,98504098;8,182472819;0;1;0;0;0;1;3;19;5;2;2;0;secondary;Finthen;2018;2;2;15,94862342;37,44551539;46,60585225;0,727429476;19,43248558;0,83134973;-0,61565056;-0,907140857;-0,461275359;-2,974293067;0,047220356;-0,054488814;1,192571729;2,911987431;-7,986847408;0,825242607;0,188530343;3,518931706;33,22311976;-0,212334717;-0,537806159;0,03868585;-0,122870947;0,617727921;0,012695547;0,076124095;0,280255274;0,933661505;3,001205342;0,224119834;0,00786087;-0,096928781;47,34439465;0,091006941;-0,279980966;-0,266447044;-0,474396312;-0,573140072;0,013245907;-0,003899496;0,03504295;1,362609653;-1,41079013;0,382227244;0,121850008;0,264128908
49,96468948;8,282060618;1;1;0;0;0;0;6;8;5;3;0;0;tertiary;Hechtsheim;2017;2;2;20,28724551;32,68033266;47,03242183;0,76817296;19,43248558;0,125786047;-0,085384453;-0,138285179;-0,07185474;-0,879440015;-0,002723089;0,002276316;-0,041129504;0,540648425;0,552812444;-0,131898574;0,03067991;0,953272341;33,22311976;-0,227143183;0,344621704;-0,019396679;0,059061993;-0,330937548;0,003240021;-0,080705425;0,397586593;-0,193603787;-0,490497723;-0,037580146;-0,000691762;0,033258843;47,34439465;0,165461511;-0,09707312;-0,048770712;-0,172250833;-0,246322926;0,000157404;0,008150037;-0,213224036;0,183592407;0,050592421;-0,074109462;0,048923076;0,082901405
50,02288677;8,220375223;1;1;0;0;0;0;5;18;5;3;0;0;tertiary;Mombach;2016;2;2;20,27893811;34,32459235;45,39647102;0,781968195;19,43248558;0,145041974;-0,088122465;-0,131688809;-0,082575949;-0,940181074;-0,002942986;-0,025639801;-0,14690289;0,592256533;0,575071388;-0,127266593;0,034453158;1,044950043;33,22311976;0,271981238;-0,405619373;0,01545438;-0,063094264;0,372167475;-0,003205439;0,153093739;0,057749969;0,213549286;0,49781183;0,029514834;0,002803183;-0,040734267;47,34439465;4,02865925;-2,271075379;-1,142406447;-4,045353454;-5,64021959;0,003671948;0,125838037;-0,406327078;4,36317594;1,10760967;-1,319749773;1,200796175;2,047457071
49,98932888;8,266337715;0;1;0;0;0;1;9;18;4;2;0;0;tertiary;Oberstadt;2016;2;1;17,541641;41,36349559;41,09486341;0,763113191;19,43248558;0,859969389;-0,227968271;-0,203308784;-0,320873787;-1,376138724;0,008365419;-0,015936435;-0,199128405;4,472425896;-6,305467424;-0,066773168;0,15314005;1,330849658;33,22311976;-0,575047173;-1,578960884;0,02928615;-0,175870936;1,476373123;0,04396147;0,302697966;0,247110548;2,184493449;6,274742314;-0,063617651;0,019760124;-0,044552673;47,34439465;-1,085965666;0,29837367;0,353048743;1,251576985;1,574101347;-0,023910235;-0,176247434;0,040163029;-16,66123822;9,393361853;0,217597665;-0,513074467;-0,917318507
49,99709518;8,268148411;1;0;0;0;0;0;5;15;0;1;0;1;unclassified;Altstadt;2021;2;1;12,90898621;55,62374592;31,46726489;0,629021835;19,43248558;-1,32121612;-0,542058257;-0,252582852;0,121348174;-2,573937373;-0,010672459;-0,371473121;-0,321954801;-7,483802357;6,067718967;-0,406819981;-0,890164459;1,462115267;33,22311976;1,482158777;8,92435016;0,111390677;-0,069747096;1,622536257;-0,178898258;0,732935741;0,637780184;4,18608715;1,953390779;0,04577314;-0,240489403;3,193358047;47,34439465;-0,372904666;-5,88222581;0,287216603;-0,431986432;2,271966054;0,014259455;-0,015300732;0,050283516;1,075308185;-17,87692082;0,772606439;4,549606707;-0,319038263
49,98560604;8,199902155;0;1;0;0;1;0;5;13;2;6;0;0;motorway_link;Gonsenheim;2017;2;2;25,62918961;20,90596408;53,4648478;0,695269493;19,43248558;-0,639197121;-0,439722248;-0,399458364;-0,132687799;7,451781979;-0,005840211;-0,08309658;-0,267769485;-1,274062185;0,433433224;-0,170827265;0,05803379;1,66611629;33,22311976;-0,69834476;-1,285188492;0,223255057;-0,400518737;-2,437589621;-0,009804204;0,540153399;0,323198259;-3,360956413;-5,250873075;0,114820382;0,104329474;-0,179636953;47,34439465;1,715990608;0,826443023;0,364490938;0,819924792;-6,067018321;-0,00222689;-0,01944295;0,236680398;6,70632122;1,376315253;0,261715093;-0,233974815;0,135234799