Latitude;Longitude;IstRad;IstPKW;IstFuss;IstKrad;IstSonstig;TagKategorie;Monat;Stunde;Unfallart;Unfalltyp;Lichtverhältnisse;Straßenverhältnisse;Straßenart;Stadtteil;Jahr;Unfallklasse Wahr;Unfallklasse Bestimmt;Wahrscheinlichkeit Klasse 0;Wahrscheinlichkeit Klasse 1;Wahrscheinlichkeit Klasse 2;Unsicherheits-Score;Base-Value Klasse 0;SHAP_0_IstRad;SHAP_0_IstPKW;SHAP_0_IstFuss;SHAP_0_IstKrad;SHAP_0_IstSonstig;SHAP_0_TagKategorie;SHAP_0_Monat;SHAP_0_Stunde;SHAP_0_Unfallart;SHAP_0_Unfalltyp;SHAP_0_Lichtverhältnisse;SHAP_0_Straßenverhältnisse;SHAP_0_Straßenart;Base-Value Klasse 1;SHAP_1_IstRad;SHAP_1_IstPKW;SHAP_1_IstFuss;SHAP_1_IstKrad;SHAP_1_IstSonstig;SHAP_1_TagKategorie;SHAP_1_Monat;SHAP_1_Stunde;SHAP_1_Unfallart;SHAP_1_Unfalltyp;SHAP_1_Lichtverhältnisse;SHAP_1_Straßenverhältnisse;SHAP_1_Straßenart;Base-Value Klasse 2;SHAP_2_IstRad;SHAP_2_IstPKW;SHAP_2_IstFuss;SHAP_2_IstKrad;SHAP_2_IstSonstig;SHAP_2_TagKategorie;SHAP_2_Monat;SHAP_2_Stunde;SHAP_2_Unfallart;SHAP_2_Unfalltyp;SHAP_2_Lichtverhältnisse;SHAP_2_Straßenverhältnisse;SHAP_2_Straßenart
49,97628198;8,270220056;1;1;0;0;0;0;1;13;5;2;0;1;secondary;Oberstadt;2019;2;2;13,7283355;35,9285295;50,34313798;0,680525955;19,43248558;0,15635553;-0,427181704;-0,355716876;-0,268127751;-2,477533152;-0,010246773;0,005489038;0,079908184;1,444348957;-5,119132722;-0,161204863;-0,711431802;2,140323851;33,22311976;0,341468338;-0,482245483;0,006690831;-0,097103435;0,697490349;-0,005668956;-0,288765048;0,080519884;0,587144938;2,058927857;-0,049841757;-0,093620538;-0,049587241;47,34439465;-0,747516901;0,568443901;0,284346756;0,620492665;1,218324734;0,002049946;0,048460936;-0,221564832;-1,40117379;1,950458895;0,266327573;0,890381613;-0,480288169
49,95705429;8,202863606;0;1;0;0;0;1;4;8;1;6;0;0;secondary;Lerchenberg;2021;2;2;10,06660461;23,0560869;66,87730551;0,484418698;19,43248558;0,291235073;-0,20258131;-0,461696587;-0,16446722;-2,283835142;0,023080263;-0,057785206;-0,31777233;-7,699525114;0,187539393;-0,483897987;0,036563928;1,76726127;33,22311976;-1,654102001;-2,305626782;0,138261738;-0,409441739;1,047285606;0,063902923;0,89360741;-1,367242913;0,826523666;-7,467783367;0,27125409;0,132959503;-0,336630997;47,34439465;0,007184942;0,743623049;0,626546844;1,38979271;2,21465971;-0,011269301;-0,044966589;1,511608833;9,495501499;3,206391432;0,596160976;-0,335957125;0,133633873
49,97637174;8,270211031;1;0;0;0;0;0;8;8;0;1;0;1;secondary;Oberstadt;2017;1;1;14,77424353;47,55958915;37,66616285;0,70872704;19,43248558;-1,167794339;-0,486711865;-0,20370274;0,106463699;-2,135051667;-0,00930017;-0,139986117;0,016903766;-5,995377418;5,061361936;-0,372238231;-0,734675586;1,40186668;33,22311976;1,337075615;8,012111412;0,137911251;-0,079125712;1,438824398;-0,044753278;0,301368655;-1,884286997;3,727809815;1,390913984;0,085758569;-0,23869764;0,151559314;47,34439465;0,002224461;-5,052307438;0,271945809;-0,376917341;2,079539553;0,012799628;0,009821481;2,679845464;1,505522477;-15,31125107;0,940687017;3,492001364;0,067856787
49,96160536;8,313472146;0;1;1;0;0;0;3;15;6;7;0;1;secondary;Laubenheim;2017;2;1;30,17238379;36,70667708;33,12093914;0,943321748;19,43248558;1,335513633;-0,202052467;3,591299853;-0,126451656;-2,806339904;-0,009248307;-0,011792159;-0,927135155;6,38655737;2,733182813;-0,980343204;-0,335924218;2,092631602;33,22311976;-0,816860871;-2,075065006;-1,040074594;-0,308071925;1,827571674;-0,011117263;0,389919444;0,885263062;1,140903096;3,020611435;0,52943222;-0,302640405;0,24368645;47,34439465;-1,472281076;0,458379854;-4,240769111;0,411685553;1,511113516;-0,000262883;-0,022972358;0,11975146;-11,59815498;-0,986281537;0,940447375;0,858462853;-0,202574182
49,91695951;8,254561942;0;1;0;0;0;1;10;22;4;1;2;1;residential;Ebersheim;2016;2;2;28,94503176;34,41632986;36,6386354;0,931419652;19,43248558;3,725199386;-0,01558933;-1,118145753;-0,179175598;-3,785509116;0,114274757;0,031843656;3,393440122;18,88892025;20,15188301;2,248035563;-1,135416796;-32,80721397;33,22311976;0,156144524;0,382888933;-0,02666069;0,013732471;-0,205843749;-0,000833383;0,065616639;-0,024217418;0,099147987;0,493285942;0,11687111;0,027543549;0,095534182;47,34439465;-0,983768062;0,072778768;0,298326563;0,201884799;0,805107063;-0,018026403;-0,028283187;-1,381294587;-10,12020827;-8,541543407;-0,995427829;0,820839533;9,16385576
49,99826138;8,177392784;0;1;1;0;0;0;8;17;6;5;0;0;residential;Finthen;2020;2;2;16,39477462;39,31833506;44,28689182;0,742303824;19,43248558;0,545354241;-0,161573212;1,730904707;-0,046058558;-1,257937222;-0,010426092;0,127736022;-0,54745277;2,792035961;-0,615768137;-0,322265366;0,033398197;-5,30565874;33,22311976;-1,593198104;-4,129500889;-1,7256232;-0,662282965;3,762799583;-0,024008807;0,546900833;1,938652337;2,616110041;5,16632201;1,050745524;0,049928256;-0,901629323;47,34439465;-0,501250542;0,314833857;-1,987053201;0,330156208;0,682797973;-0,000397693;-0,016796109;0,093786094;-5,511987314;-0,365017151;0,412258317;-0,12348277;3,614649495
50,00032837;8,169764745;0;1;0;0;1;0;4;15;3;6;0;0;motorway;Finthen;2016;2;2;28,82342637;32,94347227;38,23310733;0,91830021;19,43248558;-0,477472612;-0,933658177;-0,911699033;-0,433517357;10,95606842;-0,087251788;-0,102181679;-0,510801764;-6,665233514;1,052571718;-0,269989413;0,102994918;7,671111059;33,22311976;-0,0586677;-0,084782269;0,117881714;-0,02786318;-0,577818284;-0,001495816;0,066365962;0,051718363;0,478190475;-0,499323709;0,014607632;0,016801999;0,224737316;47,34439465;0,282640431;1,349589195;1,024566804;1,276165465;-7,209037273;0,019902041;-0,063039053;0,34599027;5,087584301;1,114537954;0,306112469;-0,414790805;-12,23150913
50,00711292;8,264039828;0;0;0;0;1;1;5;23;9;1;2;0;residential;Neustadt;2022;2;0;40,17367959;39,74271417;20,08360624;0,801219052;19,43248558;0,36246218;6,44984904;-1,292403833;-0,082363953;13,10414009;0,080122119;-0,130059448;1,466741869;8,349676593;8,62904026;1,289967175;0,215342995;-17,70132107;33,22311976;-2,154428718;19,67567303;1,385278884;-0,52309767;-21,82644451;0,34934747;1,857480042;2,069976052;4,05313565;2,414405356;-0,372920842;0,04274709;-0,451557434;47,34439465;-0,306766373;-4,258873657;0,371436731;0,371300485;-3,616738063;-0,018774131;-0,038950175;-1,431841417;-13,93554824;-8,483142108;-0,917285495;-0,583736142;5,588130174
50,01615282;8,240871657;1;1;0;0;0;1;5;13;5;3;0;0;secondary;Neustadt;2016;2;2;20,50482631;34,43340957;45,06176114;0,786691498;19,43248558;0,168421454;-0,104820176;-0,163020552;-0,095803166;-1,071238985;0,00365296;-0,02521638;-0,022131117;0,67605141;0,620332186;-0,144288212;0,037178354;1,193222948;33,22311976;0,288422299;-0,406084471;0,018886562;-0,066900541;0,396992694;0,012863548;0,155010363;0,070685882;0,225731288;0,516311871;0,033571181;0,002750742;-0,037951609;47,34439465;8,62035504;-4,704901148;-2,45703659;-8,421060226;-11,67440134;0,072053073;0,257319811;0,18504677;9,052653043;2,050508557;-3,169011871;2,451101739;5,454739627
49,98123246;8,246659201;0;1;0;0;0;0;8;11;5;3;0;0;tertiary;Bretzenheim;2021;2;2;21,76657319;33,85606408;44,37736571;0,80402787;19,43248558;0,238739186;-0,166249483;-0,356715256;-0,130726998;-1,425679904;-0,00453912;0,006534805;0,312833533;1,606132984;0,699607693;-0,221456077;0,055066695;1,720539549;33,22311976;-0,095906928;-0,288044824;0,013131453;-0,055567314;0,22696437;-0,000459084;0,078854135;0,003842741;0,219744533;0,516757209;0,029310176;0,001561893;-0,017244041;47,34439465;-0,980338607;4,695278687;3,993606188;8,257068039;11,0200841;-0,005771691;-0,190044907;-2,548414557;-23,50978376;0,88466268;3,091573407;-2,468902949;-5,206045574
49,99227823;8,227150344;0;1;0;0;0;0;11;7;2;6;1;1;secondary;Oberstadt;2016;2;2;8,86239484;14,39654231;76,74105763;0,34712259;19,43248558;-2,109642581;-0,16786365;-0,694705442;-0,334667456;-3,455733418;-0,011254107;-0,019251847;-3,176466724;-5,267856511;1,553197376;0,493244272;-0,638824098;3,259733443;33,22311976;-1,345514699;-2,235930902;0,152702807;-0,448019106;0,54613554;-0,011891215;-1,352149959;0,134673294;-4,893574814;-7,210703504;-1,045750543;-0,83265711;-0,283897242;47,34439465;3,646029942;1,00698078;0,608314576;1,167889029;2,243319381;-0,001405544;0,114208082;2,112987766;14,16103182;2,173194243;0,394642451;1,235298607;0,534171851
49,99754039;8,255997222;0;1;0;1;0;0;10;11;2;7;0;0;primary;Oberstadt;2019;2;1;24,9268055;38,32006156;36,75312996;0,87317403;19,43248558;-2,106958128;-0,221072866;-0,743757756;11,19969369;-3,498229384;-0,018300047;0,131549074;0,036532388;-5,435252974;1,944987658;-0,647969541;0,351276398;4,501821396;33,22311976;-0,973416226;-4,039399132;0,233397818;9,982130434;2,212491794;-0,000985677;-1,238776485;0,570964166;-5,436903979;4,74259941;0,601257229;0,09931664;-1,65573419;47,34439465;1,772981021;0,784812692;0,36425648;-22,840827;1,346350227;-0,002421887;-9,32716E-05;-0,223587033;8,370780328;2,315854378;0,291254607;-1,151700568;-1,618924667
49,98632755;8,265787774;0;1;0;0;0;0;6;15;5;3;0;0;secondary;Oberstadt;2020;1;2;21,24502659;34,11949873;44,63546872;0,797089867;19,43248558;0,21434033;-0,151878893;-0,294299376;-0,128170816;-1,299549031;-0,003806755;0,012089634;-0,169304109;1,447031109;0,659540212;-0,193359967;0,050823821;1,669084844;33,22311976;-0,123688827;-0,36522087;0,015584178;-0,071794004;0,293310514;-0,000521853;0,102150257;0,086105643;0,2923628;0,653912227;0,036494503;0,002765282;-0,025080882;47,34439465;-1,613985574;7,770930498;6,648224169;13,79577992;18,16255122;-0,009557603;-0,531279304;0,573574285;-39,53153008;1,658208047;4,397884631;-4,117275528;-9,912450615
49,98073013;8,269210699;0;0;0;0;1;0;10;18;0;7;1;1;residential;Oberstadt;2019;1;2;25,14007986;36,42629385;38,43362331;0,875877823;19,43248558;0,255999972;3,276006328;-0,905902431;0,208129746;11,03397863;-0,024323941;0,341139887;-0,729984277;-2,902516743;4,093525973;0,128489712;-1,19548117;-7,871467412;33,22311976;-0,724945813;8,768733122;0,602001185;-0,240240619;-11,94515215;-0,071478768;-1,286878967;0,731969297;5,300467723;3,826888392;-0,709801736;-0,355219829;-0,693167744;47,34439465;-0,122159635;-6,65117371;0,57810626;-0,439554944;-6,350195624;0,00082054;-0,042219857;0,151046464;-2,022148411;-1,546162249;0,22213124;1,458007177;5,852731408
49,99287066;8,259996152;0;1;0;0;0;0;12;17;2;6;1;1;primary;Oberstadt;2016;2;2;9,106202424;14,9923116;75,90148449;0,359446203;19,43248558;-2,17214258;-0,134145011;-0,640769587;-0,37799292;-3,10770104;-0,011703081;0,056084036;-1,226398876;-6,077481508;1,005910963;0,201814405;-0,578843911;2,737085949;33,22311976;-1,349924077;-2,22182999;0,125816943;-0,405637569;0,533645486;-0,011548283;-1,591621418;0,405639295;-4,477315913;-6,691901638;-0,919380772;-0,824986628;-0,801763601;47,34439465;3,738245724;1,080763203;0,644210776;1,235916005;2,245880613;-0,00130657;0,01083735;0,701040923;15,11973015;2,428801207;0,361772287;1,335525327;-0,344327162
50,00840909;8,196982427;0;1;0;0;0;0;8;7;1;6;0;0;motorway;Gonsenheim;2019;2;2;20,04367262;30,32886386;49,62746501;0,739863311;19,43248558;0,444998858;-0,269747119;-0,701459659;-0,353130512;-3,811762101;-0,016910869;0,188681832;-1,695164723;-4,264439474;0,544283696;-0,917469701;0,015236343;11,44807047;33,22311976;-0,735755843;-0,480723937;0,318056247;-0,168541663;0,547417121;-0,007249151;0,219115644;-0,065353928;0,400092967;-3,72493531;0,156512907;0,066338439;0,580770603;47,34439465;-0,290652758;1,686460668;1,448319948;2,35576233;4,459976912;-0,00899341;-0,130003098;2,856357872;10,0257776;2,590126262;0,880812625;-0,507928644;-23,08294595
49,95837432;8,310498666;1;0;0;0;0;0;5;7;0;1;0;0;residential;Laubenheim;2021;2;1;11,81972548;49,99440908;38,18586469;0,661479581;19,43248558;-0,658816618;0,27635428;-0,136059514;0,00977644;-1,728241271;-0,012714276;-0,136454365;-1,89514495;-1,883604829;4,646523918;-0,33576514;0,11902479;-5,877638564;33,22311976;1,4791375;8,604280453;0,131638209;-0,096850395;1,508238146;-0,04424745;0,648133607;-1,07962139;4,137566189;1,409850611;0,08533378;0,031802048;-0,043971986;47,34439465;0,146720043;-6,931966945;0,222929911;0,289788485;1,997606347;-0,00145735;-0,153517217;4,005332089;-1,495587735;-16,40910048;0,879847819;-0,808765335;9,0996404
49,98980218;8,291685351;0;1;0;0;1;0;2;14;4;7;0;0;secondary;Oberstadt;2016;1;0;64,86603022;22,33783156;12,79613823;0,519845585;19,43248558;1,939634588;-0,43919818;-0,717371038;-0,24798198;14,75213714;-0,013440287;0,026505643;-0,287525388;21,84843775;4,333057569;-0,284761515;0,112410678;4,411639653;33,22311976;-0,621031069;-1,487326432;0,35695975;-0,221675247;-9,314499811;-0,013931094;-0,503459959;0,517815123;-2,315786175;2,791139347;0,19054401;0,028809696;-0,292846344;47,34439465;-1,808979743;0,107080686;0,394530335;0,661393422;-6,752362921;-0,000745734;0,002768272;-0,03061357;-23,73110857;-1,144025452;0,296778148;-0,299602879;-2,243368424
49,96822279;8,257180602;0;1;0;0;1;0;8;12;2;6;0;0;motorway;Bretzenheim;2021;1;0;50,90710521;25,42859912;23,66429865;0,735950995;19,43248558;-0,947800983;-0,80943847;-1,086899489;-0,460828233;21,85430398;-0,014125652;0,011351832;-0,591720054;-1,432844339;1,246356833;-0,398137054;0,125453774;13,97894748;33,22311976;-0,415715066;-0,519690281;0,708318117;-0,285109453;-2,65254906;-0,008782998;0,374580571;0,194451392;-2,530405346;-4,095622086;0,11062378;0,090002996;1,235376791;47,34439465;1,615456589;1,765876319;1,05195686;1,450219715;-15,43157684;-0,05917484;-0,032658248;0,527289642;5,966006092;1,230054274;0,435811065;-0,42503555;-21,77432108
50,00209058;8,218133245;0;1;0;0;0;0;8;17;2;6;0;0;tertiary;Gonsenheim;2018;2;2;9,755837172;17,24859625;72,99556732;0,401538235;19,43248558;-2,16434386;-0,169419276;-0,636336273;-0,436174991;-3,475437144;-0,010161631;0,025273141;-1,255868472;-5,289452608;1,083799399;-0,554083877;0,136817511;3,068739669;33,22311976;-1,615487869;-2,748253759;0,102942222;-0,573901205;0,737810121;-0,013568612;0,63903988;0,564891984;-5,575579095;-7,463580936;0,210980641;0,134240674;-0,374057557;47,34439465;3,555731;1,03479145;0,534038469;1,536940221;2,246720813;-0,003685449;-0,031271653;0,60926949;13,57968647;2,478967045;0,450667958;-0,366367571;0,025684422
49,97356985;8,281229906;1;1;0;0;0;0;1;7;5;3;2;2;tertiary;Hechtsheim;2020;2;2;16,22187346;35,24160981;48,53651822;0,718686898;19,43248558;0,400603175;-0,29906362;-0,538621652;-0,150435025;-2,473783592;-0,039863198;-0,052467073;-3,005064747;0,697182713;1,352330785;1,4644523;-3,151239176;2,585356989;33,22311976;0,458459029;-0,582180258;0,055445502;-0,113205304;0,615894111;0,039277994;-0,290418463;-0,099087349;0,33758027;0,840116188;-0,246714314;1,002760371;0,000562273;47,34439465;-0,63091025;0,354936432;0,287613842;0,470350382;0,875523179;0,00041938;0,071082111;0,988695808;-0,687865528;-0,271218642;-0,930447674;0,970956795;-0,307012274
49,97632682;8,270215547;0;1;0;0;0;1;2;17;2;6;0;0;secondary;Oberstadt;2020;2;2;9,667875618;16,27779901;74,05433059;0,386508587;19,43248558;-2,215711961;-0,177626635;-0,651374616;-0,452112787;-3,590180932;0,010990249;-0,031416672;-1,28726296;-5,518147115;1,173339842;-0,569382332;0,140322938;3,403953017;33,22311976;-1,594640231;-2,650921518;0,096881235;-0,53127938;0,662415121;0,045909189;-0,559976211;0,393205347;-5,404597422;-7,170989141;0,191254397;0,128869758;-0,551451896;47,34439465;3,667480059;1,046414468;0,546221594;1,562482658;2,216707304;-0,005872822;0,028571462;0,597676438;14,103647;2,475533309;0,451709309;-0,361437132;0,380802284
49,97219141;8,297271996;0;0;0;0;1;0;10;6;8;7;1;0;motorway;Weisenau;2022;2;0;52,98149586;33,5570693;13,46143484;0,657729778;19,43248558;0,262921483;4,273868413;-0,958475117;-0,304213545;16,45675068;-0,013090396;0,075544507;-1,958183835;4,283320709;1,731147279;0,353177574;0,123487636;9,222754886;33,22311976;-0,009370815;0,091107229;0,039578139;-0,001833408;-0,051794826;-0,001900964;-0,013221927;0,06839784;0,265485984;0,072754228;-0,017571937;-0,001819693;-0,105860309;47,34439465;-0,462617859;-6,232114444;0,726269324;0,770020348;-8,316059223;0,003200325;0,075386885;1,025253891;-8,7975392;-0,549537112;0,16694117;-0,543218794;-11,74894513
50,00954286;8,217965392;0;0;1;0;1;0;2;16;6;7;0;0;residential;Gonsenheim;2017;2;0;49,54798818;25,5303055;24,92170781;0,756723084;19,43248558;0,822977088;6,392807176;6,993955694;-0,03855389;18,7387456;-0,025186573;-0,211551883;-1,102644727;7,306620575;3,087514554;-0,673594314;0,111874321;-11,28746102;33,22311976;-0,422018666;1,774125914;-2,213320044;-0,1394594;-8,357399209;-0,026556177;-0,305563755;0,609910407;-0,176826595;1,404142238;0,049181201;0,015054352;0,095915476;47,34439465;-1,061585453;-6,765879891;-3,898324137;0,373437205;-8,2799823;-0,000783153;0,009839407;0,084211911;-9,572944081;-1,093348305;0,796474663;-0,280938584;7,267135873
50,02713234;8,211240745;0;1;0;1;0;0;5;16;2;6;0;0;motorway;Mombach;2022;2;1;35,33947468;43,0904001;21,5701282;0,811215222;19,43248558;-2,758151786;-0,241284147;-1,091782922;17,65853249;-6,301477143;-0,022821594;-0,094792387;-1,740845852;-5,494306419;0,906940713;-0,878951694;0,368402583;15,59752725;33,22311976;-7,589711597;-8,381234343;6,278718422;60,3043178;9,470088271;-0,067370289;7,857733854;6,639581928;-22,62177515;-50,28497177;3,46429482;1,182506348;3,615102041;47,34439465;0,958004069;0,833096318;0,58688994;-21,59996037;1,572088639;-0,038423623;-0,051768747;0,43386658;4,336255056;0,675084844;0,2223166;-0,946540254;-12,7551755
50,00388693;8,214660919;0;1;1;0;0;1;10;21;6;4;2;0;secondary;Gonsenheim;2016;2;0;57,66904354;29,29217815;13,03877831;0,60876605;19,43248558;2,206142946;-0,196475527;7,983885259;-0,153401086;-2,93566423;0,014478697;0,070310518;5,224366249;9,072868446;6,814775573;5,614914315;0,076888693;4,443468105;33,22311976;-1,230949617;-2,791778083;-2,100157841;-0,36514205;2,161729107;0,040442832;-0,668560334;0,420890002;0,457602617;2,66884106;-2,857414564;0,031388139;0,302167124;47,34439465;-2,693314987;0,229166502;-4,086689945;0,404924153;0,825749336;-0,01793051;0,002046402;-1,636589741;-9,544227109;-12,00834089;-5,086072824;-0,190591143;-0,503745594
50,01576086;8,240280458;0;1;0;0;1;0;9;6;1;6;0;0;secondary;Hartenberg-Münchfeld;2021;2;2;22,63266444;26,31691992;51,05041265;0,732335302;19,43248558;-0,078134954;-0,532899536;-0,487765976;-0,107989347;8,908915786;-0,00848562;-0,023048924;-0,955579483;-4,529361994;0,162318264;-0,489630294;0,035461651;1,306379286;33,22311976;-0,516064284;-0,920575133;0,226016155;-0,246236013;-2,756591593;-0,000145747;0,307038221;1,089411784;0,432240326;-4,624633844;0,121030587;0,089385298;-0,107075597;47,34439465;-0,129750613;0,85133479;0,544765837;0,994908182;-8,33798536;0,006270703;0,065262753;0,871451581;6,099853027;2,218454033;0,473890066;-0,296091415;0,343654417
49,9509747;8,224255902;0;1;0;0;1;0;6;6;2;6;0;0;motorway;Marienborn;2018;2;0;49,10518825;26,71383917;24,1809696;0,762407427;19,43248558;-0,918700719;-0,831099043;-1,019724806;-0,444495953;21,52549987;-0,015031722;-0,005905458;-2,574253502;-1,410539992;1,624312285;-0,534208541;0,123916146;14,1529341;33,22311976;-0,353828354;-0,505880694;0,659475155;-0,281718847;-2,173222561;-4,96757E-05;0,457174697;1,079336699;-2,52212194;-4,235699887;0,125624904;0,08580555;1,155824366;47,34439465;1,520601909;1,718315926;1,027418472;1,42240996;-15,31659407;-0,050595942;-0,103147643;1,262235875;5,835679222;1,006173107;0,495841389;-0,403819201;-21,57794406
49,96123414;8,258022272;1;1;0;0;0;0;5;11;1;5;0;0;unclassified;Hechtsheim;2020;2;2;11,02822721;32,12306798;56,84869885;0,602768031;19,43248558;0,269773405;-0,206191144;-0,341577924;-0,160324923;-2,452219135;-0,024285857;-0,102954658;0,923584122;-7,403743634;-0,326821025;-0,444244702;0,125898802;1,738848298;33,22311976;-0,302702181;0,5139219;-0,018731127;0,051120579;-0,333763996;0,03663958;-0,118914397;0,056864369;-0,135141109;-0,343967719;-0,050926057;-0,00548525;-0,44896638;47,34439465;-0,989301148;0,536776614;0,23514766;0,973830113;1,593932867;-0,000887609;-0,027047982;-0,250162922;7,849840199;-0,72430038;0,422324528;-0,266533084;0,150685343
50,01329691;8,232193869;0;1;1;0;0;0;10;12;6;4;0;1;secondary;Gonsenheim;2021;2;1;35,14561355;39,69357312;25,16082227;0,871240371;19,43248558;1,63160717;-0,281415618;4,353553159;-0,155698847;-3,351273982;-0,009689102;0,066443194;-0,972704957;8,104547866;4,949727222;-1,436827068;-0,421605552;3,236464481;33,22311976;-1,430643353;-3,244794855;-1,452076651;-0,526616652;3,307308682;-0,021765265;-0,982451266;0,88309878;2,341196557;6,466962065;1,124056969;-0,505077869;0,511256214;47,34439465;-2,212101229;0,293986164;-3,506248421;0,321302188;1,067777687;-0,000217366;-0,00393681;0,038934815;-9,937236635;-9,979798266;1,469780342;0,662466568;-0,398281419
50,01592548;8,219194431;1;1;0;0;0;0;7;14;5;2;0;0;residential;Mombach;2017;2;2;7,740357518;34,3331486;57,92649388;0,565116638;19,43248558;0,195500588;-0,471901437;-0,304117657;-0,165731151;-1,743536276;-0,006157471;0,007524497;0,264311891;0,340322085;-3,042148487;-0,099025533;0,091779887;-6,758949002;33,22311976;0,169603356;-0,273467113;0,006129257;-0,048507491;0,307479026;-0,00195942;0,055577176;0,069603027;0,213441116;0,80649428;-0,022561616;0,003589199;-0,175391961;47,34439465;-1,450377546;1,056471184;0,447320924;0,964769195;1,615769446;0,001924051;-0,093640043;-0,313429643;-1,33454;2,504585734;0,362326861;-0,338397697;7,159316762
50,00562717;8,246813435;0;1;0;0;0;0;7;15;2;6;0;0;tertiary;Hartenberg-Münchfeld;2017;1;2;9,820909798;17,26484746;72,91424274;0,402796682;19,43248558;-2,196361609;-0,182250461;-0,64937358;-0,442372777;-3,513140324;-0,009097444;0,00568427;-0,975385037;-5,336076812;1,07307035;-0,547931996;0,135767338;3,025892296;33,22311976;-1,630658342;-2,7384463;0,097512708;-0,573117804;0,736881054;-0,013781333;0,65921829;0,540783463;-5,582516754;-7,467148489;0,211969832;0,134276441;-0,33324507;47,34439465;3,551710328;1,04120972;0,536273854;1,535091335;2,245791947;-0,003681607;-0,050062671;0,523991148;13,55874751;2,495491764;0,445970482;-0,362897265;0,05221155
49,97695345;8,236813095;0;1;0;0;0;0;5;11;0;1;0;0;residential;Bretzenheim;2020;2;2;21,52838707;37,35394776;41,11766815;0,819950855;19,43248558;-5,987762437;-0,14103853;2,616478639;-0,026852051;9,267514338;0,060788888;1,173052768;-5,649690794;-3,96146904;-47,24929829;2,090707454;-0,787073534;50,69054408;33,22311976;332,249588;1049,325395;-32,15530269;97,8330049;-394,5559256;7,206910297;-313,0143798;168,5506363;-1165,382263;48,53303131;-90,19329318;-9,545709077;305,2791359;47,34439465;-0,43141861;0,402087456;0,299693022;0,17315436;0,65082241;-0,000332341;-0,035034154;-0,334851803;-2,874279074;-8,871420357;0,301584414;-0,427990437;4,921258612
49,97230274;8,317121819;0;1;0;0;0;0;12;19;8;1;2;1;motorway;Weisenau;2017;2;0;46,42029703;32,26587176;21,31382674;0,781982811;19,43248558;1,718013723;-0,074241354;-1,024410765;-0,305535213;-2,677964347;-0,012896324;0,108434968;1,198157482;8,013804201;12,3874844;1,652614489;-0,706610044;6,710960232;33,22311976;-0,49672436;-0,808538863;0,370346051;-0,072224942;0,409865319;-0,000437239;-0,78939138;0,681406792;1,802334387;-1,595499876;-0,493554946;-0,150378078;0,185549137;47,34439465;-0,689033202;0,525802782;0,927429795;0,665216962;1,271641232;-0,002240362;0,056241456;-0,499423915;-11,01395766;-11,3785705;-1,145408072;2,914954099;-7,663220527
49,98044848;8,267064141;1;0;0;0;0;0;6;22;0;1;2;0;residential;Oberstadt;2021;2;1;13,69369924;54,95461822;31,35167956;0,641435751;19,43248558;-0,9750353;0,047509477;-0,27348713;0,021304703;-1,759509175;-0,020862576;-0,072550332;0,964913123;-2,661295281;5,05210647;1,090943542;0,128769047;-7,281592912;33,22311976;2,0007124;10,48585225;0,178454308;-0,086374245;1,518914985;-0,044393983;0,486141263;0,996259436;4,757054952;1,712046168;-0,135149932;0,036704966;-0,174724111;47,34439465;0,041273677;-4,99823453;0,324004192;0,145380614;1,287762878;0,005466928;-0,03416097;-2,833346595;-0,911421219;-13,37365419;-2,251507173;-0,622716552;7,228437846
50,00657428;8,257491758;0;1;0;1;0;1;3;9;5;3;0;0;residential;Neustadt;2021;2;2;12,98500597;43,42847764;43,5865134;0,694772036;19,43248558;0,062701835;-0,299401742;-0,355033125;1,905999133;-1,1904017;0,022146771;-0,010801476;0,370019405;0,502627423;-0,055027086;-0,156809206;0,089618682;-7,333118523;33,22311976;-0,619159756;-1,718866474;0,150261491;7,863536521;2,250461593;0,004152777;0,105392811;-3,470923489;1,528686749;4,552137074;0,312098175;0,017676122;-0,770095711;47,34439465;-0,047758567;0,429840696;0,235806505;-9,030412306;0,574697636;-0,00804728;-0,018280365;-0,115153345;-1,625416793;0,08741771;0,145337808;-0,504131538;6,118218583
49,98187912;8,306475377;0;1;1;0;0;0;7;9;6;4;0;0;secondary;Weisenau;2018;2;1;36,9790256;38,04113865;24,97983277;0,874360352;19,43248558;1,667758465;-0,296728785;4,486003721;-0,221511381;-3,324721642;-0,010077967;-0,013998341;0,339255903;8,099870071;4,876789761;-1,451810826;0,090575816;3,305135225;33,22311976;-2,632673315;-5,877391857;-3,193796033;-1,023411884;6,178300616;-0,099377048;1,144933076;-7,59209736;3,150655527;11,10015076;2,32530076;0,079702249;1,2577234;47,34439465;-2,227920842;0,295698287;-3,270606932;0,644921274;1,067356598;-0,000715744;-0,022360002;-0,314782645;-9,715522351;-9,651787548;1,450968671;-0,228157042;-0,391653612