Latitude;Longitude;IstRad;IstPKW;IstFuss;IstKrad;IstSonstig;TagKategorie;Monat;Stunde;Unfallart;Unfalltyp;Lichtverhältnisse;Straßenverhältnisse;Straßenart;Stadtteil;Jahr;Unfallklasse Wahr;Unfallklasse Bestimmt;Wahrscheinlichkeit Klasse 0;Wahrscheinlichkeit Klasse 1;Wahrscheinlichkeit Klasse 2;Unsicherheits-Score;Base-Value Klasse 0;SHAP_0_IstRad;SHAP_0_IstPKW;SHAP_0_IstFuss;SHAP_0_IstKrad;SHAP_0_IstSonstig;SHAP_0_TagKategorie;SHAP_0_Monat;SHAP_0_Stunde;SHAP_0_Unfallart;SHAP_0_Unfalltyp;SHAP_0_Lichtverhältnisse;SHAP_0_Straßenverhältnisse;SHAP_0_Straßenart;Base-Value Klasse 1;SHAP_1_IstRad;SHAP_1_IstPKW;SHAP_1_IstFuss;SHAP_1_IstKrad;SHAP_1_IstSonstig;SHAP_1_TagKategorie;SHAP_1_Monat;SHAP_1_Stunde;SHAP_1_Unfallart;SHAP_1_Unfalltyp;SHAP_1_Lichtverhältnisse;SHAP_1_Straßenverhältnisse;SHAP_1_Straßenart;Base-Value Klasse 2;SHAP_2_IstRad;SHAP_2_IstPKW;SHAP_2_IstFuss;SHAP_2_IstKrad;SHAP_2_IstSonstig;SHAP_2_TagKategorie;SHAP_2_Monat;SHAP_2_Stunde;SHAP_2_Unfallart;SHAP_2_Unfalltyp;SHAP_2_Lichtverhältnisse;SHAP_2_Straßenverhältnisse;SHAP_2_Straßenart
49,99115217;8,264842989;0;1;1;0;0;0;12;16;6;4;0;0;residential;Oberstadt;2022;2;1;21,70321345;43,02019179;35,27659774;0,813102491;19,43248558;-1,13380602;0,356960952;-3,688263023;0,089812666;2,596949165;0,016027788;-0,117716418;0,853928345;-5,900347884;-2,475484484;0,816412647;-0,057466917;10,91372105;33,22311976;-3,562363624;-7,503679417;-2,221362826;-1,24037162;7,2652629;-0,052371121;-6,783573279;3,592044917;5,806191273;13,28279748;2,478848444;0,096775368;-1,361126464;47,34439465;-1,334415704;0,374409026;-2,812670211;0,315092285;0,805102138;-0,000623437;-0,000476931;0,065779195;-7,990933911;-7,51711422;1,053026705;-0,1610787;5,136106849
49,98155899;8,246068533;1;1;0;0;0;0;8;16;5;3;0;0;residential;Bretzenheim;2017;2;2;9,587793797;33,73963237;56,67257905;0,592188257;19,43248558;0,407043292;-0,323130593;-0,304435238;-0,094700301;-1,729897909;-0,010221202;0,010522895;-0,165232036;0,403640912;0,404042769;-0,205480807;0,060607194;-8,297450762;33,22311976;0,170974721;-0,255775879;0,00879045;-0,042492645;0,221366311;-0,001404326;0,058091536;0,058957339;0,122615704;0,298546165;0,019846008;0,001583898;-0,144586676;47,34439465;-1,923466743;1,007079059;0,477352387;0,959763321;1,701960304;-0,001348856;-0,024964161;0,101469263;-1,364033248;-0,009757533;0,412349166;-0,371030101;8,362811537
50,02229667;8,237869082;0;1;0;0;0;1;11;12;2;2;0;0;path;Mombach;2020;2;2;8,345366269;22,04588354;69,60875392;0,443082884;19,43248558;-1,440992284;-0,413099785;-0,463158213;-0,444807373;-2,70437576;0,010898619;0,032429832;-0,357131703;-2,789988511;-4,411447198;-0,27284419;0,13751023;2,029887022;33,22311976;-1,618588076;-4,620950637;0,073304178;-0,852574691;2,18422459;0,102418465;-1,54129928;0,392267445;-13,71357328;10,22355719;-0,093136331;0,073637787;-1,786523586;47,34439465;3,168799781;1,097736053;0,529628544;1,508082078;2,221678313;-0,013424714;0,095955586;0,047598833;11,52817032;2,078566741;0,417149354;-0,347237443;-0,06834418
50,00098303;8,262028405;1;0;0;0;0;1;1;14;9;1;0;0;residential;Altstadt;2021;2;1;25,72181225;50,52771568;23,75046909;0,741519829;19,43248558;-1,17993952;3,208560168;-0,334497694;-0,173958295;-4,440906946;0,028146558;0,031366463;0,580606946;12,12047399;13,5924739;-0,494126187;0,262507613;-16,91138034;33,22311976;2,438307662;11,28971799;0,152338967;-0,172351357;2,593889057;0,190846484;-1,352970621;0,768559469;1,067017952;0,040827859;0,132151084;0,020523044;0,13573833;47,34439465;-0,155988978;-3,761920302;0,092887655;0,398268505;0,978209325;-0,008179424;0,269957366;-0,013188192;-16,23907172;-9,705518156;0,27732577;-0,588173962;4,861466547
49,98558496;8,237313986;1;1;0;0;0;0;3;16;1;7;0;0;living_street;Bretzenheim;2017;2;2;10,67896113;29,94312942;59,37790871;0,575199935;19,43248558;0,226119418;-0,205384099;-0,35025905;-0,190252372;-2,66921674;-0,007694132;0,152503505;-0,624340433;-7,293842205;2,777155244;-0,432226072;0,041235006;-0,177322525;33,22311976;-1,168079082;1,916632211;-0,065189486;0,201639304;-1,245368974;0,012835372;-0,421247249;-0,525665632;-0,456545635;-1,74302548;-0,198263708;-0,018557956;0,430845974;47,34439465;-1,131141547;0,549880891;0,259312412;0,883015454;1,672812457;0,001576496;-0,072712882;0,122357733;7,801560882;-0,830686873;0,365692155;-0,265571616;2,677418489
49,97744292;8,269817387;0;0;0;1;0;0;10;12;0;6;0;0;secondary;Oberstadt;2017;1;1;18,50574166;43,45009327;38,04416955;0,772712203;19,43248558;0,207376256;0,043508339;-0,137986201;0,687011092;-0,627058668;-0,0035617;0,060927786;-0,024555725;-1,777529088;0,097153295;-0,100717092;0,114591846;0,534095932;33,22311976;-1,699451461;9,777320183;0,186664039;4,479689965;1,991398987;-0,060186057;-1,343564629;0,469890149;2,68858354;-6,871402619;0,125828295;0,147814717;0,334388398;47,34439465;-0,259821453;-3,117618546;0,131812624;-12,39727026;1,009236514;0,003392319;0,073707025;-0,066546632;5,928288457;0,942584285;0,259031009;-1,481573393;-0,325447059
50,01244102;8,252275911;1;1;0;0;0;0;7;7;1;5;0;0;residential;Neustadt;2017;2;2;5,148970708;29,1963011;65,6547308;0,472343;19,43248558;0,237950847;-0,258124528;-0,24254694;-0,066719229;-1,565053966;-0,016965351;0,171155369;-0,987316054;-4,126411936;-0,603944249;-0,324277657;0,028634854;-6,529896035;33,22311976;-2,102099064;3,262731601;-0,121672051;0,408552195;-2,423872047;0,026024202;-0,212719539;0,380066455;-1,148067823;-2,711943634;-0,429392258;-0,031265855;1,076839161;47,34439465;-1,346450333;0,885503252;0,390579744;0,921870321;1,85737636;-0,001230998;-0,141451688;2,006794304;7,667442852;-0,658713887;0,581919877;-0,296277649;6,442973989
49,98941719;8,265582066;0;1;0;0;0;0;2;12;1;6;0;1;primary;Oberstadt;2020;2;2;10,2299951;22,50002474;67,26998091;0,479977761;19,43248558;0,269626636;-0,178827115;-0,433064674;-0,150136307;-2,092134057;-0,012520085;-0,069832349;-0,357504929;-7,625700671;0,068166982;-0,491604416;-0,103984694;1,975025198;33,22311976;-1,467169739;-1,949768201;0,104176978;-0,305585218;0,869702026;-0,010843375;-0,467483397;0,251070017;0,705650686;-7,01476201;0,200195959;-0,815724243;-0,822554508;47,34439465;3,23401E-05;0,784640175;0,706041588;1,076436191;2,285413496;0,000127901;-0,01625892;0,351809971;10,39222702;3,31884704;0,590097681;1,150196921;-0,714025153
49,99592092;8,279333459;0;1;0;1;0;0;3;11;2;6;0;0;secondary;Altstadt;2019;2;1;25,74967742;37,25286126;36,99746132;0,88622366;19,43248558;-3,899025474;-0,373993358;-1,315034208;18,37758406;-6,445941903;-0,027031819;-0,025503988;0,045541993;-7,552841642;0,970802961;-1,174160245;0,559745269;7,177050194;33,22311976;1,17565725;3,140250697;-0,146982255;-9,973303697;-1,190495434;0,009946331;-0,234895286;-0,350846342;3,868322118;7,961161996;-0,443903921;-0,169753452;0,384583494;47,34439465;1,712082213;0,638746043;0,293036657;-20,22935476;1,118348754;-0,001600945;-0,035776834;-0,058612797;6,190434602;1,262008117;0,229988348;-0,870951614;-0,595281118
49,97574481;8,280940642;0;1;0;0;0;0;2;12;4;2;0;0;tertiary;Hechtsheim;2021;2;2;17,91182756;40,7458961;41,34227931;0,768619747;19,43248558;0,860357564;-0,232513072;-0,203987476;-0,31228654;-1,36074486;-0,005204765;-0,014354043;0,121237032;4,507932848;-6,197116827;-0,065955543;0,149518801;1,232458861;33,22311976;-0,566714266;-1,430074971;0,027910188;-0,18127962;1,409111569;-0,010239273;-0,275401526;0,173485326;2,100347694;6,300312596;-0,066066035;0,015315129;0,02606953;47,34439465;-1,109449709;0,349401845;0,373116581;1,269025624;1,635117516;0,003161769;0,135497446;-0,300502198;-17,01791549;9,878187169;0,285202147;-0,567177723;-0,935780319
49,97006516;8,306776466;0;1;0;0;0;0;10;15;2;6;0;0;motorway;Laubenheim;2022;2;2;14,80748802;27,16020942;58,03229809;0,614379734;19,43248558;-1,316286859;-0,106213175;-0,490801037;-0,378405027;-2,855175986;-0,005561885;0,036661936;-0,621704014;-3,565189644;0,696213312;-0,345806897;0,083127339;4,244144378;33,22311976;-0,804015758;-0,691015933;0,385955054;-0,270831002;0,466130712;-0,007957443;-0,363289172;0,324995444;-2,791620928;-4,064382222;0,13032713;0,076573454;1,546220319;47,34439465;3,503091035;1,965295464;1,426978098;2,480136804;4,764801792;-0,080180601;0,012009101;0,983320696;15,2591581;2,197781914;0,706943602;-0,558675277;-21,97275729
50,00214028;8,258871101;1;0;0;0;0;1;2;13;0;7;0;0;unclassified;Neustadt;2020;2;1;14,48838562;49,97119308;35,54042876;0,690931633;19,43248558;-0,80192103;0,805030658;-0,466336327;-0,004608906;-3,609121375;0,020101731;0,399362743;-0,085161891;-4,956903409;2,90159563;-0,546874582;0,198878213;1,201858581;33,22311976;1,294217201;7,230852689;0,123587718;-0,08002119;1,610620731;0,389396827;-0,670575746;0,09821825;2,587199045;1,418322442;0,025660816;0,020441942;2,700152588;47,34439465;-1,91072648;-9,748190987;0,492752075;0,946973979;3,726596335;-0,033419118;0,001618822;-0,240622125;-3,922011217;-1,832716914;1,101840992;-0,940834243;0,554772984
49,97704085;8,25031874;1;1;0;0;0;0;7;5;5;3;0;0;tertiary;Bretzenheim;2018;2;2;20,36803365;34,49074924;45,14121711;0,784756628;19,43248558;0,022704662;-0,095053463;-0,155750972;-0,072363249;-0,920540854;-0,0032305;0,011531596;0,328023908;0,453662881;0,424280672;-0,164405284;0,031994623;1,074694046;33,22311976;0,275476261;-0,382241739;0,023590893;-0,064943335;0,370613186;-0,009699599;0,061261408;-0,043053121;0,27123968;0,768269646;0,045087233;0,001443414;-0,049414448;47,34439465;3,941280521;-2,325685807;-1,19719211;-4,171595661;-5,961140413;0,001849582;0,423216577;1,028735346;3,850191141;1,02091309;-1,911142332;1,161730561;1,935661964
50,00024629;8,263964525;1;1;0;0;0;1;2;11;0;2;0;0;secondary;Altstadt;2022;2;2;14,3979609;37,04654276;48,55549335;0,698989101;19,43248558;-0,364585808;-0,110930391;-0,27654606;-0,120635078;-1,717676841;0,01224488;0,17963003;0,58610635;-1,016884129;-3,385659631;-0,173507101;0,125545035;1,228374063;33,22311976;0,85573215;-1,564959754;0,029134533;-0,184435115;1,18571055;0,04194795;-0,338983959;0,06341101;0,800148496;3,081276941;-0,03401417;0,014258019;-0,12580365;47,34439465;-1,256668785;0,798964146;0,462357121;0,861463354;1,773162086;-0,029676946;0,020343916;-0,978959908;-3,409567174;3,561582024;0,496365528;-0,492986979;-0,595279684
49,97825276;8,28059448;1;1;0;0;0;0;1;7;5;3;2;1;service;Hechtsheim;2020;2;2;16,43278301;33,23172331;50,3354907;0,706389983;19,43248558;0,363616835;-0,410494972;-0,592050763;-0,148478087;-2,751269119;-0,007677128;-0,118008033;-2,635481287;0,822586291;1,291002157;1,642852027;-0,389055371;-0,067245125;33,22311976;0,00456045;-0,005805435;0,000537562;-0,001098864;0,005987999;-5,55945E-05;-0,003701542;-0,000845122;0,004264616;0,009110499;-0,002484696;-0,000642352;-0,001223975;47,34439465;-0,925115212;0,642741107;0,428133028;0,625653065;1,32591207;5,29588E-05;0,150693346;1,165273366;-0,894336959;-0,234569339;-1,569948219;0,86022764;1,416379197
50,01395259;8,25788324;0;1;0;0;0;1;12;6;1;2;2;1;secondary;Neustadt;2019;2;2;8,958937973;32,94193149;58,09913278;0,574392934;19,43248558;0,305550521;-0,437172585;-0,52424083;-0,210552752;-2,360575196;0,019783047;0,079417812;-1,38552366;-3,795508391;-4,623966067;1,482155026;-0,403079696;1,380165161;33,22311976;0,016533199;0,048414913;-0,002107571;0,008826573;-0,040644329;-0,001782286;0,029875298;-0,065798337;-0,020554112;-0,254398573;-0,012010039;0,00985903;0,002597958;47,34439465;-0,097464697;0,59418377;0,589091704;0,75864931;1,604071328;-0,035361044;0,106847238;0,768914141;4,615551869;2,447673979;-1,435021946;0,807654379;0,02994809
50,02515524;8,211743639;0;1;0;0;1;0;10;5;4;2;2;1;secondary;Mombach;2017;2;1;27,94429958;36,50460243;35,55109203;0,918743844;19,43248558;0,970955961;-0,846896335;-0,760238706;-0,448252741;13,68545409;-0,02877777;-0,04193096;0,800879041;7,807387452;-14,83199014;0,848070918;-1,623616494;2,980769684;33,22311976;-0,274527345;-0,600435892;0,329587198;-0,161880821;-7,389702978;-0,013995504;-0,455079153;-0,518945264;2,047886616;10,15387201;0,433382371;-0,290345217;0,021666648;47,34439465;-0,985345963;0,541491044;0,560159533;0,86942847;-7,594825143;0,025029009;0,253290262;-0,473918921;-17,01940039;12,52510801;-1,058909339;2,240955357;-1,676364553
50,02304753;8,220512651;0;1;1;0;0;0;2;16;6;4;0;0;tertiary;Mombach;2020;2;1;34,51533914;39,99954462;25,48511326;0,873057059;19,43248558;1,7034345;-0,279547185;4,037567983;-0,220448747;-3,245131953;-0,011390793;-0,013757579;-1,438126307;7,836832898;4,83260116;-1,397610439;0,086639276;3,191790738;33,22311976;-1,230138118;-2,829817216;-0,948839964;-0,455056832;2,717373239;-0,016359568;-0,628715009;1,4441223;1,911130086;5,097250726;0,96037359;0,031436943;0,723664683;47,34439465;-2,24290014;0,302581195;-3,199763477;0,6547437;1,08926669;-0,000815746;-0,001619504;0,103773661;-9,806836927;-9,864661492;1,468332909;-0,22638698;-0,13499528
49,99304553;8,259772577;1;1;0;0;0;0;7;14;4;3;0;0;primary;Oberstadt;2016;2;1;30,20605743;38,24967444;31,54425919;0,925349765;19,43248558;-3,508940941;-0,003024257;-0,299819989;-0,454808982;-3,208131837;-0,012170313;-0,01721475;0,016002629;11,12891342;2,291604047;-0,325363486;0,099032998;5,06749331;33,22311976;1,242520787;-1,654581772;0,065519562;-0,109706489;1,673501632;-0,012686697;0,415458791;0,312415552;1,213166343;2,474748628;0,157680804;0,010050379;-0,761532841;47,34439465;3,024922182;-0,426183906;0,20637618;1,150478441;1,819763384;0,003127881;-0,125819577;-0,047271105;-18,76844019;1,019841128;0,379465625;-0,309020079;-3,727375427
49,999139;8,257532608;0;0;0;1;0;1;6;15;0;1;0;1;primary;Hartenberg-Münchfeld;2020;2;2;12,90204525;41,96469784;45,13325691;0,692304652;19,43248558;1,484047515;-1,182644459;-0,551054057;1,777161514;-2,676870902;0,039720856;0,078062123;-0,525378051;-13,81376633;8,128473842;-0,456803119;-2,742731195;3,911341927;33,22311976;-0,276795801;4,232090404;0,079332377;0,750825918;0,751866826;0,058783419;0,225172381;0,311453784;2,041568446;0,941357399;0,044366746;-0,185916204;-0,232527618;47,34439465;0,256421887;0,887777939;-0,075992642;1,235362099;-0,287318586;0,102420467;0,046445446;0,00572326;-3,936977667;2,636600126;-0,129979885;-3,39670286;0,445082674
49,99996003;8,271807746;0;1;0;0;1;0;5;9;1;5;0;0;unclassified;Altstadt;2017;2;2;24,33944494;29,36283946;46,29771113;0,800727595;19,43248558;0,060688123;-0,663174255;-0,599397304;-0,132736543;11,22363756;-0,016531125;-0,320477668;0,248759372;-5,465953655;-0,713733636;-0,432990273;0,049322996;1,669545761;33,22311976;-0,177454215;-0,780487085;0,218804077;-0,163806223;-3,636118371;-0,170189215;0,322357434;-2,055766153;0,400308276;1,161557621;0,123813613;0,020418695;0,876281247;47,34439465;-0,324464543;1,936881493;1,202925976;2,143610927;-17,86959312;-0,001377091;-0,06971317;-0,300729842;12,85113762;-1,658497874;0,970045159;-0,700570363;0,773661307
50,00143671;8,204467663;0;1;0;1;0;0;8;18;5;3;0;0;secondary;Gonsenheim;2018;2;1;31,71184361;44,56080794;23,727341;0,817944856;19,43248558;0,46810589;-0,362658688;-0,685424332;7,821331428;-3,140864494;-0,016258045;0,016694797;-0,527586319;3,264155177;0,961962028;-0,442894287;0,299570477;4,623224392;33,22311976;-0,367415331;-1,843499214;0,105330807;5,674466837;1,915394606;-0,00043905;0,618699992;0,2459474;1,2860492;3,702212694;0,209814753;0,023136522;-0,232011035;47,34439465;-0,231202553;0,487942227;0,342502252;-19,63790557;1,009288232;0,000731621;-0,050383715;0,018555207;-3,23803441;-0,059639273;0,221716865;-1,018233104;-1,462391435
49,99004246;8,175992869;0;1;0;0;0;1;10;16;2;6;0;0;residential;Finthen;2018;2;2;5,31546548;15,19835889;79,48617339;0,302436792;19,43248558;-1,075546663;-0,091904301;-0,436240686;-0,192301435;-1,650552669;0,022438602;0,059234616;-0,547485737;-2,537442061;0,285749832;-0,281591523;0,072700832;-7,744078911;33,22311976;-1,562355282;-2,600286046;0,093384623;-0,534323244;0,648887033;0,047362916;-0,774022142;0,434242681;-5,502162535;-7,202945218;0,193483559;0,124288649;-1,390315862;47,34439465;3,417343067;1,230605186;0,593440058;1,323668129;2,176289038;-0,006058972;-0,047673985;0,577896365;12,99630677;2,663439352;0,469593546;-0,347983552;7,094913738
50,01117085;8,243099877;0;1;0;0;0;1;8;23;1;6;2;0;path;Hartenberg-Münchfeld;2018;2;2;16,88806117;24,53037947;58,58156085;0,615537005;19,43248558;0,767245513;-0,327772849;-1,28382579;-0,249105432;-3,88239237;0,045566605;0,180585351;5,93371635;-11,90532222;1,210166163;3,246525303;0,045555696;3,674633262;33,22311976;-1,319741401;-1,812450421;0,179801661;-0,254361234;0,659130473;0,0339472;0,395849491;-0,179160922;0,366262333;-5,436725165;-0,518437774;0,085044162;-0,89189869;47,34439465;-0,00056151;0,753253862;0,907958027;1,340012252;2,206687968;-0,025662357;-0,029479312;-4,828157128;10,11052235;2,806982451;-2,165564339;-0,329483699;0,49065763
50,01310458;8,23319484;0;1;0;0;1;0;11;6;4;2;1;0;secondary;Gonsenheim;2022;2;1;28,16356122;38,31968606;33,51674974;0,912002359;19,43248558;0,754550727;-0,841156238;-0,594547582;-0,538146625;13,65978179;-0,012838075;-0,129228155;-2,70620283;9,036136422;-13,31666207;0,207276918;0,287686831;2,924424526;33,22311976;-0,204732442;-0,458800922;0,207513403;-0,126750487;-5,536632624;0,000963233;-0,352475336;2,858093191;1,473349419;7,893946621;-0,906109698;0,026287103;0,221914834;47,34439465;-1,141308264;0,57138004;0,465279379;1,189282673;-7,955127207;0,011386156;0,986715384;1,143468356;-18,27240997;11,25046744;0,163126484;-0,452629984;-1,787275406
50,01111208;8,203559944;0;1;0;0;1;0;2;19;2;6;2;1;motorway_link;Gonsenheim;2018;2;2;28,43040228;19,70646679;51,86313391;0,711967779;19,43248558;-0,821239018;-0,491095601;-0,703321649;-0,105765833;8,082781458;-0,008990267;-0,039276823;0,885473054;-1,285867548;0,777120483;0,792211824;-0,306180883;2,2220675;33,22311976;-0,651745742;-1,246997257;0,263761595;-0,318166365;-1,820141716;-0,01890197;-0,379966552;0,302700516;-3,033351569;-5,357858263;-0,352628322;-0,694092261;-0,209265062;47,34439465;1,475408225;0,683508901;0,450308512;0,515320426;-4,882928228;-0,000389988;0,007410373;-0,32858375;5,590796722;0,97837283;-0,69933713;0,643791272;0,085061087
49,99738572;8,241505032;0;1;1;0;0;0;8;2;6;4;2;0;path;Hartenberg-Münchfeld;2018;2;0;62,33138442;25,20313859;12,46547997;0,551259373;19,43248558;2,419822082;-0,168275313;8,475337814;-0,139319632;-3,007402588;-0,01378782;0,051259514;8,794619799;9,37546677;6,736914018;5,854381241;0,077885113;4,441997838;33,22311976;-0,935219598;-1,993567675;-1,775833076;-0,254571718;1,505208326;-0,01039266;0,217217478;-3,960973962;-0,418298226;1,62411255;-1,921691571;0,020201133;-0,116172174;47,34439465;-2,716209796;0,234803135;-4,079952234;0,39252859;0,838705485;0,003409309;-0,038897635;-2,688291877;-9,351888336;-12,0138956;-5,222528735;-0,19461181;-0,042085176
50,01153388;8,218623157;0;0;0;1;1;0;7;14;0;7;0;0;secondary;Mombach;2020;1;1;23,96268994;39,35995996;36,67734861;0,857533359;19,43248558;0,46614492;2,072186772;-0,758436476;1,824110723;11,58198633;-0,016377416;-0,236775562;-0,265093779;-12,76488981;1,621479374;-0,273694276;0,554621134;0,72494242;33,22311976;-0,310772134;6,063317053;0,487285816;2,593162503;-10,89904015;-0,054533634;0,772958498;0,636054595;4,346506068;2,272208754;0,004477316;0,037679479;0,187536037;47,34439465;-0,323322283;-3,812278218;0,150865122;-9,165728763;-4,352644437;0,003779392;-0,104044796;-0,107599042;7,547314897;0,996018641;0,249889136;-1,772771207;0,023475516
50,01462856;8,218623739;0;1;1;0;0;0;10;18;6;4;1;0;tertiary;Mombach;2017;2;0;39,53984678;36,79038882;23,66977036;0,853103868;19,43248558;1,850847264;-0,296572098;4,921454291;-0,216550292;-3,394164241;-0,011397212;0,100438897;-1,557736327;8,634068032;5,770403015;0,591935723;0,090469768;3,624164373;33,22311976;2,99314686;7,062874131;4,013677972;1,000578493;-5,854860029;0,040860466;1,757429499;-1,926441306;-2,726064261;-8,679658452;7,25853762;-0,090998511;-1,281813422;47,34439465;-2,245766156;0,274795476;-3,152436986;0,5906656;1,008737291;-0,000342699;0,000331357;0,093534776;-9,430042773;-10,48668378;0,04584353;-0,216500843;-0,156759089
50,00333996;8,274544433;0;0;0;1;0;0;9;13;0;1;0;1;primary;Altstadt;2021;2;2;12,29147986;41,26918018;46,43933475;0,68121217;19,43248558;1,409431337;-1,112333969;-0,504101686;1,125147415;-2,457957601;-0,021178484;-0,208067405;-0,279919998;-12,76403454;7,378434599;-0,423875665;-2,7974026;3,514852874;33,22311976;-0,253738569;4,071363652;0,07657165;0,671996013;0,699721908;-0,021457492;0,170277896;0,294541642;1,782026359;0,882692077;0,036561768;-0,174064992;-0,190431497;47,34439465;0,085621515;0,297079367;-0,024027126;0,370520011;-0,096846798;-0,01172936;0,003934204;0,010456869;-1,341542691;0,879236843;-0,04749805;-1,176066862;0,145802173
49,99758766;8,267907838;1;0;1;0;0;1;1;21;6;4;2;1;unclassified;Altstadt;2019;2;1;36,18432581;41,15677774;22,65889496;0,834193754;19,43248558;-1,887181611;0,960393617;3,526984143;-0,060100204;-2,641413952;0,015316566;0,007534924;2,618215846;4,527275995;4,00274276;3,392383886;-0,215589758;2,505278018;33,22311976;0,981563765;4,045773146;-0,691215643;-0,052466929;1,232222878;0,088342415;-0,525079381;0,845223522;-0,051811293;0,295679488;-0,378106304;-0,001698229;2,145230541;47,34439465;6,960906408;-3,01784704;-3,248359229;0,433097909;1,782139629;-0,034052753;3,86638E-06;-1,679290731;-9,590812313;-11,36113897;-6,309308625;0,949023238;0,430138912
49,98319513;8,303137369;1;1;0;0;0;0;9;13;1;6;0;0;tertiary;Weisenau;2018;2;2;9,75535959;26,464957;63,77968788;0,520926528;19,43248558;0,4247409;-0,177561675;-0,329784627;-0,17193482;-2,350686579;-0,011686588;-0,031960649;-0,321848631;-7,916268519;0,094277589;-0,500996883;0,029044738;1,587539752;33,22311976;6,588031807;-6,366928621;0,195773719;-0,687269383;3,528726647;-0,045310152;0,823674911;1,336085393;2,297489571;-14,56082;0,46683165;0,254369749;-0,588818055;47,34439465;-1,5415637;0,661544925;0,315330634;1,233467783;1,921954775;-0,000532057;0,017606053;0,241063707;10,60621062;2,553080929;0,485025727;-0,315238725;0,257342554
50,00580431;8,272357011;0;1;0;1;0;0;6;7;3;6;0;1;primary;Altstadt;2016;2;2;25,888744;33,56828988;40,54296911;0,873041761;19,43248558;0,520987207;-0,209681228;-0,590802181;6,740092844;-2,043544361;-0,024886176;0,424476928;-3,182177534;0,741515339;0,853812312;-0,546937503;-1,203231193;4,976633959;33,22311976;0,138106298;0,25033473;-0,014084577;-0,581900044;-0,149099835;0,002470484;-0,092225121;-0,052344742;-0,254548435;0,834505288;-0,039283395;0,13029567;0,172943793;47,34439465;0,009974803;0,510581583;0,393831752;-15,5201117;0,903460765;0,035271941;-0,238732225;1,648394293;0,151259562;1,219526701;0,454198844;5,387199856;-1,756281721
50,00314998;8,267508936;0;1;0;0;0;0;2;15;5;3;0;0;secondary;Altstadt;2017;2;2;21,33298814;33,84673893;44,82027888;0,796448365;19,43248558;0,223172256;-0,160036888;-0,309101094;-0,131672825;-1,365247912;-0,003991494;-0,009583466;-0,176261333;1,502452659;0,715705355;-0,194216045;0,054047689;1,755235658;33,22311976;-0,104795945;-0,262024255;0,011905645;-0,059552953;0,240548034;-0,000968934;-0,069789202;0,057901937;0,253770061;0,54580119;0,02871977;0,002306582;-0,020202756;47,34439465;-1,483698936;7,252817343;6,204379756;12,82686539;16,9271295;-0,009984609;0,120307764;0,336453879;-37,14737545;1,449540623;4,097109923;-3,78102638;-9,316634573
50,01262282;8,241896947;0;0;0;1;0;0;5;9;0;1;0;0;secondary;Hartenberg-Münchfeld;2020;1;1;18,9299956;51,21962428;29,85038161;0,71552509;19,43248558;0,432864506;-0,271958813;-0,152879208;0,798693633;-0,804193797;-0,00410471;-0,096844897;0,212638106;-3,450159021;2,264848098;-0,139073047;0,157604393;0,550074769;33,22311976;-0,583219858;9,363984766;0,211088338;2,276215672;1,723119291;-0,063980022;0,767321375;-2,498942431;4,596042886;1,66440995;0,131720277;0,052011897;0,35673238;47,34439465;-1,011747623;-2,684141361;0,09936686;-10,95085051;0,976684789;0,004174588;-0,138066426;-0,54322628;8,46617529;-9,525293615;0,281499223;-2,029088695;-0,43949928
49,99273097;8,282448471;1;0;1;0;0;0;4;20;6;4;1;0;secondary;Altstadt;2018;2;1;30,2970171;40,20640552;29,49658036;0,896671148;19,43248558;-1,621050245;0,947376472;2,24339609;-0,11939745;-2,506809541;-0,007829175;-0,053261918;2,17252916;4,031635937;3,030436801;0,394002343;0,05426048;2,299242561;33,22311976;1,094549406;3,899166562;-0,616490452;-0,059914462;1,250073462;-0,0164091;0,407066321;0,583298778;-0,096802196;0,590169493;-0,432514564;0,010190985;0,370901525;47,34439465;6,575415473;-3,730769345;-1,959265694;1,195158058;2,289055475;0,004246086;-0,142280108;-1,203475912;-10,24151064;-10,68887667;0,270322022;-0,395823244;0,179990204