Latitude;Longitude;IstRad;IstPKW;IstFuss;IstKrad;IstSonstig;TagKategorie;Monat;Stunde;Unfallart;Unfalltyp;Lichtverhältnisse;Straßenverhältnisse;Straßenart;Stadtteil;Jahr;Unfallklasse Wahr;Unfallklasse Bestimmt;Wahrscheinlichkeit Klasse 0;Wahrscheinlichkeit Klasse 1;Wahrscheinlichkeit Klasse 2;Unsicherheits-Score;Base-Value Klasse 0;SHAP_0_IstRad;SHAP_0_IstPKW;SHAP_0_IstFuss;SHAP_0_IstKrad;SHAP_0_IstSonstig;SHAP_0_TagKategorie;SHAP_0_Monat;SHAP_0_Stunde;SHAP_0_Unfallart;SHAP_0_Unfalltyp;SHAP_0_Lichtverhältnisse;SHAP_0_Straßenverhältnisse;SHAP_0_Straßenart;Base-Value Klasse 1;SHAP_1_IstRad;SHAP_1_IstPKW;SHAP_1_IstFuss;SHAP_1_IstKrad;SHAP_1_IstSonstig;SHAP_1_TagKategorie;SHAP_1_Monat;SHAP_1_Stunde;SHAP_1_Unfallart;SHAP_1_Unfalltyp;SHAP_1_Lichtverhältnisse;SHAP_1_Straßenverhältnisse;SHAP_1_Straßenart;Base-Value Klasse 2;SHAP_2_IstRad;SHAP_2_IstPKW;SHAP_2_IstFuss;SHAP_2_IstKrad;SHAP_2_IstSonstig;SHAP_2_TagKategorie;SHAP_2_Monat;SHAP_2_Stunde;SHAP_2_Unfallart;SHAP_2_Unfalltyp;SHAP_2_Lichtverhältnisse;SHAP_2_Straßenverhältnisse;SHAP_2_Straßenart
50,02605904;8,227378332;0;1;0;0;1;0;9;8;3;6;0;0;service;Mombach;2018;2;2;20,61213851;26,80273056;52,58513093;0,70628859;19,43248558;-0,318400869;-0,611549883;-0,458411185;-0,132942828;5,293027616;-0,0275168;-0,026979245;-0,317844444;-2,166759163;0,367082282;-0,17472751;0,057048729;-0,302373772;33,22311976;-0,396612094;-0,817251412;0,178547329;-0,206585974;-2,874141287;-0,011709818;0,196584241;-0,95982438;1,855206421;-3,366299893;0,115638638;0,086825513;-0,220766486;47,34439465;0,597428972;1,33551996;0,715834539;1,300351185;-6,854316164;0,019206386;0,338695872;1,30106261;1,858951702;2,38333199;0,530396514;-0,404491082;2,11876379
49,99887727;8,257740877;1;0;1;0;0;1;9;15;6;4;0;0;path;Oberstadt;2019;1;1;23,78683388;43,06143522;33,15173388;0,833054831;19,43248558;-1,015148456;0,888645392;1,135435851;-0,129879088;-2,307484821;0,006007296;-0,00610239;-0,391968635;3,174716488;2,1678329;-0,676574461;0,048522806;1,460345416;33,22311976;1,249773929;4,65422513;-0,678644883;-0,086828758;1,829881245;0,077422803;0,247774045;0,662909894;0,222930816;1,344469831;0,109732002;-0,001453898;0,206123303;47,34439465;5,199924213;-3,738116104;-1,550883552;1,17781041;2,277408331;-0,015479741;-0,106161933;-0,25845685;-9,589369464;-9,626766427;1,803195202;-0,38704714;0,621282276
49,99487623;8,255702852;1;1;0;0;0;0;7;11;1;6;0;0;unclassified;Oberstadt;2021;2;2;10,01500413;27,37878561;62,60621548;0,535871341;19,43248558;0,428772736;-0,185038734;-0,34687089;-0,160679455;-2,467318167;-0,012006462;0,00833277;0,254921563;-8,200364845;0,079749225;-0,536348879;0,035362082;1,684007601;33,22311976;25,33303132;-25,39705118;1,04890558;-2,52172129;13,2150345;-1,559884139;6,733382951;-0,789959958;8,010521598;-51,80823223;1,558527467;0,920822936;19,41228829;47,34439465;-1,496042813;0,636512636;0,265995173;1,120158784;1,853605107;-0,000803733;-0,032496174;-0,10163227;10,06251118;2,451558893;0,460703292;-0,293642233;0,335392976
49,98000268;8,192584114;0;1;0;1;0;1;9;8;5;3;0;0;secondary;Drais;2019;2;1;31,35686815;43,58710647;25,05602241;0,836800664;19,43248558;0,472120635;-0,384889243;-0,77236959;7,566740175;-3,227991582;0,023297315;-0,01129862;-0,5356343;3,260287231;1,103837918;-0,486311634;0,29165611;4,62493815;33,22311976;-0,396187474;-1,77119659;0,144141831;6,447527885;2,082927073;0,052275408;0,360199593;-2,20165241;1,327224622;4,093013718;0,303192613;0,017616413;-0,095095977;47,34439465;-0,244953707;0,488327619;0,345013249;-19,60523954;1,033275316;-0,014743371;-0,008252617;1,1388823;-3,237727982;-0,034572906;0,278738084;-0,98849282;-1,438625872
49,99652842;8,267788439;1;0;0;0;0;0;5;20;0;1;0;0;unclassified;Altstadt;2022;1;1;13,71241957;59,09033418;27,1972388;0,596381057;19,43248558;-2,292269933;-0,852883615;-0,418453259;0,027670706;-3,307920961;-0,015653911;-0,495499608;2,025914739;-9,856304972;7,707227794;-0,536314019;0,222680427;2,071740598;33,22311976;1,635869507;9,597955412;0,126309137;-0,074583257;1,639147439;-0,134326877;0,746832108;1,856740369;4,351796177;1,974658332;0,044319893;0,01794027;4,084555904;47,34439465;0,689672226;-4,736528563;0,189430823;0,441862882;1,780419917;0,004241476;-0,065640218;-2,159839887;0,881854844;-16,56281994;0,592280424;-0,895517541;-0,306572291
50,00809005;8,221442339;1;0;0;0;0;0;5;19;0;1;0;0;living_street;Gonsenheim;2019;2;1;13,25816959;53,14391255;33,59791934;0,654556534;19,43248558;-1,3602621;-0,428677721;-0,214433062;0,010598632;-2,112133174;-0,008860347;-0,413207081;0,46542229;-5,923816299;4,626747986;-0,32635189;0,132829104;-0,622172329;33,22311976;1,580149524;9,194372653;0,120606291;-0,076727217;1,551843842;-0,042484957;0,71188763;0,882310091;3,941220697;1,850886824;0,058127147;0,033444823;0,115155444;47,34439465;0,508621614;-4,998598981;0,191834843;0,521785821;1,958888262;0,057064859;-0,026623831;-0,513982929;0,340782013;-16,44121746;0,603757687;-0,910693316;4,961906108
49,97019643;8,22822189;0;1;0;0;0;1;12;18;5;2;2;1;secondary;Bretzenheim;2017;2;2;14,41128552;37,30610311;48,28261435;0,700673808;19,43248558;0,483450355;-0,466268157;-0,64066431;-0,290085619;-2,28611727;0,033811886;0,034168304;-0,504634786;2,361103771;-6,108896699;0,650451137;-0,750403769;2,462885094;33,22311976;-0,19213516;-0,555399529;0,0238474;-0,128861686;0,664206174;0,006000437;-0,534275499;0,054618649;1,0402303;3,594305135;0,345999451;-0,128338876;-0,107213447;47,34439465;-0,077010875;0,27562635;0,266131786;0,322257224;0,543785527;-0,008829151;0,021204713;0,096541064;-1,469554891;1,170753196;-0,371140587;0,425978645;-0,257523307
49,98880392;8,26847133;1;1;0;0;0;0;4;9;4;2;0;0;tertiary;Oberstadt;2022;2;2;13,79030794;40,1720494;46,03764713;0,702485933;19,43248558;-1,23445527;-0,245533803;-0,179925607;-0,404642174;-1,81547015;-0,010400749;-0,007689477;0,634603867;2,533426667;-6,326396616;-0,09220736;0,171715261;1,334797767;33,22311976;1,142084006;-1,53191207;0,057822166;-0,158141863;1,637908645;-0,035376905;0,436899271;-2,075168404;2,322725996;5,240410652;-0,033402512;0,010814051;-0,065733392;47,34439465;0,466396291;0,120997649;0,108858309;0,635551088;0,851949311;0,003415421;-0,169053421;-0,277775583;-6,254126413;3,630914432;0,146100908;-0,256870673;-0,313104846
49,97205675;8,248241178;0;1;0;0;0;0;6;17;3;1;0;1;trunk;Bretzenheim;2020;2;2;31,95103705;32,06478655;35,98417342;0,960225183;19,43248558;0,957317186;-0,130363809;-0,547142726;-0,223113416;-1,507828637;-0,019849568;0,246453561;-0,876243647;0,59883398;10,80912834;-0,402896565;-0,656191907;4,270448675;33,22311976;-0,211367103;-0,720910548;0,130257836;-0,06311335;0,376674814;-0,003242963;0,123703864;0,291312103;0,360329907;-0,181423673;0,077504244;-0,064843078;-1,273215262;47,34439465;-0,394940483;0,447027025;0,463526592;0,569223301;1,005042684;0,008294604;-0,172930345;0,268301386;-1,40774784;-13,64864866;0,405450311;2,55327037;-1,456090177
49,99580181;8,187014068;0;1;0;0;1;0;3;16;2;6;0;0;motorway;Gonsenheim;2019;2;0;50,53579211;25,55557191;23,90864342;0,741569272;19,43248558;-1,066635527;-0,79826813;-1,069579976;-0,448180326;21,84518897;-0,013661919;0,010831435;-1,058514058;-1,517125105;1,396588361;-0,391153704;0,131748981;14,08206753;33,22311976;-0,43291228;-0,538609143;0,722104725;-0,283146469;-2,525521638;-0,007592895;0,168728862;0,404710155;-2,568247284;-4,120509064;0,103243769;0,090247489;1,319955926;47,34439465;1,618394211;1,766738778;1,088653309;1,443322045;-15,39076312;-0,059326467;-0,017070188;0,73034858;6,010384754;1,204138208;0,36145379;-0,421390693;-21,77063444
49,98366876;8,204600779;0;1;0;0;0;0;10;20;8;1;2;1;motorway;Bretzenheim;2019;2;0;47,35325873;32,18065798;20,4660818;0,766509166;19,43248558;1,753341063;-0,056440448;-1,09386136;-0,308482711;-2,694601743;-0,012717147;0,043159029;2,235648909;7,960138211;12,31926506;1,627792655;-0,688798513;6,836330136;33,22311976;-0,938930184;-1,435248128;0,712572221;-0,121657516;0,714863555;-0,005041038;-0,345474089;1,010760992;3,114701442;-2,772126335;-0,968628922;-0,267898166;0,259644388;47,34439465;-0,686410303;0,523295136;0,925531208;0,65773575;1,246055784;0,001228087;0,007235108;-1,398845031;-10,65107179;-11,43908483;-1,18225281;2,910351409;-7,792080582
50,02060329;8,22998241;0;1;0;0;1;1;12;16;5;3;1;0;residential;Mombach;2022;2;2;17,54686832;29,83594239;52,61718631;0,691784684;19,43248558;-0,296696597;-0,910482303;-0,812516026;-0,082481711;8,830222646;0,028025215;0,095443176;-0,351251123;1,299110269;0,655834656;0,048478925;0,073532592;-10,46283698;33,22311976;-0,126636538;-0,40916995;0,192136548;-0,178861987;-3,222234197;0,017365697;-0,978046538;0,282966607;0,655662129;1,589104373;-0,495458824;0,007366344;-0,721371038;47,34439465;0,493376448;1,865590833;0,982076892;1,137992657;-9,153389305;-0,016349314;0,086357387;0,166250924;-3,187761866;0,587151893;0,289351363;-0,484791102;12,50693484
50,00180607;8,271224395;1;0;0;0;1;0;6;12;5;2;0;0;tertiary;Altstadt;2019;2;0;49,3462801;23,62693995;27,02677548;0,75800789;19,43248558;1,326809505;7,610002538;-0,574893985;-0,282640833;19,51612391;-0,013521001;-0,19354249;0,093977735;3,564547217;-3,053604585;-0,188711633;0,18479105;1,924457087;33,22311976;0,230358049;-0,078462472;0,228953437;-0,129821979;-10,11631208;0,062779725;0,790881725;0,213521421;-1,153369533;0,457443171;-0,128281381;0,025737057;0,000393053;47,34439465;-1,170984147;-8,790511442;0,415366544;1,308688448;-11,55949006;0,002830369;-0,046381032;-0,479522354;-2,102343911;1,901417463;0,356267692;-0,452246459;0,299289716
49,98317041;8,30444567;1;1;0;0;0;0;1;20;2;6;2;1;secondary;Weisenau;2019;2;2;33,68857801;24,10407513;42,20734239;0,843130575;19,43248558;5,03914901;0,170767321;-0,744528882;-0,217162766;-2,286730266;-0,011128356;-0,010761465;2,730425415;2,878807445;1,788350728;2,094000972;-0,479885139;3,304788409;33,22311976;1,964850314;-2,075833093;0,106843107;-0,218374893;0,590062176;-0,010392112;-0,723371475;0,494167225;-3,639355395;-4,261303421;-0,487288253;-0,51173768;-0,347311129;47,34439465;-15,67908668;1,68090694;1,028138795;1,641153971;2,896537384;0,004102816;0,150276001;-4,104181515;7,475395122;1,920337592;-3,442219187;2,10611395;-0,814527461
49,97633052;8,289157007;0;1;0;0;0;0;10;7;1;2;0;0;tertiary;Weisenau;2017;2;2;7,879543304;30,40873706;61,71172261;0,531740189;19,43248558;0,281462737;-0,379776975;-0,364637323;-0,235993249;-2,118537658;-0,007446328;0,005973695;-1,834392963;-4,33208393;-3,573832908;-0,383612761;0,076230671;1,313704714;33,22311976;0,259769397;0,787466431;-0,022791108;0,148874116;-0,728990548;0,00652529;0,219920497;-0,146253556;-0,364091195;-3,145124214;0,038117119;-0,007961734;0,140156808;47,34439465;-0,12349635;0,697376142;0,495114808;1,18041071;1,826766086;0,001784692;0,076802594;1,785053345;5,809185762;2,332053309;0,448528045;-0,283631683;0,1213805
50,00348929;8,194020689;0;1;0;1;0;0;6;9;5;2;0;0;secondary;Gonsenheim;2018;2;1;30,95553219;45,43701112;23,60745966;0,807615396;19,43248558;0,736777883;-0,627215794;-0,776050181;11,73232162;-3,372159247;-0,0168215;0,050537708;0,743839444;3,66745018;-5,059042997;-0,311793154;0,447673107;4,307529541;33,22311976;-0,2403466;-1,476755072;0,093100941;5,370651454;2,167855406;-0,025440424;0,386006532;-2,391356227;1,570135099;6,862315693;-0,126272771;0,028158504;-0,004161173;47,34439465;-0,302557656;0,520345097;0,347206799;-20,27609969;1,011676583;0,00213442;-0,086418103;-0,420100557;-3,39566077;0,981740602;0,209677595;-0,991803513;-1,337075798
50,00163679;8,183716473;0;1;0;0;0;0;11;23;8;1;2;1;motorway_link;Finthen;2018;2;0;49,91726279;28,92370522;21,15902603;0,742312604;19,43248558;1,816997089;-0,050371401;-0,957522008;-0,113737437;-1,742927734;-0,013682632;0,078195791;4,614034995;8,950367425;12,84869448;1,668016238;-0,707340109;4,094052509;33,22311976;-0,742947802;-2,001039375;0,141354691;-0,155790883;0,530238113;-0,015602219;-0,779731829;-0,198614902;2,123195312;-2,111904535;-0,637040236;-0,224923228;-0,226607649;47,34439465;-0,635795636;0,288224577;0,544457507;0,444912899;0,888642531;0,004647586;0,056227272;-3,21761431;-12,86246084;-12,59323277;-1,484927455;2,660647656;-0,279097643
50,01626173;8,219347818;0;1;0;0;0;1;12;2;1;6;2;1;tertiary;Mombach;2021;2;2;18,24963689;23,04951698;58,70084763;0,61722352;19,43248558;1,276455659;-0,533058306;-2,150206773;-0,272744695;-6,307472631;0,077832528;0,376147291;11,91352925;-18,72702656;2,228070652;5,606536031;-0,276152239;5,605241096;33,22311976;-1,190941517;-1,492327458;0,149636192;-0,201770806;0,542468045;0,027966234;-1,006661637;-1,003566875;0,357115186;-5,084765908;-0,423950984;-0,576565733;-0,270237525;47,34439465;0,033327937;0,778017349;1,071587605;1,058440212;2,376115684;-0,035354458;0,059070003;-6,257164905;10,63441096;2,719746265;-2,366176124;1,077878914;0,206553531
50,01389514;8,257991104;1;1;0;0;0;0;5;15;5;2;0;0;residential;Neustadt;2021;1;2;7,636250556;34,48934853;57,87439942;0,564579452;19,43248558;0,196412808;-0,469304427;-0,297750403;-0,166421575;-1,730097099;-0,006119306;-0,050923196;0,151527677;0,347020641;-2,986531196;-0,093384036;0,092679558;-6,783344472;33,22311976;0,200361244;-0,277286903;0,004364757;-0,053608709;0,337614339;-0,002819967;0,096621122;0,076318824;0,22286988;0,862646333;-0,025511289;0,003882937;-0,1792238;47,34439465;-1,441523455;1,051955894;0,446126725;0,962526223;1,608468243;0,001914579;-0,066770237;-0,245828473;-1,385305014;2,491117116;0,29564644;-0,339512374;7,151189103
49,96687862;8,270120999;1;1;0;0;0;0;3;19;5;2;2;0;service;Hechtsheim;2021;2;2;11,90796271;36,54043674;51,55159831;0,653322081;19,43248558;-0,151504934;-0,491509076;-0,468252625;-0,302679534;-2,372997296;-0,015027068;0,030471425;0,517488927;0,677026002;-5,378550136;0,598714654;0,122726497;-0,290429707;33,22311976;0,316805874;-0,462591618;0,024292214;-0,08276569;0,587368828;-0,004420362;0,093400378;0,25659972;0,606458956;1,933372146;0,154003126;0,005986882;-0,11119347;47,34439465;-0,615259448;0,6042301;0,309511849;0,840488407;1,107589948;0,005864255;-0,093146084;-0,09940724;-0,67674773;2,450706933;-0,690546206;-0,209641133;1,273560004
50,00578798;8,26461367;0;0;0;0;1;1;11;22;0;1;2;1;primary;Neustadt;2021;1;1;27,3791343;42,47383177;30,14703691;0,860812887;19,43248558;0,49842644;0,46320809;-0,879134428;0,15646903;7,64304604;0,03319082;0,328958741;2,133370272;-8,78902019;4,659773928;1,016071843;-1,097918203;1,780206332;33,22311976;-0,541169031;7,382433733;0,390418934;-0,096682031;-5,869813394;0,105217082;-1,135542332;0,922280953;5,453972031;3,319072553;0,032507267;-0,260523856;-0,451459898;47,34439465;-0,712319913;-3,482560879;0,624455608;-0,300354592;-4,561497282;-0,059768208;0,055689699;-2,129594894;2,180666077;-9,321133088;-1,653149566;2,714363021;-0,55215373
49,99134663;8,287287547;0;1;0;0;1;0;5;8;2;6;0;0;secondary;Oberstadt;2017;2;2;25,17305017;19,53580827;55,29114008;0,667034417;19,43248558;-0,557962871;-0,386297275;-0,367369521;-0,110867048;6,61825177;-0,005406244;-0,06148225;-0,156136854;-1,011745718;0,487371531;-0,16635432;0,052559501;1,406003881;33,22311976;-0,648231721;-1,233189242;0,238163444;-0,409389626;-2,38175229;-0,01295821;0,520867946;-1,119444761;-3,397933821;-5,213107985;0,14039837;0,104362356;-0,275095957;47,34439465;1,844869222;0,858673722;0,38937777;0,873143942;-6,338124787;-0,00233687;-0,027359101;0,91393956;7,407034277;1,387150484;0,30459866;-0,24050102;0,576279566
50,00148623;8,217870241;0;1;0;0;0;0;3;10;2;6;0;0;tertiary;Gonsenheim;2020;2;2;10,20084769;16,87730253;72,9218483;0,403364011;19,43248558;-2,304404138;-0,194731308;-0,71821036;-0,449023821;-3,695450348;-0,008030559;-0,023530296;-0,070364888;-5,683487863;1,171529631;-0,611139405;0,139181506;3,216023953;33,22311976;-1,574672809;-2,625359735;0,104489049;-0,535504811;0,666489048;-0,011901076;0,053424854;-0,343134706;-5,152405228;-6,952855462;0,216251292;0,119012836;-0,309650486;47,34439465;3,60081533;1,053635357;0,550658118;1,549062883;2,275503431;-0,003821417;-0,012519707;0,153269974;13,71412767;2,532506951;0,51172897;-0,355509646;0,007995728
49,95883723;8,274598501;0;1;0;0;0;0;2;15;5;3;0;2;residential;Hechtsheim;2021;2;2;8,606479317;31,38084114;60,01268625;0,553846875;19,43248558;0,12651738;-0,342816452;-0,431622162;-0,074399295;-1,573885899;-0,019809697;0,016405531;0,053324565;0,767139322;0,265175201;-0,189828995;-1,474820431;-7,947385332;33,22311976;0,99150885;2,260482738;-0,068089344;0,566140295;-2,057789075;-0,069670556;1,051952627;-0,272516974;-1,005436194;-4,478480138;-0,254568547;-1,400057581;2,894245274;47,34439465;0,31657563;1,100477852;0,774246719;0,811496693;1,713499459;-0,000228747;0,011411504;0,046120328;-3,643530376;0,284276665;0,41335436;1,666625955;9,173965557
49,99796019;8,256516357;0;0;0;0;1;1;7;14;5;3;0;0;primary;Oberstadt;2022;2;0;47,89561331;25,79365075;26,31073296;0,781519888;19,43248558;-0,147830401;5,64751929;-0,788378481;-0,245075902;15,77193433;0,023221135;-0,033422938;-0,227096415;3,529060576;1,508076654;-0,26570568;0,118131089;3,572694474;33,22311976;-0,201263606;0,88870766;0,320004092;-0,155142165;-9,300083169;-0,22732137;0,948798357;0,39245017;-1,215733319;1,746169616;-0,042390235;0,023624466;-0,607289513;47,34439465;-0,154436591;-7,561366706;0,649011676;1,251142084;-10,15857864;-0,015015186;-0,038634156;-0,11270381;-3,738629001;0,145171069;0,444319434;-0,435095038;-1,308846831
50,00026589;8,263810285;0;0;0;0;1;0;12;18;4;6;0;0;unclassified;Altstadt;2018;2;0;67,9713428;19,38030571;12,64835298;0,477169182;19,43248558;2,011383684;3,305473327;-0,614324205;-0,223476678;16,71506835;-0,013504898;0,159314553;-0,649990204;20,01909924;3,549452609;-0,277798558;0,120310442;4,437849559;33,22311976;-1,597847851;5,116085553;0,244633827;-0,171396013;-12,32927086;-0,313035748;-2,713233113;0,770990009;-1,324074125;-6,577647768;-0,17834338;0,102409966;5,127915447;47,34439465;-2,422104641;-1,596236378;0,36598523;0,842419316;-8,211437146;-0,000597429;0,279458257;0,105026563;-21,63311911;-2,010365217;0,249645188;-0,304194291;-0,360522015
49,98510963;8,182748096;0;1;0;1;0;0;2;17;5;2;2;1;secondary;Finthen;2016;2;1;24,25259799;45,71045041;30,03695905;0,807703797;19,43248558;0,624553422;-0,520307572;-0,808575602;9,34616404;-2,898804908;-0,027693774;-0,062798928;-0,628069732;3,061219887;-5,798323745;0,877847544;-2,147852744;3,802754517;33,22311976;-0,216451729;-0,920819496;0,07294994;3,696947179;1,521038912;-0,001674651;-0,251708229;0,357933256;1,712226466;6,456650419;0,488814953;-0,246490056;-0,182086314;47,34439465;-0,327934815;0,608494654;0,531687034;-19,02746364;1,116391763;0,019928461;-0,017331084;0,185758087;-4,433497124;1,368872704;-1,214289252;5,336149852;-1,454202238
50,02442111;8,232345862;1;1;0;0;0;0;11;22;5;3;2;0;secondary;Mombach;2018;2;2;24,41321015;34,164235;41,42255187;0,852168448;19,43248558;0,026912268;-0,155667296;-0,545035983;-0,152615952;-1,942029518;-0,007662775;0,034726058;2,095137528;0,618666596;1,249959023;1,08898564;0,066808729;2,602540253;33,22311976;0,369990659;-0,445370493;0,042960488;-0,065102795;0,377201264;-0,002830227;-0,314803946;0,167973152;0,376271468;0,598727591;-0,110367784;0,002169467;-0,055703609;47,34439465;-2,017707319;1,069787316;0,936587756;1,957522065;2,734354621;0,007333462;0,206662478;-4,452764577;-0,684705004;-0,580712364;-3,028380948;-0,568325538;-1,501494732
49,96675204;8,252314606;0;1;0;0;0;0;5;15;3;6;0;1;motorway;Bretzenheim;2021;2;2;20,63268572;33,53640437;45,83091438;0,781755681;19,43248558;0,436704772;-0,261584782;-0,741981039;-0,379606582;-2,425581907;-0,021144806;-0,112260098;-0,549662618;-0,748514787;1,285618901;-0,412447891;-0,462674333;5,593335307;33,22311976;1,765658264;1,224379606;-0,880158765;0,33028935;-1,336964279;0,025403428;-0,791766935;-0,689068897;-5,160373396;7,297356998;-0,308125126;1,318868793;-2,482214431;47,34439465;0,024553306;0,874963721;0,944675756;0,873100641;1,473900819;0,003329349;-0,072985874;0,35680231;0,429520068;1,022935448;0,375540721;1,349274073;-9,169090615
49,98622149;8,266323718;0;1;1;0;0;0;12;15;9;1;0;1;path;Oberstadt;2016;2;0;45,11792064;32,68964291;22,19244093;0,801224881;19,43248558;1,983317216;-0,080468081;2,859769194;-0,140927588;-2,622464309;-0,012009327;0,101099693;-0,930990061;11,00102519;11,93524556;-0,900443444;-0,73956907;3,231850081;33,22311976;-0,117564988;-0,299586854;-0,07498378;-0,031239575;0,187537096;-0,001467925;-0,237600109;0,12294927;0,222277203;-0,201786295;0,044190055;-0,02825989;-0,117941064;47,34439465;-1,059918772;0,333503476;-2,04363756;0,336258337;0,95789768;-5,08929E-06;-0,002994082;0,092348614;-16,19338102;-10,33654147;0,486151955;3,013068644;-0,734704439
50,02864815;8,219572234;0;1;0;0;0;0;1;8;8;1;0;1;motorway_link;Mombach;2016;2;0;43,07424724;30,59714139;26,32861733;0,849282617;19,43248558;1,463093345;-0,113027226;-0,532457588;-0,136929355;-1,946227068;-0,010909926;-0,058024855;-0,247589814;10,09069121;12,82930061;-0,446344052;-0,752110908;3,502297288;33,22311976;-0,35510349;-1,174757936;0,043123011;-0,119932044;0,394667801;-0,014544577;-0,276386833;-0,942934718;1,351870647;-1,517900843;0,140071115;-0,11924591;-0,034904599;47,34439465;-0,719663034;0,353290645;0,408343397;0,487826523;1,044467938;-5,67936E-06;0,054470169;1,210230076;-14,22932449;-12,88337653;0,454980241;2,983255182;-0,180271763
50,01840158;8,228543971;1;1;0;0;0;0;11;18;1;5;2;1;residential;Mombach;2018;2;2;6,102610007;30,00257313;63,89481425;0,49701734;19,43248558;0,259092021;-0,233193544;-0,318886653;-0,047324057;-1,662313413;-0,018013413;0,210517945;-0,370071631;-4,22759342;-0,963094137;0,969003806;-0,094970172;-6,833028909;33,22311976;-4,068810537;6,38103217;-0,365490626;0,709455284;-4,113249688;0,043634573;2,955076023;-0,847127727;-3,079308435;-5,650844717;2,009851598;0,755591826;2,049643628;47,34439465;-1,490939299;0,945076259;0,636991619;0,66211023;1,910411491;-9,25799E-05;0,099320371;0,479202792;7,789471624;-0,796989449;-1,686989914;1,017485434;6,98536102
50,01400711;8,241694311;0;1;0;0;0;1;8;13;2;6;0;0;secondary;Hartenberg-Münchfeld;2019;2;2;9,673915803;16,79846942;73,5276103;0,393936926;19,43248558;-2,25312775;-0,189012133;-0,679185798;-0,4591468;-3,664922696;0,009650386;0,023014038;-0,886824444;-5,593671176;1,072835704;-0,581958797;0,137176426;3,30660326;33,22311976;-1,656342964;-2,808787928;0,12500442;-0,584037385;0,755309851;0,048472998;0,662420412;0,456327416;-5,698654456;-7,560356779;0,214199426;0,13903353;-0,517238878;47,34439465;3,601467632;1,0270552;0,539423706;1,533766867;2,178446926;-0,00594233;-0,030180401;0,473553829;13,83424459;2,46131058;0,499580292;-0,360705395;0,431194147
50,02854738;8,220921706;0;1;0;1;0;0;11;15;5;3;0;0;secondary;Mombach;2022;1;1;32,01476634;43,85239184;24,13284332;0,828082188;19,43248558;0,4618613;-0,390971545;-0,695179637;7,896840478;-3,188951674;-0,015111721;0,055231725;-0,247026225;3,308782225;0,977988728;-0,440477976;0,303317308;4,555977766;33,22311976;-0,415601524;-1,748483904;0,085029615;6,103245415;2,048098848;-9,79283E-05;-1,679258322;0,457470598;1,585384157;4,106621846;0,230843221;0,018437221;-0,162417165;47,34439465;-0,231962002;0,485297712;0,343800169;-19,38970966;1,007350593;0,000644774;0,208091509;-0,054666795;-3,273941776;-0,095875711;0,217829892;-0,998398034;-1,430012014
50,00637724;8,255169417;1;1;0;0;0;0;6;18;5;3;0;0;tertiary;Neustadt;2016;1;2;20,30241638;34,24855471;45,44902742;0,781791681;19,43248558;0,148369647;-0,090497617;-0,135341495;-0,085352607;-0,96508229;-0,003024617;0,002234444;-0,151129756;0,604325429;0,575932149;-0,135636797;0,034913275;1,070221036;33,22311976;0,250887484;-0,395591426;0,014955479;-0,061005718;0,357502507;-0,002296393;0,109382546;0,048096541;0,21123743;0,500463684;0,028628053;0,002605836;-0,039431079;47,34439465;3,905738705;-2,209800124;-1,09421106;-3,936726858;-5,487253169;0,003572876;0,124838082;-0,395118676;4,25103424;1,080899824;-1,28414197;1,167589293;1,978211602
49,92803904;8,266623275;0;1;0;0;1;0;2;11;4;6;0;0;secondary;Ebersheim;2019;0;0;70,88547349;18,63820851;10,47632247;0,432300317;19,43248558;2,128051742;-0,447051761;-0,778598536;-0,258292055;15,74780059;-0,014355992;0,069337188;0,797823777;24,76025966;4,480429911;-0,328390752;0,117635504;5,178338629;33,22311976;-0,887589871;-1,140825513;0,182162352;-0,177022011;-4,843543477;-0,010023887;-0,439866588;-0,011835932;-1,272575789;-5,988018686;0,114276713;0,095273013;-0,205321578;47,34439465;-1,883027684;-0,041567332;0,370612942;0,758947083;-6,096662203;-0,000511255;-0,005112301;-0,193724195;-24,92200042;-2,592411451;0,271352713;-0,257702672;-2,276265412
49,9922423;8,26431869;1;0;0;0;1;0;10;11;4;2;0;0;primary;Oberstadt;2016;2;0;47,08604217;26,33179426;26,58216357;0,793697973;19,43248558;-1,224915898;5,738963249;-0,446544027;-0,650332547;20,57407285;-0,018776147;0,42399351;1,194279925;6,684919699;-9,472391287;-0,163151099;0,289042326;4,724396029;33,22311976;0,504711906;0,422774924;0,201012498;-0,035609943;-8,807766455;-0,037199412;-0,567573433;-0,104271132;0,256837773;1,838310655;-0,095916655;0,015136198;-0,481772422;47,34439465;1,863032937;-3,824234023;0,260717199;1,158500941;-9,776880338;0,003648205;-0,04741815;-0,741255913;-11,56124249;4,602486514;0,227386371;-0,518244284;-2,408728055