Latitude;Longitude;IstRad;IstPKW;IstFuss;IstKrad;IstSonstig;TagKategorie;Monat;Stunde;Unfallart;Unfalltyp;Lichtverhältnisse;Straßenverhältnisse;Straßenart;Stadtteil;Jahr;Unfallklasse Wahr;Unfallklasse Bestimmt;Wahrscheinlichkeit Klasse 0;Wahrscheinlichkeit Klasse 1;Wahrscheinlichkeit Klasse 2;Unsicherheits-Score;Base-Value Klasse 0;SHAP_0_IstRad;SHAP_0_IstPKW;SHAP_0_IstFuss;SHAP_0_IstKrad;SHAP_0_IstSonstig;SHAP_0_TagKategorie;SHAP_0_Monat;SHAP_0_Stunde;SHAP_0_Unfallart;SHAP_0_Unfalltyp;SHAP_0_Lichtverhältnisse;SHAP_0_Straßenverhältnisse;SHAP_0_Straßenart;Base-Value Klasse 1;SHAP_1_IstRad;SHAP_1_IstPKW;SHAP_1_IstFuss;SHAP_1_IstKrad;SHAP_1_IstSonstig;SHAP_1_TagKategorie;SHAP_1_Monat;SHAP_1_Stunde;SHAP_1_Unfallart;SHAP_1_Unfalltyp;SHAP_1_Lichtverhältnisse;SHAP_1_Straßenverhältnisse;SHAP_1_Straßenart;Base-Value Klasse 2;SHAP_2_IstRad;SHAP_2_IstPKW;SHAP_2_IstFuss;SHAP_2_IstKrad;SHAP_2_IstSonstig;SHAP_2_TagKategorie;SHAP_2_Monat;SHAP_2_Stunde;SHAP_2_Unfallart;SHAP_2_Unfalltyp;SHAP_2_Lichtverhältnisse;SHAP_2_Straßenverhältnisse;SHAP_2_Straßenart
49,96251397;8,256964451;0;1;0;0;0;0;10;12;4;2;0;0;unclassified;Hechtsheim;2020;2;1;17,55734235;41,3747102;41,06794596;0,763345231;19,43248558;1,101653379;-0,294190108;-0,259593014;-0,384388142;-1,785223979;-0,00599249;0,004660021;0,149730964;5,837696466;-8,068724579;-0,083779407;0,187648458;1,725359197;33,22311976;-0,490382859;-1,418454431;0,03789878;-0,160021441;1,273588528;-0,169510846;-0,556380013;0,01082056;2,26406962;5,530150166;-0,078922692;0,009981193;1,898753877;47,34439465;-1,13359793;0,413785358;0,428404876;1,400183755;1,9102818;0,003661407;0,171126411;-0,351426871;-19,24037434;10,90900861;0,330730853;-0,657621996;-0,460610629
50,02564875;8,228619595;1;1;0;0;0;1;7;10;5;3;0;0;service;Mombach;2020;2;2;17,20155776;33,44570696;49,35272932;0,721557584;19,43248558;0,487672312;-0,494544569;-0,683803103;-0,337103993;-4,15670965;0,012545137;-0,168246989;0,630678494;2,191391248;2,151017855;-0,594383141;0,128438143;-1,397879573;33,22311976;0,071637094;-0,10860643;0,00511312;-0,017778275;0,102124468;0,003561776;0,025387623;-0,055132574;0,054208871;0,14461643;0,012251503;0,000681045;-0,015477448;47,34439465;-0,655345;0,44164115;0,198336351;0,657376521;0,937259549;-0,005663004;-0,010843144;-0,070857568;-0,653290229;-0,16817584;0,247666924;-0,182054471;1,272283426
50,00468747;8,267434002;1;1;0;0;0;1;5;14;5;3;0;0;residential;Altstadt;2017;2;2;9,821134061;33,86299312;56,31586909;0,597265409;19,43248558;0,425416773;-0,372113202;-0,341963938;-0,098883875;-1,768645381;0,011272069;-0,058434017;0,204698675;0,396281681;0,432742919;-0,206452952;0,058662385;-8,29393266;33,22311976;0,209779036;-0,271765855;0,011158533;-0,048488012;0,255132095;0,008571913;0,104142708;0,049197987;0,128371463;0,326134116;0,021779699;0,001730892;-0,155871216;47,34439465;-1,886012176;0,982261278;0,464076584;0,938281771;1,67091;-0,010079821;-0,064967704;-0,054150619;-1,37984632;0,03720512;0,469153107;-0,353809911;8,158453129
49,95751969;8,25116038;0;1;0;0;0;0;5;16;1;6;0;0;secondary;Hechtsheim;2021;2;2;9,988274425;24,02454317;65,98718762;0,495333841;19,43248558;0,283033179;-0,194740727;-0,427001304;-0,174421149;-2,197343068;-0,012326657;-0,034466193;-0,64415303;-7,450938473;0,085083787;-0,479359814;0,032686282;1,769736009;33,22311976;-1,805526991;-2,519047383;0,111769548;-0,423180449;1,115957148;-0,014001118;0,841297962;0,631633824;0,963864706;-8,064063939;0,251841911;0,147482823;-0,436604639;47,34439465;0,031968362;0,749845289;0,631641038;1,407350529;2,19708604;-0,000695116;-0,044897024;0,394950944;9,6541166;3,376629308;0,474150751;-0,353682092;0,12432834
49,96714615;8,22417261;0;1;0;0;1;0;3;16;3;6;0;0;motorway;Marienborn;2022;2;2;28,87353897;32,87538588;38,25107813;0,918498133;19,43248558;-0,575478436;-0,904794323;-0,897648675;-0,421780393;10,89555014;-0,064729016;0,115440124;-0,710049384;-6,518519954;1,051758909;-0,274089491;0,10505042;7,64034347;33,22311976;-0,071995921;-0,106991927;0,153704969;-0,035852013;-0,740820832;-0,001913354;0,041697839;0,089453538;0,632205237;-0,664018433;0,018835189;0,023357015;0,314604812;47,34439465;0,305132906;1,376633758;1,040686797;1,289318429;-7,317459433;0,020119747;-0,027098545;0,449319072;5,190409546;1,094298307;0,315056464;-0,416324563;-12,41340901
49,98826425;8,229181188;0;1;0;0;0;0;1;13;1;6;0;1;secondary;Oberstadt;2018;2;2;10,20187587;22,18267173;67,61544943;0,475405147;19,43248558;0,272177794;-0,19797541;-0,436757503;-0,132786935;-2,22172871;-0,011891254;-0,029568183;-0,414758573;-7,273234789;0,130986711;-0,491838926;-0,099741797;1,676507858;33,22311976;-1,463446271;-1,927321222;0,091369467;-0,311981605;0,860151474;-0,011480616;-1,228378803;0,364388424;0,654673788;-7,12230556;0,192848166;-0,819036988;-0,319928292;47,34439465;0,053149292;0,780629593;0,717789089;1,039298599;2,301137998;-6,53328E-05;0,049328582;0,351692399;9,789597534;3,294336443;0,585451273;1,157713445;0,15099586
49,99344141;8,266594826;1;1;0;0;0;0;4;9;3;6;0;0;unclassified;Oberstadt;2019;2;2;19,08681095;31,73265457;49,18053746;0,738277021;19,43248558;-0,803359398;0,257775171;0,572646928;0,287123228;3,029665263;0,014336445;0,123119948;-0,464033073;0,863198416;-1,227638834;0,513369575;-0,121964234;-3,389914072;33,22311976;4,357294347;-4,521769303;0,171162496;-0,48476819;2,594960959;-0,370142234;2,470034494;-5,499457447;4,855985198;-7,760634295;0,33772295;0,197239502;2,161906334;47,34439465;-1,640889987;0,501562758;0,22255993;0,812786168;1,070971697;0,001280325;-0,082489916;-0,122876823;-0,329009273;1,497473621;0,34907954;-0,267595697;-0,176709534
49,97575014;8,280974184;0;1;0;0;0;1;12;14;4;2;0;1;tertiary;Hechtsheim;2021;2;2;14,77178633;38,74637783;46,4818418;0,713630828;19,43248558;1,115814141;-0,317331381;-0,294372782;-0,358765138;-1,79987738;0,027530029;0,003556951;0,077783972;5,411257642;-8,932216305;-0,092553758;-1,083206068;1,581680827;33,22311976;-0,479180022;-1,214490431;0,003801854;-0,147791135;1,181238846;0,052459317;-1,198766766;0,186058743;1,769027445;5,655377476;-0,076781995;-0,180949475;-0,026745793;47,34439465;-0,899333445;0,282804752;0,335998255;0,773996019;1,372979968;-0,051844235;0,360140545;-0,200669024;-13,00652899;9,085740822;0,24360696;1,673732261;-0,833176743
50,01592538;8,21919439;0;1;0;0;0;0;10;23;5;3;2;0;residential;Mombach;2022;2;2;10,76994687;33,40055048;55,82950115;0,609771511;19,43248558;0,229208896;-0,312736817;-0,572088607;-0,082026606;-1,509914437;-0,015032773;0,026148144;1,41892241;0,387645265;0,166506653;0,827803647;0,055416103;-9,282390587;33,22311976;-0,105219621;-0,218969381;0,025958457;-0,043674087;0,155362315;-0,000411812;-0,066246512;0,025548454;0,215648238;0,396497724;-0,064361989;0,001228583;-0,143929647;47,34439465;0,289967751;1,155514502;1,032783841;1,139919359;1,771428956;0,005129209;0,019220372;-3,622969736;-2,568968446;0,799463861;-2,125694177;-0,403669832;10,99298084
49,95914346;8,203787292;0;1;1;0;0;1;3;3;6;6;2;1;living_street;Lerchenberg;2018;2;0;51,9772768;19,9359864;28,0867368;0,711570032;19,43248558;2,149328531;-0,11220631;8,163715436;-0,085935251;-3,298250061;0,015729666;0,225024554;8,225415468;8,788489128;2,616357556;4,772827751;-0,302771181;1,387065931;33,22311976;-1,169568432;-1,322478881;-1,280838292;-0,195625;0,627289412;0,026356636;0,000453361;-2,382739919;-0,749841886;-5,083485224;-1,05102766;-0,614404604;-0,091222873;47,34439465;-1,389073599;0,481152285;-6,034820376;0,54364554;1,625696745;-0,037757563;-0,142367158;-4,57319175;-12,11652184;1,113336444;-4,056428128;0,668955413;4,65971613
49,97426525;8,248666818;1;0;0;0;0;0;6;17;5;3;0;0;service;Bretzenheim;2019;1;2;18,53115857;39,72302973;41,7458117;0,777277396;19,43248558;109,1544041;1446,645834;-220,4198496;-161,1490766;-2371,536539;-5,070609573;-57,57718324;-368,4808457;1439,393681;871,7257557;-310,2940642;65,70544924;-438,9982837;33,22311976;0,788446079;3,531593043;0,050230242;-0,08464206;1,447474288;0,047289749;0,497188659;0,334315768;-0,893309563;0,614864318;0,040655594;0,013063826;0,112740028;47,34439465;-2,027393651;-10,65439695;0,453226775;2,271067026;4,037668603;-0,002131364;-0,090196059;0,109869383;-2,862160911;-0,196978075;0,819514656;-0,675935886;3,219263499
50,00171734;8,267926967;0;0;0;0;1;1;10;16;7;7;0;0;residential;Altstadt;2019;2;1;30,06691635;39,41268921;30,52039742;0,908725149;19,43248558;0,146417088;5,236909234;-0,810522542;-0,03332792;11,2895965;0,03524928;0,164114908;-0,521257119;2,477036276;2,377971981;-0,20059552;0,109818112;-9,636979517;33,22311976;-0,524315529;4,332349961;0,266344082;-0,119741943;-4,076033899;0,144128829;-0,466765329;0,483707485;4,441027317;1,864117337;-0,012976505;0,047290776;-0,189563134;47,34439465;-0,216095651;-9,012950723;0,643968181;0,618658256;-9,182908236;-0,013951888;-0,0027127;0,054801758;-6,508846606;-1,246950508;0,378779294;-0,407433603;8,071645197
49,96644464;8,186756716;0;1;0;0;0;0;6;11;5;3;0;0;secondary;Lerchenberg;2018;1;2;21,91578448;33,87886286;44,20535564;0,806793287;19,43248558;0,245864303;-0,172072129;-0,366420253;-0,139233511;-1,470264538;-0,004673819;0,012610879;0,323365717;1,651697503;0,716053904;-0,236314454;0,05584235;1,866842943;33,22311976;-0,101481079;-0,29663946;0,01538133;-0,058791897;0,238703212;-0,000464199;0,080166682;-0,009679147;0,232151024;0,541284803;0,031232177;0,002144584;-0,018264934;47,34439465;-0,693897974;3,478798663;3,019289746;6,157530921;8,141686497;-0,004283638;-0,238694509;-1,894228386;-17,80498712;0,665273675;2,292400628;-1,812397484;-4,44553003
49,97785848;8,29337764;0;1;1;0;0;1;6;14;6;7;0;0;unclassified;Weisenau;2017;2;1;29,81331944;36,88125312;33,30542743;0,938788468;19,43248558;1,309413479;-0,208373028;3,354394288;-0,176363467;-2,703021562;0,009344948;0,010220978;-0,856687257;6,184689616;2,536813006;-0,951841643;0,071666857;1,800577646;33,22311976;-0,729983833;-2,034280505;-1,091757443;-0,273919589;1,658122133;0,299515802;-0,042960095;0,303620066;0,542699443;2,497447789;0,433218926;0,011712306;2,084698361;47,34439465;-1,484339099;0,476196159;-3,827673449;0,803028307;1,550845297;-0,011053664;-0,021640247;0,012001273;-11,56023531;-0,770155854;0,958033589;-0,290050133;0,12607591
49,99901925;8,257301938;0;1;0;0;1;1;2;18;3;7;1;0;primary;Hartenberg-Münchfeld;2020;2;2;25,3258884;30,26359975;44,41050589;0,828428066;19,43248558;-0,562278624;-0,844958915;-0,705446784;-0,230874734;7,51644284;0,103825814;-0,041858831;-0,563239611;-3,373791092;1,877990852;0,106488537;0,091314902;2,519788458;33,22311976;-0,167709768;-0,785861955;0,23277439;-0,121693099;-2,869158161;0,029644197;-0,113756706;0,192984522;0,737391504;1,033575959;-0,501508559;0,017081826;-0,643284159;47,34439465;0,473741457;1,166233257;0,75297394;1,105170682;-6,464444135;-0,038265848;0,03653073;0,234653473;1,773968525;-0,761663964;0,271076441;-0,436503601;-1,047359721
50,01611469;8,241143909;0;1;0;0;0;0;4;16;5;2;0;0;secondary;Neustadt;2018;2;2;15,54132402;36,53348684;47,92519212;0,715469091;19,43248558;0,521661272;-0,507261979;-0,500435147;-0,377464316;-2,465020965;-0,009144958;-0,036307368;-0,413490532;2,772432233;-5,488755504;-0,17686465;0,160095083;2,629395268;33,22311976;-0,205828187;-0,584779514;0,014725836;-0,131453841;0,669727819;-0,002832077;0,180381441;0,196118551;0,745289299;2,556472936;-0,05938272;0,009725937;-0,077798398;47,34439465;-0,064357579;0,217671021;0,159140503;0,353075662;0,444123046;0,000597626;-0,012267836;-0,002725028;-1,098923805;0,795103415;0,084185013;-0,096404929;-0,198419646
49,91791771;8,261950284;0;1;0;0;0;0;1;7;2;6;0;1;secondary;Ebersheim;2019;2;2;8,319395781;14,86669928;76,81390047;0,345331378;19,43248558;-1,914855969;-0,159910287;-0,582877619;-0,322795578;-3,186548449;-0,010239595;-0,041111702;-3,226042938;-4,832678615;1,389877642;-0,619792477;-0,58031503;2,974200816;33,22311976;-1,493519907;-2,398113151;0,108258296;-0,492940334;0,627553265;-0,012211783;-1,188678897;0,316130463;-5,271968306;-7,587522158;0,212542047;-0,851076909;-0,32487311;47,34439465;3,635140803;1,005312222;0,573748182;1,169927749;2,241642415;-0,002884479;0,111810241;2,171929661;14,14480684;2,09725619;0,603747569;1,231359095;0,48570933
49,98124031;8,208708184;0;1;0;0;0;0;12;15;8;6;0;0;motorway;Bretzenheim;2016;2;1;31,43316805;36,85193956;31,71489239;0,947164545;19,43248558;0,990965845;-0,256676478;-0,846363626;-0,456323576;-3,665837271;-0,010136597;0,097545559;-0,694381858;8,722904523;1,483941185;-0,451128664;0,128087983;6,958085445;33,22311976;-49,51171205;-42,45292578;26,63002486;-12,36356306;36,85682352;-0,96634246;-87,26989856;32,95607744;290,1211055;-265,4776316;8,365592048;8,616611243;58,12465876;47,34439465;-0,382054837;0,782184187;0,850342599;1,143742126;1,637864486;-0,004980912;0,083313728;0,264067311;-11,7110083;0,956863382;0,308971765;-0,514482368;-9,044325429
49,98854944;8,178357883;0;1;1;0;0;0;2;14;6;6;0;0;secondary;Finthen;2019;2;2;31,42721355;29,25235927;39,32043016;0,908239739;19,43248558;1,528812501;-0,221764814;4,03465733;-0,234792818;-3,306024045;-0,010276685;-0,012411898;-1,084275912;7,621914406;1,662916219;-1,154929233;0,087014157;3,083888759;33,22311976;-0,59646594;-0,776454225;-0,375253672;-0,132539994;0,447746942;-0,004195531;-0,134741291;0,223726648;0,121675499;-2,993606584;0,170247583;0,050860341;0,028239734;47,34439465;-1,01278382;0,377729963;-3,070931763;0,80256382;1,21336537;-0,000602759;0,005262676;0,180882469;-8,63512064;1,710253624;0,761287118;-0,216082266;-0,139788286
49,99218914;8,264430078;0;1;0;0;1;0;9;15;5;3;0;0;primary;Oberstadt;2021;2;0;35,6092751;29,84338999;34,54733491;0,946849155;19,43248558;-0,164622014;-0,800500103;-0,724736896;-0,216250014;10,6786505;-0,01274168;-0,003458389;-0,281379696;2,556179128;1,59089102;-0,223351083;0,098265951;3,679842795;33,22311976;-0,196126841;-1,030536331;0,4417441;-0,338235036;-7,90367532;-0,002016772;0,526047948;0,60561706;1,688933458;3,709235049;0,085899281;0,02068891;-0,987305281;47,34439465;-0,074693892;1,362953407;0,879117925;1,58418118;-9,882398548;-0,000363883;0,022657569;0,025246846;-4,236968827;0,022080796;0,457420921;-0,517221323;-2,439071916
49,9769994;8,270147917;0;1;0;0;0;0;2;13;2;6;0;0;secondary;Oberstadt;2019;2;2;9,732786566;16,29214585;73,97506237;0,387733144;19,43248558;-2,2455751;-0,19108382;-0,674396112;-0,45556357;-3,637942761;-0,010017204;-0,022353139;-0,861808006;-5,597964179;1,086057503;-0,576992396;0,136619197;3,35132057;33,22311976;-1,602902422;-2,615315828;0,106881028;-0,532946035;0,663552711;-0,01197703;-0,564963755;0,328435103;-5,38843301;-7,162395187;0,189045177;0,129150291;-0,469104958;47,34439465;3,663918556;1,046009093;0,548654425;1,55623697;2,216383422;-0,003785924;0,0280015;0,463575608;14,0742307;2,488101179;0,506813158;-0,360590172;0,403119201
50,00019992;8,231292843;1;1;0;0;0;0;8;8;4;2;0;0;secondary;Hartenberg-Münchfeld;2018;1;2;12,10564151;41,06404781;46,83030844;0,677692573;19,43248558;-1,280000256;-0,247265118;-0,157919717;-0,390731703;-1,866839926;-0,00585922;0,026647111;-0,461300859;2,303487997;-6,794263173;-0,095887;0,157493198;1,485594597;33,22311976;1,029911249;-1,452863979;0,056863857;-0,146131176;1,60043684;-0,018464668;0,181714685;-1,232054655;2,432515469;5,343014774;-0,018621576;0,016445321;0,04816191;47,34439465;0,235213139;0,063265277;0,055553329;0,331599212;0,450333322;0,001768306;-0,08512758;0,345222573;-3,477525691;2,018106464;0,08821605;-0,129508832;-0,411201787
50,00668896;8,265367918;1;1;0;0;0;0;1;10;5;3;0;1;primary;Neustadt;2020;2;2;22,68384695;32,97204673;44,3441093;0,812338359;19,43248558;0,307800711;-0,155423263;-0,304345421;-0,129285385;-1,743249645;-0,007142342;0,001510975;0,365632779;1,394769778;1,18710939;-0,24689079;-0,276885219;2,857759798;33,22311976;-0,119301393;0,157191059;-0,008403764;0,027243649;-0,168243315;0,001484833;0,091318793;0,070282472;-0,0978783;-0,259982202;-0,017707809;0,018750958;0,054171989;47,34439465;-8,528619872;4,715620153;2,721512663;5,740069683;11,85169988;-0,002178776;0,361415928;-3,133444523;-12,23731885;-3,06399258;3,229645827;8,256824547;-12,91151944
50,00420896;8,273871337;0;1;0;0;0;0;3;8;2;6;0;0;primary;Altstadt;2019;2;2;9,175787866;16,03780836;74,78640079;0,375370631;19,43248558;-2,217404143;-0,148792144;-0,624312791;-0,451671095;-3,223360763;-0,009173128;-0,026157557;-0,76661082;-6,107098551;1,04230156;-0,545414134;0,124235478;2,69676037;33,22311976;-1,480277218;-2,479685204;0,128347357;-0,510105526;0,652308616;-0,014459677;0,030166331;-1,185483879;-4,994914798;-6,867858696;0,218231276;0,120672837;-0,80225282;47,34439465;3,578490323;1,026175284;0,547190517;1,593917243;2,219105408;-0,003696887;-0,006360861;1,674515742;14,5780286;2,388935882;0,569942684;-0,3489481;-0,375289693
49,96444546;8,287722001;1;0;0;0;0;0;7;0;0;1;2;0;living_street;Hechtsheim;2016;2;1;15,41684419;53,15212011;31,43103719;0,67195954;19,43248558;-1,67107218;-0,718771487;-0,478599326;0,031623223;-2,213532287;-0,010976515;-0,425269562;2,643960808;-7,37918426;5,286648345;1,488788055;0,145236653;-0,71449286;33,22311976;1,870475732;9,741092292;0,181474416;-0,055088635;1,478608332;-0,012719166;0,49666356;0,284848999;4,52686446;1,526923988;-0,217795648;0,03533357;0,072318451;47,34439465;0,510253874;-3,712646317;0,321525834;0,313902355;1,438057918;0,053171287;0,021522945;-3,220198327;0,877638145;-13,75816524;-2,362323635;-0,694306823;4,298210518
49,99973303;8,247035564;0;1;0;0;0;1;6;12;3;6;0;0;residential;Hartenberg-Münchfeld;2018;2;2;10,81277132;28,15397084;61,03325486;0,558193397;19,43248558;0,205612617;-0,159515637;-0,461872438;-0,125209935;-1,306828763;0,024008399;0,14163548;0,11010312;0,677515397;0,255409544;-0,228484897;0,05556588;-7,807653029;33,22311976;-1,347803843;-2,006339545;0,07880266;-0,326101047;0,957634274;0,058066583;0,461843476;0,240321834;3,080191464;-5,57109908;0,193960851;0,135971697;-1,024598248;47,34439465;0,463849076;1,120491726;0,785595929;1,106714024;1,50590959;-0,035229131;-0,334948911;0,138297916;-3,258782138;3,117716706;0,583672267;-0,411443678;8,90701683
50,02646452;8,226133146;1;1;0;0;0;0;7;13;5;3;0;0;tertiary;Mombach;2018;2;2;20,40198296;34,27926004;45,31875849;0,783748405;19,43248558;0,160910578;-0,099545044;-0,154770405;-0,088614614;-1,015303196;-0,003002247;-0,00808668;-0,026405469;0,641696823;0,588843505;-0,137161298;0,035429803;1,075505624;33,22311976;0,245952576;-0,398115735;0,014707457;-0,060554363;0,359980455;-0,002326082;0,10665593;0,082556786;0,208974551;0,493412791;0,031385011;0,001845637;-0,028334737;47,34439465;4,685421405;-2,636247924;-1,338192816;-4,686334291;-6,565643645;0,004265378;0,14066897;0,114616656;5,107575671;1,178817888;-1,773341355;1,382869186;2,35988871
49,97012044;8,305377754;0;1;0;0;0;0;12;7;2;6;0;0;motorway;Laubenheim;2022;2;2;13,71445507;25,98055601;60,30498743;0,58171173;19,43248558;-1,225719933;-0,104253408;-0,455966776;-0,347965162;-2,718609427;-0,006015755;0,038844442;-2,091989604;-3,377490741;0,813389295;-0,412558886;0,077949262;4,092356179;33,22311976;-0,722856479;-0,605186996;0,30530707;-0,24185665;0,420617575;-0,008062914;-1,141206265;-0,080275447;-2,671918827;-3,99826513;0,120297946;0,064631159;1,316211207;47,34439465;3,57416259;2,004335678;1,469133426;2,563508835;5,061105916;-0,083875164;0,149768506;3,289009555;15,83785992;1,971261599;0,945294491;-0,556205265;-23,26476731
49,96319262;8,255011277;0;1;0;1;0;0;8;6;1;5;0;0;residential;Hechtsheim;2017;2;2;7,352366298;41,98569059;50,66194534;0,603108063;19,43248558;0,098005529;-0,250660345;-0,286431245;1,68194416;-1,303154068;-0,021120593;0,134574103;-0,778827618;-3,833120106;-0,626679618;-0,268632394;0,056018769;-6,682035859;33,22311976;-0,53993168;-2,286042387;0,144685231;5,614786103;1,73266418;-0,012762038;0,23155615;1,386214502;0,355017225;2,265318031;0,383387174;0,027871678;-0,540193338;47,34439465;0,912304083;-2,760202036;-1,45110016;60,85405879;-4,618685484;-0,02569285;0,388962734;-4,557096181;-15,39102719;3,155400362;-1,308057;3,164041346;-35,04535573
49,96457185;8,288458183;0;1;1;0;0;0;7;19;6;4;0;0;residential;Hechtsheim;2019;2;1;22,58096188;43,5552001;33,86384249;0,818183544;19,43248558;-4,274580658;1,105932338;-12,83935373;0,285340843;8,103447736;0,056378952;0,002433167;-2,628610607;-20,22995705;-8,816180238;2,795711318;-0,197697381;39,78561161;33,22311976;-2,120634991;-4,999428586;-2,052989809;-0,785072445;4,539799059;-0,029419151;1,127479641;1,980621185;2,361282922;9,241696945;1,612853031;0,062169792;-0,606277254;47,34439465;-1,524769494;0,370004308;-3,039348343;0,349334478;0,852076699;-0,000197683;-0,048049213;-0,523208835;-8,470007407;-7,91584069;1,126331189;-0,171795931;5,514918755
49,9470194;8,255462186;0;1;0;0;0;0;8;18;2;1;0;0;unclassified;Hechtsheim;2020;2;2;20,77066451;29,83089089;49,39845204;0,746570782;19,43248558;-0,636321616;-0,015430859;-0,206906457;-0,156972568;-1,238858243;-0,004126437;0,007745328;-0,500355178;-1,980722612;4,917765831;-0,231323917;0,071587386;1,312098272;33,22311976;-1,042014358;-3,211532282;0,100136411;-0,398070406;0,976408047;-0,169901785;0,889360977;1,695586794;-5,442191443;-0,42421974;0,207580331;0,021846358;3,404782227;47,34439465;1,788964023;0,582532613;0,270591294;0,888297735;1,341677441;-0,003097164;-0,020018393;0,366586562;8,467784471;-11,2187923;0,314607342;-0,47953651;-0,245539725
50,01262138;8,248807291;0;1;0;0;0;0;4;13;2;6;0;0;secondary;Neustadt;2019;2;2;9,67348218;16,80220217;73,52431417;0,393982451;19,43248558;-2,254007673;-0,189338021;-0,678519399;-0,458869291;-3,656154337;-0,01007845;-0,054126359;-0,870348447;-5,607804661;1,092604454;-0,582267725;0,137481631;3,372424875;33,22311976;-1,765871225;-2,892123774;0,121870074;-0,592075457;0,764368808;-0,012653948;0,8805161;0,419470126;-5,682869078;-7,522378534;0,210762703;0,139226696;-0,489160087;47,34439465;3,601064779;1,02830444;0,539355799;1,53202605;2,178869122;-0,003627898;-0,0125462;0,470390381;13,85342443;2,458362057;0,498409805;-0,359451622;0,395338368
49,98494662;8,182886971;0;1;0;0;0;0;8;16;2;6;0;0;tertiary;Finthen;2016;2;2;9,765953571;17,25220382;72,98184037;0,401749021;19,43248558;-2,172045585;-0,170884046;-0,640913417;-0,436414078;-3,485224102;-0,010187367;0,024524896;-1,19215406;-5,311937134;1,084942306;-0,551888401;0,137021003;3,058627971;33,22311976;-1,618882214;-2,750611904;0,099258067;-0,574508935;0,738698867;-0,01358298;0,642116069;0,575181105;-5,580128417;-7,470215126;0,211466641;0,134382827;-0,36408994;47,34439465;3,553828188;1,033630373;0,536454451;1,536117744;2,245518504;-0,003683477;-0,030938604;0,606201407;13,57310016;2,477938257;0,450089067;-0,366171514;0,025361163
49,99461211;8,280685137;1;0;1;0;0;0;7;16;6;6;0;0;secondary;Altstadt;2020;2;1;20,97271532;40,46438634;38,56290281;0,813860862;19,43248558;-0,616603654;0,513389445;0,607313029;-0,081717775;-1,399236998;-0,003848521;-0,010604534;-0,413193792;1,859840998;0,311812083;-0,340388587;0,029991739;1,083476302;33,22311976;2,147399195;5,353542574;-0,580259705;-0,092256431;1,388089985;-0,031622548;0,17784949;0,462828526;0,025891492;-2,094619026;0,097632103;0,047227988;0,339562939;47,34439465;2,259916868;-6,727435872;-2,404498623;1,999242429;3,773455679;-0,001708248;-0,090251211;0,512326328;-12,88650972;3,323498241;1,648776371;-0,557791332;0,369487246
50,00305672;8,262712499;0;1;0;0;0;0;10;12;3;6;0;1;primary;Neustadt;2019;2;2;19,50930357;26,90824866;53,58244777;0,689577994;19,43248558;0,029759291;-0,017003525;-0,044093968;-0,017283161;-0,137077951;-0,001602328;-0,002014124;-0,025768049;0,009455148;0,075061353;-0,029064173;-0,032298875;0,268748349;33,22311976;-1,088492477;-1,560101015;0,073444365;-0,227548539;0,749312482;-0,01488197;-0,471406951;0,242181746;2,389388284;-5,088409011;0,164606731;-0,754038757;-0,728925985;47,34439465;0,249659009;0,716028445;0,67861079;0,863181216;1,377004999;0,007720282;0,076907351;0,200227592;-0,967169512;2,315208772;0,525831398;1,345050889;-1,150208117
50,0098537;8,266498023;0;1;0;0;1;0;9;12;3;6;0;0;secondary;Neustadt;2020;2;2;23,17777574;27,82834172;48,99387658;0,76166424;19,43248558;-0,478749711;-0,797442385;-0,601464286;-0,199355388;6,83714847;-0,037580876;-0,042230919;-0,260316925;-2,958094265;0,553136894;-0,203193739;0,077507017;1,855926271;33,22311976;-0,419006386;-0,84163424;0,164601217;-0,19615484;-2,868626072;-0,009208226;0,262725547;0,14791059;1,836823044;-3,394011183;0,077074508;0,087541491;-0,24281349;47,34439465;0,642894672;1,06426657;0,663163683;1,171607741;-5,90651775;0,017259238;0,287192007;0,11507969;1,620585227;2,280454616;0,424454388;-0,38678292;-0,344175241