Latitude;Longitude;IstRad;IstPKW;IstFuss;IstKrad;IstSonstig;TagKategorie;Monat;Stunde;Unfallart;Unfalltyp;Lichtverhältnisse;Straßenverhältnisse;Straßenart;Stadtteil;Jahr;Unfallklasse Wahr;Unfallklasse Bestimmt;Wahrscheinlichkeit Klasse 0;Wahrscheinlichkeit Klasse 1;Wahrscheinlichkeit Klasse 2;Unsicherheits-Score;Base-Value Klasse 0;SHAP_0_IstRad;SHAP_0_IstPKW;SHAP_0_IstFuss;SHAP_0_IstKrad;SHAP_0_IstSonstig;SHAP_0_TagKategorie;SHAP_0_Monat;SHAP_0_Stunde;SHAP_0_Unfallart;SHAP_0_Unfalltyp;SHAP_0_Lichtverhältnisse;SHAP_0_Straßenverhältnisse;SHAP_0_Straßenart;Base-Value Klasse 1;SHAP_1_IstRad;SHAP_1_IstPKW;SHAP_1_IstFuss;SHAP_1_IstKrad;SHAP_1_IstSonstig;SHAP_1_TagKategorie;SHAP_1_Monat;SHAP_1_Stunde;SHAP_1_Unfallart;SHAP_1_Unfalltyp;SHAP_1_Lichtverhältnisse;SHAP_1_Straßenverhältnisse;SHAP_1_Straßenart;Base-Value Klasse 2;SHAP_2_IstRad;SHAP_2_IstPKW;SHAP_2_IstFuss;SHAP_2_IstKrad;SHAP_2_IstSonstig;SHAP_2_TagKategorie;SHAP_2_Monat;SHAP_2_Stunde;SHAP_2_Unfallart;SHAP_2_Unfalltyp;SHAP_2_Lichtverhältnisse;SHAP_2_Straßenverhältnisse;SHAP_2_Straßenart
49,96793978;8,286761946;1;1;0;0;0;0;5;7;5;3;0;0;residential;Hechtsheim;2019;2;2;7,858594507;33,10504258;59,03636217;0,556774302;19,43248558;0,353203219;-0,338220973;-0,274560124;-0,078336638;-1,623571804;-0,009401541;-0,042466943;-1,987385599;0,199975293;0,157929456;-0,257422526;0,052414938;-7,726047835;33,22311976;-0,040827781;0,052804652;-0,00249753;0,010320764;-0,052035927;0,000497973;-0,019125724;0,007871614;-0,025329299;-0,072963248;-0,005790679;-0,000327428;0,029325427;47,34439465;-1,85884231;0,999610795;0,458342676;0,946910962;1,756786734;-0,001358619;-0,140679719;2,25068624;-1,348735681;-0,004788695;0,580739508;-0,353024013;8,406319638
49,96298794;8,269257067;0;1;0;0;1;0;9;4;5;3;2;1;secondary;Hechtsheim;2022;2;0;38,90601397;28,22647393;32,86750913;0,907248902;19,43248558;0,030879783;-0,719712664;-1,172648721;-0,096381379;10,65027512;-0,011665832;-0,014411701;3,646237131;1,798997736;1,716670627;1,057412248;-0,416357852;3,004233887;33,22311976;-0,414161609;-1,060875764;0,621032775;-0,353135367;-6,878836297;-0,046820423;0,05280796;-2,441400673;2,037756311;4,470278474;-0,55714145;-0,260115263;-0,166034509;47,34439465;-0,006158306;1,360533345;1,273432965;1,019430967;-9,929973988;0,006452153;0,014078147;-3,156095584;-3,332379174;0,003640205;-2,368384317;1,735508763;-1,096970705
50,00284423;8,262613978;0;0;0;1;0;1;5;19;0;1;0;1;primary;Neustadt;2017;2;2;13,1840691;42,72819459;44,08774078;0,697531767;19,43248558;1,782033446;-1,346111452;-0,653223151;1,411093382;-2,671917923;0,044882993;-0,381078902;1,378319627;-14,82582679;8,327103055;-0,478967704;-3,009741284;4,175018212;33,22311976;-0,326119264;4,637594155;0,08852322;0,790249378;0,789787449;0,062393017;0,371858826;0,399216334;2,159217185;0,97237818;0,047434118;-0,197927456;-0,289530309;47,34439465;0,464703061;1,581697602;-0,12765657;2,352046822;-0,513313385;0,169219314;0,073425283;0,521301179;-7,175599554;4,748505449;-0,234959121;-5,906131042;0,790107087
49,98959561;8,265092425;0;1;0;0;0;0;8;5;8;1;2;0;primary;Oberstadt;2016;2;0;55,43507338;26,97360218;17,59132445;0,658662058;19,43248558;1,911295384;-0,07504477;-0,897851965;-0,22241629;-1,832259844;-0,017917481;0,223346192;3,241420043;10,98549575;14,54204721;2,236577458;0,160760382;5,747135725;33,22311976;-0,517746192;-1,657416501;0,131706911;-0,141587266;0,458957883;-0,007769756;0,077734642;-1,887331154;1,543292776;-2,962500906;-0,673264217;0,006639105;-0,620232911;47,34439465;-0,921316304;0,292268177;0,442975388;0,710175283;0,802310693;0,000346532;-0,080898605;-0,60944431;-13,24719137;-13,11304715;-1,501794325;-0,710623745;-1,816830473
50,01004771;8,26586898;0;0;0;1;0;0;3;16;8;1;0;0;secondary;Neustadt;2019;1;0;45,14090419;43,4976995;11,36139706;0,670113871;19,43248558;1,294115369;1,493247119;-0,365553475;5,435284344;-2,197058336;-0,012924658;-0,006906861;-0,599661757;8,940783305;8,945725611;-0,301407324;0,258343669;2,8244316;33,22311976;-0,382167077;5,56650308;0,096197779;1,461885613;0,88018446;-0,025444003;0,30440665;0,650537166;1,596566232;-0,30076633;0,075197642;0,014723972;0,336754553;47,34439465;-0,748738068;-2,27139721;0,192870408;-13,6634398;0,71434492;0,000592403;-0,045591688;-0,010181448;-9,888143548;-8,198146572;0,183083516;-1,271562794;-0,976687715
50,00937889;8,268000892;0;1;0;0;0;1;3;14;3;7;0;0;secondary;Neustadt;2017;2;2;19,74570453;33,70034695;46,55394852;0,767768535;19,43248558;0,102480115;-0,069028079;-0,145294267;-0,066761352;-0,480680904;-0,007455392;-9,43535E-05;-0,095631123;0,03776223;0,547710576;-0,097108642;0,024208704;0,563111434;33,22311976;-0,145653065;-0,422168009;0,01788039;-0,056039456;0,239892764;0,009189724;0,069032312;0,114812698;0,270206359;0,375723949;0,051601043;0,004829556;-0,052081081;47,34439465;-0,139260014;-0,837872541;-0,746237053;-1,287679018;-1,599615296;0,035455234;0,051195013;-0,027709414;2,446908819;0,780949231;-0,591316498;0,466237028;0,658498376
49,97390885;8,270851458;0;1;0;1;0;0;8;18;1;6;0;0;secondary;Hechtsheim;2022;2;2;18,34768355;40,43824971;41,21406674;0,775114864;19,43248558;0,043128014;-0,036041105;-0,076624114;0,824007567;-0,413419207;-0,002975173;0,006860604;-0,103277967;-1,564527658;-0,061897239;-0,087721566;0,021846138;0,36583967;33,22311976;3,578130795;7,327017356;-0,408447106;-17,98641394;-3,930656972;0,041019883;-2,499429489;-0,938107607;-1,131473286;23,41235787;-0,937645728;-0,500476789;1,189254954;47,34439465;-0,041724059;0,292149309;0,192475592;-11,3690153;0,709032079;0,000502545;-0,025942867;0,086830533;3,706162949;1,142148153;0,136700252;-0,53601137;-0,42363573
50,02646451;8,226133204;1;1;0;0;0;1;11;16;5;3;2;0;tertiary;Mombach;2017;2;2;21,80441022;33,42490196;44,77069378;0,801101408;19,43248558;0,283378561;-0,153486545;-0,35048726;-0,13944689;-1,621118322;0,007001764;0,03063751;-0,288633691;0,819563655;1,054024128;0,840828492;0,059145248;1,830517986;33,22311976;0,08695242;-0,126382463;0,009342975;-0,020611797;0,116342196;0,00345812;-0,098740584;0,03204749;0,092691795;0,158291009;-0,038152706;0,000750678;-0,014206933;47,34439465;-7,128862396;4,06649471;3,111356373;7,083320881;9,816436132;-0,062966389;0,708227439;2,241128139;-6,889027003;-1,160909646;-8,374952689;-2,091682955;-3,892263472
49,99249129;8,282629682;0;1;0;0;0;0;3;14;1;6;0;0;secondary;Altstadt;2022;2;2;9,975688159;23,72219563;66,30211473;0,491340865;19,43248558;0,268891978;-0,201720092;-0,429166289;-0,170072951;-2,186439803;-0,010075935;-0,073199612;-0,481507259;-7,546546107;0,056136753;-0,443687768;0,028869556;1,731720106;33,22311976;-1,697673095;-2,380977054;0,112427475;-0,396395855;1,041109106;-0,012745837;0,216655212;0,54231395;0,958660094;-7,897094429;0,234296416;0,148443099;-0,369943218;47,34439465;0,034720563;0,760409935;0,639567618;1,423169367;2,227613559;-0,000815371;-0,018749281;0,301419129;9,83500048;3,434635974;0,550142178;-0,349271881;0,1198778
50,01378099;8,250963123;0;1;1;0;0;0;7;16;6;4;0;0;residential;Neustadt;2021;1;1;21,18574828;44,14856136;34,66569483;0,800134483;19,43248558;-0,847556054;0,267217293;-2,733721917;0,06901281;1,895606852;0,012012155;-0,002344428;0,642248192;-4,430882443;-1,885359451;0,61315507;-0,0430624;8,196937016;33,22311976;-1,866885288;-4,292949311;-1,522952916;-0,698608643;4,062187047;-0,0260818;1,074124536;2,275705845;2,792306431;8,353121429;1,426874545;0,0540127;-0,705412979;47,34439465;-1,408689671;0,373156945;-2,947231878;0,347313305;0,850690483;-0,000586549;-0,044531353;0,079075653;-8,385594988;-7,923433741;1,114967151;-0,176538802;5,442703623
49,95767731;8,23128258;0;1;0;0;1;1;12;16;2;6;2;1;motorway;Marienborn;2019;1;0;51,18513107;23,90450984;24,91035759;0,732081379;19,43248558;-1,155641529;-0,781472804;-1,363107949;-0,394857098;21,39695843;0,023555476;0,161171701;-1,215444647;-1,82100512;1,568714243;1,530912036;-0,570887296;14,37375004;33,22311976;-0,358389739;-0,562302401;0,625476707;-0,204276357;-2,04493871;0,019734586;-1,041991057;0,369438134;-2,324391375;-4,180170127;-0,283355435;-0,586552049;1,253107904;47,34439465;1,6923738;1,755488532;1,384297149;1,049091219;-14,88523669;0,051653334;0,004408671;1,089432;5,987378441;1,068271368;-1,398736376;1,474719352;-21,70717786
49,99924314;8,235311585;1;1;0;0;0;0;1;11;5;3;0;0;secondary;Hartenberg-Münchfeld;2020;2;2;21,36128098;33,61457586;45,02414465;0,795030171;19,43248558;0,246683078;-0,150202697;-0,254251508;-0,12734575;-1,552519543;-0,004329447;0,00631077;0,391480273;0,9546622;0,882027062;-0,213560253;0,052834319;1,697006891;33,22311976;0,142469953;-0,192675596;0,008836781;-0,035143925;0,20404968;-0,001740809;-0,133647829;-0,009426349;0,128112546;0,277263342;0,018208373;0,001352919;-0,016202985;47,34439465;-28,36610445;15,30480896;8,184126695;26,96365019;38,01575621;-0,027227702;2,04689156;-10,15165663;-31,11592295;-7,575247192;10,19637881;-7,806814154;-17,98888935
49,97292545;8,245269166;0;1;0;0;0;1;9;8;0;7;0;0;residential;Bretzenheim;2016;2;2;17,69698411;31,72473609;50,5782783;0,714219194;19,43248558;1,089725928;-0,136372739;-0,885031302;0,085521937;-2,506266788;0,066915362;0,187327375;-0,355503435;4,233791943;7,156399544;-0,553083784;0,143612938;-10,26253845;33,22311976;-4,981527137;-13,83716375;0,750121488;-1,772438956;7,020581012;0,348028024;0,814620319;-7,723357373;7,41897669;13,87009112;1,646425395;0,148683732;-5,201424223;47,34439465;-0,168504723;0,694133059;0,518088036;0,285151136;1,051780558;-0,01191044;-0,005264404;1,165014758;-4,997444461;-1,151684867;0,445338751;-0,30088814;5,710074386
49,97405391;8,291389327;0;1;0;0;0;0;8;12;3;6;0;0;motorway;Weisenau;2016;2;2;20,97430974;34,90096927;44,1247195;0,798137313;19,43248558;0,44857413;-0,285920644;-0,751052418;-0,439139134;-2,485721944;-0,02167395;-0,025272575;-0,45540305;-0,856755971;1,040403024;-0,436498227;0,100349435;5,709935482;33,22311976;-1,280251977;-0,93209701;0,684597288;-0,268334919;1,122518572;-0,021565874;0,496504146;0,344470974;4,486699491;-5,373469565;0,248036741;0,164921229;2,005820411;47,34439465;0,006091211;0,971070292;0,950944308;1,375515562;1,627467867;0,002552443;-0,038767537;0,283702139;0,515834687;1,371618054;0,464772298;-0,40136378;-10,3491127
50,00859922;8,267902297;0;1;0;1;0;0;6;15;3;2;0;0;primary;Altstadt;2018;1;1;30,88724911;43,09500456;26,01774931;0,84762317;19,43248558;0,552565182;-0,517071055;-0,625176393;11,81307444;-2,411418804;-0,026238421;0,415627566;-0,111892286;1,200034583;-4,328132906;-0,230530992;0,404728849;5,319193765;33,22311976;-0,366441033;-1,853540235;0,057649526;3,883021295;1,907917376;-0,014213643;0,353182589;0,489013688;1,299403337;5,474003746;-0,082022729;0,030374283;-1,306463404;47,34439465;-0,086224325;0,53973328;0,35734563;-20,82820908;0,894514844;0,00848241;-0,226631079;-0,136113798;-0,194934144;1,093776542;0,205013356;-1,081480889;-1,871918095
49,94579028;8,262336239;0;1;0;0;0;0;2;13;2;2;0;0;secondary;Hechtsheim;2016;2;2;8,165851235;21,69799954;70,1361537;0,435655593;19,43248558;-1,468390013;-0,419990474;-0,471556191;-0,451942843;-2,741541491;-0,008402806;-0,018090802;-0,365334623;-2,863458595;-4,471838111;-0,277605002;0,147018168;2,144498434;33,22311976;-1,821297722;-5,295265731;0,109322619;-0,986411482;2,407435845;-0,025582306;-0,990719776;0,487926176;-15,31274679;10,4832096;0,012803309;0,092251556;-0,686045519;47,34439465;3,209556198;1,077033258;0,529839794;1,504561185;2,141690295;-0,001511645;0,0338117;0,067638608;11,82711727;2,052322532;0,405528513;-0,349457728;0,293629058
49,9772481;8,291717839;0;1;1;0;0;0;5;18;6;2;0;0;unclassified;Weisenau;2019;2;1;21,42780125;42,58443713;35,98775566;0,812501771;19,43248558;1,385007437;-0,551654482;3,405425594;-0,372233326;-3,115623827;-0,011783759;-0,072392853;-0,908226828;6,798359962;-6,436017454;-0,666939312;0,139381822;2,402012692;33,22311976;-0,457268119;-1,466382964;-0,545217914;-0,227146399;1,584453074;-0,084064451;0,170072743;0,989527372;1,229616396;5,382423812;0,023466585;0,008843149;2,752994086;47,34439465;-1,445041789;0,611338912;-4,034014902;1,071319796;1,683662162;0,002407533;-0,055888483;0,013772612;-12,62709903;2,86899944;0,736374456;-0,303330392;0,120860682
49,96578657;8,254897966;0;1;0;0;0;1;5;19;5;7;0;0;motorway_link;Bretzenheim;2022;2;2;23,08193147;33,63491893;43,28315556;0,82499379;19,43248558;0,499743656;-0,14735794;-0,427347683;-0,14878753;-1,537686906;0,008306939;-0,07739818;0,807112545;1,473077038;1,426634741;-0,24691667;0,064576051;1,955489827;33,22311976;-0,085760079;-0,214211912;0,01191063;-0,036448847;0,149782266;0,004688653;0,059614301;0,09676328;0,14032491;0,281363962;0,025136247;0,00204069;-0,023404934;47,34439465;-1,045277858;2,230053059;1,90319119;3,492230957;5,208993654;-0,03833084;-0,138194079;-1,552877527;-10,38145333;-2,0055892;1,315967057;-1,142719021;-1,90723316
49,96507927;8,2700289;1;1;0;0;0;1;8;15;5;3;0;0;secondary;Hechtsheim;2021;2;2;20,5243215;34,37107503;45,10460198;0,786560152;19,43248558;0,171430665;-0,105897374;-0,165321936;-0,096597517;-1,088523543;0,003578995;-0,001293893;-0,074518146;0,68026265;0,646013621;-0,142087144;0,038894605;1,225894928;33,22311976;0,265398867;-0,413153144;0,016085797;-0,064764241;0,38529007;0,010927454;0,107515675;0,088055866;0,231970597;0,528017662;0,034309974;0,002733156;-0,04443246;47,34439465;8,484779206;-4,62675314;-2,41876598;-8,277044632;-11,4474156;0,06877287;0,19473184;-0,235518018;8,863863371;1,953765364;-2,664368808;2,450156143;5,414004703
50,00355203;8,213050477;0;1;0;0;0;0;11;18;5;3;2;0;secondary;Gonsenheim;2017;2;2;22,76273072;33,03026259;44,20700371;0,814231515;19,43248558;0,288467768;-0,190122469;-0,544550218;-0,161369546;-1,660998667;-0,005859235;0,027311115;-0,42647064;1,691956464;0,960346126;0,970580818;0,068799284;2,312154335;33,22311976;0,072503214;0,205779107;-0,019543473;0,038985888;-0,152782565;0,000159121;0,155101405;-0,018039994;-0,207094293;-0,346897875;0,056953433;-0,002077175;0,024096037;47,34439465;-0,413566303;1,853717535;2,104048635;3,233255307;4,201087435;-0,001139894;0,285903027;1,020567134;-9,137253976;0,846346859;-3,687006595;-0,964350814;-2,478999291
49,99968939;8,258482962;0;1;0;0;0;1;1;14;1;7;0;1;primary;Hartenberg-Münchfeld;2017;2;2;13,3265987;29,65613604;57,01726675;0,61762847;19,43248558;0,468332275;-0,248421687;-0,568261289;-0,184143165;-2,561215956;0,016069226;0,101174323;-0,504318927;-7,733011598;3,643190365;-0,607060078;-0,126310625;2,198090257;33,22311976;5,927409802;17,29678795;-0,778021519;2,177350953;-9,878428902;-0,426199;8,264097823;-4,369174769;-5,649247378;-22,37256411;-2,214314382;2,302356786;6,15296302;47,34439465;-0,188066317;0,578308366;0,546280507;0,623610512;1,70607748;-0,01495391;0,040904342;0,113327416;6,672134234;-1,08550042;0,467399778;0,902642145;-0,689292037
49,99699596;8,208281057;0;1;0;0;0;0;7;17;5;2;0;0;tertiary;Gonsenheim;2022;2;2;15,42969346;36,47676408;48,09354544;0,713219943;19,43248558;0,521294998;-0,509821388;-0,493527842;-0,376429988;-2,453012057;-0,009203183;0,00339021;-0,471201287;2,791984953;-5,496909868;-0,177418542;0,163162517;2,504899353;33,22311976;-0,187697755;-0,612245714;0,011215729;-0,126165512;0,652843224;-0,001428476;0,144945764;0,245624699;0,737415181;2,508417947;-0,059066407;0,008190529;-0,068404888;47,34439465;-0,078444752;0,258553303;0,18428105;0,417771438;0,529914965;0,000710116;-0,015657815;-0,002193802;-1,275887008;0,941333831;0,100096108;-0,114541934;-0,196784718
50,02502639;8,230475961;1;1;0;0;0;0;9;12;0;3;0;0;path;Mombach;2018;2;2;16,91587418;36,34434342;46,7397809;0,737798174;19,43248558;-0,187611794;-0,037983325;-0,241214128;-0,022828849;-1,297280565;-0,006278192;-0,052653292;-0,010929584;-2,190174925;0,618052097;-0,244860091;0,069900592;1,087250656;33,22311976;1,48753445;-2,728802132;0,088955972;-0,267131329;1,669381904;-0,017078344;0,208623211;0,078015664;1,29401184;2,339505049;0,092875401;-0,013142398;-1,111525626;47,34439465;-0,423298297;0,200728173;0,124609634;0,18011913;0,511065008;-0,000293569;0,006356263;-0,038189644;-0,90456885;-0,165609076;0,178552776;-0,146289123;-0,127796179
49,99576472;8,209560351;1;1;0;0;0;1;9;13;1;5;0;0;unclassified;Gonsenheim;2022;1;2;10,50409004;32,83371329;56,66219592;0,600188832;19,43248558;0,262843926;-0,203461127;-0,335676551;-0,164889234;-2,437499022;0,053512332;-0,066012444;0,137843088;-7,354096429;-0,178198747;-0,439425334;0,111138353;1,685525646;33,22311976;-0,0750762;0,133995634;-0,005866866;0,012884428;-0,08624931;-0,024716298;-0,026325064;-0,008421592;-0,043644712;-0,096377388;-0,010097608;-0,002115395;-0,157396098;47,34439465;-0,922097278;0,505419357;0,247345907;0,919523998;1,498619874;-0,008620178;0,010385889;0,070038055;7,39547563;-0,661595166;0,397637069;-0,251876358;0,117544466
49,96682291;8,251956149;0;1;0;0;0;1;10;17;2;6;1;0;motorway;Bretzenheim;2017;2;2;15,15796334;26,51366591;58,32837224;0,612391194;19,43248558;-1,316983612;-0,100772812;-0,519566095;-0,366524992;-2,854386695;0,005992652;0,035762871;-0,849962975;-3,629829487;0,742970604;0,13783966;0,083532436;4,357406197;33,22311976;-0,798067667;-0,780077531;0,431100041;-0,253064816;0,42990043;0,034971443;-0,360095109;0,386157548;-2,689744563;-4,000981409;-0,643940805;0,078224322;1,456164268;47,34439465;3,539836995;1,974752366;1,468457795;2,417672083;4,80283765;0,101937889;0,017398912;1,181355996;15,48811741;2,264922562;0,398725381;-0,552014538;-22,12002291
50,01286199;8,259923803;1;1;0;0;0;0;8;7;0;1;0;0;secondary;Neustadt;2017;2;2;19,31503713;37,49560714;43,18936467;0,784021353;19,43248558;-0,069277395;0,012199013;-0,011390391;1,30801E-05;-0,100549629;-0,00050751;-0,004187726;-0,124525542;-0,260049298;0,367394836;-0,026265025;0,006941102;0,092756033;33,22311976;3,674659184;-6,979714617;0,195931722;-0,45913724;3,294333491;-0,06023859;0,507609439;-1,863874722;7,715932209;-2,036637865;0,616726418;0,05017479;-0,383276844;47,34439465;0,405354629;0,220073375;0,11981346;0,23627173;0,678146961;-0,000479902;-0,048230337;1,638622825;0,149323389;-7,244325053;0,360560973;-0,349657215;-0,320504817
49,97416984;8,312838371;0;1;0;0;0;1;4;10;7;6;0;0;trunk;Weisenau;2021;2;2;26,55541897;25,92287064;47,52171338;0,787103825;19,43248558;0,836540621;-0,222684632;-0,725345344;-0,272235834;-2,611614888;0,010639263;-0,04821905;0,132323492;4,34611303;1,321566638;-0,465305383;0,102855161;4,71830031;33,22311976;-0,770152183;-1,418927669;0,177934483;-0,182982869;0,446403974;0,030158086;0,334508354;-0,168273179;-0,188034818;-3,343699387;0,111850576;0,037406138;-2,36644063;47,34439465;0,025865858;-0,060134713;-0,056293128;-0,11285237;-0,146897775;0,00104254;0,002566108;0,010614163;0,596044786;-0,219464901;-0,045397448;0,032941523;0,149284079
50,00576618;8,265207247;1;1;0;0;0;1;9;15;5;3;0;0;tertiary;Neustadt;2017;2;2;20,38760483;34,32556987;45,28681934;0,783853436;19,43248558;0,16015401;-0,097551296;-0,152021147;-0,087694706;-0,999766178;0,003657624;-0,006849064;-0,067296188;0,627910784;0,595683497;-0,13004436;0,03577474;1,073161533;33,22311976;0,252568534;-0,394658866;0,012441788;-0,062129942;0,36769462;0,01071493;0,087221383;0,106732961;0,210632468;0,511542583;0,03214474;0,001812407;-0,034267499;47,34439465;4,773164697;-2,685495656;-1,36383901;-4,778326065;-6,668181575;0,043645014;-0,063338998;-0,065215365;5,276128864;1,147274454;-1,544773709;1,421990626;2,449391406
50,02755637;8,222926523;1;1;0;0;0;1;8;12;5;3;0;0;tertiary;Mombach;2019;2;2;20,42064518;34,25171077;45,3276366;0,783859683;19,43248558;0,163327691;-0,100381002;-0,15743181;-0,090399928;-1,027952467;0,003857919;-0,002771639;-0,017357177;0,638729241;0,591557233;-0,138859815;0,035931422;1,089909927;33,22311976;0,247988405;-0,384877473;0,015649658;-0,060221889;0,35612208;0,009781877;0,099357319;0,049978701;0,207649726;0,48483494;0,03293565;0,001769601;-0,032377584;47,34439465;4,677210053;-2,629867978;-1,334074065;-4,679414669;-6,540438623;0,041044486;0,111469869;0,115034757;5,091776062;1,12260044;-1,768294143;1,37744526;2,398750495
49,95629029;8,281367277;1;0;0;0;0;0;7;20;8;1;0;0;residential;Hechtsheim;2016;2;1;23,01537544;50,22851229;26,75610781;0,744510111;19,43248558;-1,39075578;2,017784785;-0,231327613;-0,124914012;-2,637849822;-0,019608881;-0,034384038;0,452075672;8,385705711;9,564018681;-0,31428013;0,165042694;-12,24861742;33,22311976;1,963708914;9,555582672;0,136473712;-0,118383182;1,497994244;-0,049768892;0,352057575;1,443232124;2,350491607;-0,186035926;0,080089931;0,019991964;-0,040042218;47,34439465;0,059062294;-3,937379375;0,134897881;0,538604593;1,061317484;0,002123856;-0,064073732;-1,084845208;-12,03722961;-11,53658508;0,327931505;-0,539536313;6,487424848
50,00517836;8,264636112;0;1;0;0;0;1;4;15;2;6;0;0;primary;Neustadt;2017;2;2;9,246883541;17,11340249;73,63971472;0,391578156;19,43248558;-2,176164157;-0,148315563;-0,581014411;-0,455447893;-3,113411015;0,010919526;-0,062679116;-0,884032546;-5,973593017;0,880246857;-0,48847183;0,120993483;2,685367639;33,22311976;-1,700902091;-2,829676929;0,11531519;-0,546039033;0,744387265;0,046259763;0,815576208;0,4369507;-5,308289625;-7,244769152;0,206067081;0,137052145;-0,981648797;47,34439465;3,606082553;1,058520824;0,547098536;1,599499647;2,184692572;-0,006416146;-0,013441239;0,542295041;14,60363633;2,530437692;0,454757021;-0,365382311;-0,446460455
50,01473319;8,241132879;1;0;0;0;0;0;4;7;4;6;0;0;secondary;Hartenberg-Münchfeld;2022;2;1;23,06336761;42,28106141;34,65557694;0,832392261;19,43248558;-2,441184207;0,424289496;-0,115559298;-0,226241725;-2,06488054;-0,005632224;-0,029544599;-1,575681787;6,163956273;1,591064922;-0,278062331;0,062296016;2,126062026;33,22311976;2,479246687;5,540956817;0,084576893;-0,05043747;1,550488243;-0,033754709;0,863704083;-0,202825364;0,474006086;-2,159450902;0,04691868;0,037787607;0,426724997;47,34439465;5,952819776;1,000425254;0,188346509;1,695125128;2,911516351;-0,001939599;-0,276495736;2,55902969;-22,97103233;-1,098018824;0,681991311;-0,438269136;-2,892316105
49,99736214;8,268042664;1;0;0;0;0;0;8;17;0;1;0;0;unclassified;Altstadt;2016;2;1;13,30847144;58,40337276;28,28815281;0,602201844;19,43248558;-1,677132093;-0,509117151;-0,227877357;0,019925667;-3,067762731;-0,012514044;-0,186628507;-0,755586336;-8,018310968;6,731989122;-0,469596077;0,209477463;1,83911887;33,22311976;1,4658588;9,418144303;0,11609693;-0,07076221;1,647173097;-0,151863701;0,696136594;1,38885818;4,317419851;2,253393194;0,027471822;0,022148711;4,050177432;47,34439465;0,64753686;-5,09640178;0,179671826;0,523275934;1,965460009;-0,001188521;-0,000128725;-0,013311127;0,532482716;-17,11060626;0,616984495;-0,983451497;-0,316565773
49,98876205;8,192771535;0;1;0;0;0;0;10;8;2;6;0;0;motorway;Gonsenheim;2022;2;2;14,99977112;26,00272894;58,99749994;0,603419609;19,43248558;-1,329749924;-0,104648095;-0,521283407;-0,377481848;-2,940665037;-0,006472752;0,038330225;-0,440024784;-3,664066241;0,796988116;-0,384547406;0,084666818;4,416239872;33,22311976;-0,756410427;-0,632097708;0,379367244;-0,269172534;0,440744191;-0,010082789;-0,349482491;-0,892304064;-2,772434541;-3,991004536;0,146913223;0,070754292;1,414819317;47,34439465;3,422084768;1,900130646;1,414901305;2,45336321;4,791801693;-0,079575808;0,024500425;2,370178537;15,10637224;1,978902723;0,858701215;-0,532328055;-22,05592761
49,98448408;8,179844143;1;0;0;0;0;0;7;18;0;7;0;0;service;Finthen;2017;2;1;13,15635145;48,17599654;38,66764903;0,686343299;19,43248558;-0,546516993;0,627218459;-0,28339311;-0,009812951;-2,194416031;-0,008175348;-0,333262751;-0,465658689;-3,476098911;2,160760402;-0,425504316;0,130217966;-1,451491862;33,22311976;1,26897762;7,074484238;0,116411648;-0,076943205;1,546032317;-0,035216591;0,482461255;0,383828962;2,648383725;1,448071565;0,05582364;0,016742762;0,023818845;47,34439465;-1,806653426;-11,12624404;0,512156669;0,961868905;3,755156172;-0,002560182;0,016064893;0,19760629;-3,664690909;-2,068393527;1,037685183;-0,936830932;4,448089277
50,00937889;8,268000886;0;1;0;0;0;1;6;13;2;6;0;0;secondary;Neustadt;2018;2;2;9,675496072;16,78488255;73,53962064;0,39377108;19,43248558;-2,255990157;-0,190890939;-0,67721836;-0,46448952;-3,655267351;0,009756622;0,004472721;-0,886263595;-5,613268157;1,061560253;-0,583816681;0,135381085;3,359044568;33,22311976;-1,66186732;-2,777106987;0,122506801;-0,587247104;0,75094984;0,048604048;0,646343457;0,418440033;-5,708588931;-7,55005351;0,213856087;0,138067743;-0,492141372;47,34439465;3,601515474;1,028200315;0,538910824;1,535123268;2,179339838;-0,005945056;-0,056882804;0,472462297;13,84823432;2,455752324;0,499282613;-0,357838173;0,45707074