Latitude;Longitude;IstRad;IstPKW;IstFuss;IstKrad;IstSonstig;TagKategorie;Monat;Stunde;Unfallart;Unfalltyp;Lichtverhältnisse;Straßenverhältnisse;Straßenart;Stadtteil;Jahr;Unfallklasse Wahr;Unfallklasse Bestimmt;Wahrscheinlichkeit Klasse 0;Wahrscheinlichkeit Klasse 1;Wahrscheinlichkeit Klasse 2;Unsicherheits-Score;Base-Value Klasse 0;SHAP_0_IstRad;SHAP_0_IstPKW;SHAP_0_IstFuss;SHAP_0_IstKrad;SHAP_0_IstSonstig;SHAP_0_TagKategorie;SHAP_0_Monat;SHAP_0_Stunde;SHAP_0_Unfallart;SHAP_0_Unfalltyp;SHAP_0_Lichtverhältnisse;SHAP_0_Straßenverhältnisse;SHAP_0_Straßenart;Base-Value Klasse 1;SHAP_1_IstRad;SHAP_1_IstPKW;SHAP_1_IstFuss;SHAP_1_IstKrad;SHAP_1_IstSonstig;SHAP_1_TagKategorie;SHAP_1_Monat;SHAP_1_Stunde;SHAP_1_Unfallart;SHAP_1_Unfalltyp;SHAP_1_Lichtverhältnisse;SHAP_1_Straßenverhältnisse;SHAP_1_Straßenart;Base-Value Klasse 2;SHAP_2_IstRad;SHAP_2_IstPKW;SHAP_2_IstFuss;SHAP_2_IstKrad;SHAP_2_IstSonstig;SHAP_2_TagKategorie;SHAP_2_Monat;SHAP_2_Stunde;SHAP_2_Unfallart;SHAP_2_Unfalltyp;SHAP_2_Lichtverhältnisse;SHAP_2_Straßenverhältnisse;SHAP_2_Straßenart
50,00078647;8,273490574;1;1;0;0;0;1;5;15;5;3;0;0;tertiary;Altstadt;2016;2;2;20,3673929;34,39068496;45,24192214;0,783997191;19,43248558;0,158149054;-0,09575299;-0,148252892;-0,08667236;-0,978329808;0,003612214;-0,026658484;-0,066573151;0,620351509;0,593625272;-0,128008233;0,034993518;1,054423667;33,22311976;0,278483133;-0,391187194;0,012638306;-0,064533692;0,380156221;0,013133753;0,147634269;0,09204207;0,205477731;0,495916373;0,031937286;0,001815943;-0,035948999;47,34439465;4,856012738;-2,741448747;-1,391777964;-4,883397022;-6,814175874;0,040732557;0,149521182;-0,140030711;5,277232914;1,207351089;-1,574969075;1,437295483;2,475180914
50,00111697;8,234556422;1;1;0;0;0;1;12;17;5;3;2;1;residential;Hartenberg-Münchfeld;2019;2;2;9,889926016;32,7044785;57,40559101;0,58839417;19,43248558;0,419916032;-0,291622882;-0,399141037;-0,064241867;-1,711291806;0,023786586;0,061727492;-0,346756109;0,170702791;0,490738031;0,803292952;-0,284372417;-8,415297334;33,22311976;-0,463255557;0,599024766;-0,037164115;0,106027208;-0,537400765;-0,010587255;0,571923949;-0,145290233;-0,379541867;-0,785386935;0,143207423;0,060597636;0,359204487;47,34439465;-2,074254754;1,094582004;0,731449509;0,648287248;1,747711761;-0,017354877;0,07102243;0,460068488;-1,373142043;0,071671615;-1,56807623;1,348517816;8,920713392
50,00200119;8,275185522;0;1;0;0;0;0;9;13;2;6;0;0;secondary;Altstadt;2017;2;2;9,676297009;16,77799374;73,54570627;0,393687015;19,43248558;-2,252471633;-0,190791328;-0,679254882;-0,459135526;-3,673731572;-0,009967754;0,009421729;-0,880552541;-5,571352465;1,086400955;-0,580244706;0,137523409;3,307967738;33,22311976;-1,609929723;-2,75005979;0,121254725;-0,583245124;0,750190389;-0,014128337;0,563758857;0,464192199;-5,689091649;-7,557880809;0,210939228;0,138866;-0,489991988;47,34439465;3,60420694;1,027580319;0,539796517;1,533097376;2,179365963;-0,003340249;0,00855928;0,457657768;13,81132351;2,457523261;0,499474744;-0,36318494;0,449251125
49,99848812;8,173749348;0;1;0;1;0;1;5;14;5;3;0;0;tertiary;Finthen;2022;2;1;31,45298064;44,71796751;23,82905334;0,816911104;19,43248558;0,423006736;-0,38209118;-0,683474824;7,72288395;-3,117908109;0,021301396;-0,069997352;-0,196648025;3,288185621;1,004247676;-0,446616063;0,293899416;4,163705812;33,22311976;-0,39801613;-1,62526563;0,086427932;5,611999737;1,881324639;0,034673381;0,687459604;0,507357764;1,04046254;3,583409454;0,212884693;0,012751829;-0,140622065;47,34439465;-0,236349778;0,489932029;0,339635396;-19,62163529;1,018966594;-0,014023621;-0,074992761;-0,080604784;-3,230592119;-0,054047269;0,235668872;-1,005602967;-1,281695616
50,0231989;8,236076046;1;1;0;0;0;1;7;10;5;3;0;0;secondary;Mombach;2019;2;2;21,28498703;33,85166824;44,86333728;0,795657526;19,43248558;0,222114029;-0,14258775;-0,243993628;-0,125240407;-1,457535505;0,004837088;-0,009909675;0,337070369;0,933971182;0,862348951;-0,206294401;0,050605055;1,627116142;33,22311976;0,192488354;-0,290510919;0,0138583;-0,047352074;0,275217507;0,009448566;0,067827794;-0,146193677;0,150346989;0,392097761;0,031014956;0,001786235;-0,021481313;47,34439465;-30,32249714;16,39603255;8,738065552;29,26189643;40,66779481;-0,256494601;-0,871250473;-10,36097148;-31,80099101;-7,613373441;11,03994487;-8,441587809;-18,91762562
50,02299984;8,236701645;1;1;0;0;0;0;9;10;5;3;0;0;secondary;Mombach;2016;1;2;21,30114585;33,80146325;44,89739537;0,795529876;19,43248558;0,22266283;-0,143573845;-0,246816457;-0,12330366;-1,470894299;-0,003773456;-0,010375164;0,342743989;0,939267817;0,874901455;-0,207020556;0,051137209;1,643704404;33,22311976;0,17796944;-0,285517027;0,013039381;-0,045188128;0,260716381;-0,001872548;0,04775936;-0,13248558;0,149494972;0,377958946;0,02916988;0,001748312;-0,014449905;47,34439465;-30,03233239;16,17035016;8,628879497;28,80306418;40,09655982;-0,018319787;0,406204084;-10,73039266;-32,05403566;-7,356142072;10,9066074;-8,478555426;-18,78888643
49,99996082;8,257961074;1;1;0;0;0;1;7;0;3;2;2;0;primary;Hartenberg-Münchfeld;2017;2;2;15,80667049;36,65005863;47,54327238;0,720686481;19,43248558;-0,095170889;-0,428989289;-0,582840274;-0,384207343;-2,277782113;0,057187551;-0,001797105;2,730791521;-0,720789181;-6,264794858;0,729135916;0,139793261;3,473647707;33,22311976;0,608543506;-0,856531421;0,054984033;-0,08792892;0,777151653;0,023168863;0,127700867;-0,139669274;0,781393252;2,333211182;0,16541507;0,010933713;-0,37143366;47,34439465;-0,176747973;0,073460557;0,048507239;0,127089336;0,149234322;-0,017761812;-0,00349599;-0,243352699;0,024493521;0,499445662;-0,145307073;-0,034041912;-0,102645458
49,97206261;8,188240186;0;1;0;0;0;0;1;7;2;6;2;1;secondary;Drais;2016;2;2;10,27528495;15,49488455;74,2298305;0,38488936;19,43248558;-2,492732368;-0,179556402;-0,996969677;-0,387768;-3,717725674;-0,01264151;-0,130299206;-3,400630014;-5,655860169;1,918774516;2,885318487;-0,713543971;3,726433351;33,22311976;-1,342850531;-2,275755133;0,172728013;-0,41567582;0,525870561;-0,010409929;-1,066544946;0,193477372;-4,768839278;-6,980325123;-0,680014633;-0,763994863;-0,315900902;47,34439465;3,779876044;1,024109022;0,791336137;1,196149345;2,202096368;-0,001438377;0,119337984;1,799136807;14,26123777;2,288285454;-2,26668941;1,203079606;0,488919097
49,97632334;8,241677247;1;1;0;0;0;0;1;7;5;7;2;2;tertiary;Bretzenheim;2020;2;2;17,05777794;34,58634317;48,35588038;0,728299616;19,43248558;0,132365793;-0,26579863;-0,618613916;-0,159082873;-2,736450042;-0,085097062;-0,071501551;-2,801897345;0,649764119;2,910727248;1,739154939;-3,409767834;2,341489511;33,22311976;0,435684195;-0,551450592;0,049383447;-0,089075208;0,498706138;0,039064257;-0,240941512;-0,038117031;0,212520765;0,487215918;-0,265015628;0,838996794;-0,013748135;47,34439465;-0,414674847;0,326887545;0,258759125;0,341720741;0,782916947;0,000379284;0,054847989;0,890818094;-0,590325199;-0,436367421;-0,854970078;0,886834578;-0,235341033
49,9650401;8,246027569;0;1;0;0;1;0;12;10;3;6;0;1;motorway;Bretzenheim;2017;2;2;29,09391224;30,78652024;40,11957049;0,897156457;19,43248558;-0,627219267;-0,964151198;-0,998073884;-0,383881111;11,35052403;-0,089984494;0,088186144;0,121837926;-7,05561762;1,118794809;-0,308668318;-0,436656731;7,846336372;33,22311976;-0,164071994;-0,228806692;0,326621984;-0,079980228;-1,749291623;-0,007730957;-0,621806154;-0,168256152;1,546979404;-1,766759115;0,048875075;-0,369437701;0,797064634;47,34439465;0,344953641;1,259914958;1,027191174;0,784857636;-6,798065237;0,019712976;0,066612648;-0,011355461;4,84567881;0,812846578;0,364360776;1,363736164;-11,30526883
49,95048383;8,22358181;0;1;0;0;0;0;11;7;3;3;0;0;motorway;Marienborn;2019;2;2;18,50904822;35,9421432;45,54881155;0,762581627;19,43248558;0,110086162;-0,19296517;-0,357377489;-0,205201911;-1,272607044;-0,010561041;0,005740554;-1,715101307;-0,342798786;0,414309327;-0,254462851;0,04886044;2,848641756;33,22311976;-0,536736554;-0,728739593;0,528606163;-0,202403672;1,137977311;-0,012384562;-0,965018789;-0,082207449;1,565623149;1,709334888;0,241868722;0,011608277;0,05149555;47,34439465;0,019435267;0,763619525;0,802139716;1,104714222;1,361869422;0,001365459;0,161017526;1,569293781;-0,168642537;0,243331722;0,439269835;-0,327505726;-7,765491311
49,98104724;8,243693078;0;1;0;1;0;1;8;20;1;5;1;0;residential;Bretzenheim;2018;2;2;8,761056513;42,13545024;49,10348654;0,626508678;19,43248558;0,146984268;-0,244390307;-0,317375579;1,725224;-1,28502452;0,050545939;0,149807184;0,417196541;-3,730145757;-0,967538139;0,237021317;0,050403713;-6,904137731;33,22311976;-1,294979424;-4,472448116;0,308288097;9,160806587;2,930464415;0,065917902;0,430632901;1,215607528;0,8916078;3,380631838;-2,692129959;0,050744429;-1,062813517;47,34439465;0,10882245;-0,364009486;-0,199453227;7,992427975;-0,582222151;0,008756475;0,02775154;0,518098799;-2,052105877;0,397423301;-0,053054401;0,403561688;-4,446905204
50,00178229;8,265835194;1;0;1;0;0;1;10;1;6;7;2;0;secondary;Altstadt;2018;2;1;35,35935879;37,1419251;27,4987191;0,911129695;19,43248558;-2,254596213;0,909968643;3,763084705;-0,120224069;-2,923450974;0,013538221;0,07237711;4,603551479;4,611759921;1,889602514;2,999090466;0,056033554;2,306137847;33,22311976;0,8686403;3,12590834;-0,714915933;-0,041883711;0,9752131;0,042860415;-0,270480189;-0,314609464;-0,123712292;0,358854131;-0,252396151;0,004972364;0,260354425;47,34439465;2,508158393;-3,721258867;-3,19662016;0,851292203;2,224054419;-0,030358826;0,000177574;-4,237803198;-8,887132469;-0,870019437;-4,233638913;-0,336202174;0,083675897
49,95856377;8,257892311;0;0;1;0;1;0;9;20;6;6;1;1;unclassified;Hechtsheim;2022;2;0;63,27076554;19,62381005;17,10541993;0,550409178;19,43248558;1,131859701;4,811270594;6,633920862;-0,044227043;16,4451181;-0,005197347;0,099513067;3,518740182;7,439642388;1,196355184;0,408122734;-0,365879746;2,56904128;33,22311976;-2,612232952;7,190275747;-3,548179822;-0,343542651;-12,24313088;-0,321060588;0,583679693;2,809619581;-1,304619326;-6,63558727;-1,297922428;-1,205021022;5,328412212;47,34439465;-1,432444829;-5,889760848;-5,169672361;0,426439304;-9,303596408;0,005393593;0,025770561;-1,940987765;-10,22549054;1,234722606;0,461259811;0,784192722;0,785199437
49,97113996;8,28171785;0;1;0;0;0;1;3;10;2;2;0;0;path;Hechtsheim;2016;2;2;8,645925671;22,12565541;69,22841668;0,449063913;19,43248558;-1,480887416;-0,424782405;-0,498406146;-0,447886574;-2,781163794;0,008960947;-0,020420445;0,204513852;-2,878249967;-4,451286135;-0,29666713;0,141089407;2,138625895;33,22311976;-1,648326577;-4,744243945;0,118432362;-0,89700721;2,163751431;0,103049509;-0,010372608;-0,658932759;-12,92360947;9,498413182;0,005002453;0,07444876;-2,178069479;47,34439465;3,170145708;1,095391007;0,536440718;1,516370503;2,220366552;-0,01340457;-0,013460494;-0,281594681;11,61801426;2,054035481;0,417062374;-0,345159728;-0,090185104
49,99811131;8,267521881;0;0;1;0;1;0;11;15;6;4;0;1;residential;Altstadt;2016;2;0;55,80713153;24,17778969;20,01507729;0,660970902;19,43248558;0,734972538;8,17665464;7,685036502;-0,029100618;21,01325061;-0,016373577;0,127902568;0,013764653;8,640221849;3,53112621;-0,780394387;-0,479741386;-12,24267366;33,22311976;-0,416022436;1,419422186;-1,939936177;-0,140444197;-8,817435934;-0,03341797;-1,115457495;0,590523215;-0,156209055;1,48103216;0,085305222;-0,194392531;0,191702938;47,34439465;-1,891671795;-5,504881646;-3,976177429;0,014857274;-6,692891778;-4,32949E-05;0,075916287;-0,017527961;-9,420681794;-9,116510631;1,32102545;0,74475353;7,134516427
49,97878574;8,290845296;0;1;0;0;0;0;12;11;2;6;0;0;tertiary;Weisenau;2019;2;2;10,26189402;16,37985408;73,35824966;0,397292895;19,43248558;-2,290504524;-0,194603159;-0,71538028;-0,446571173;-3,67943354;-0,010262947;0,066274008;8,34584E-05;-5,631631304;1,053015998;-0,606748382;0,13848344;3,146686838;33,22311976;-1,425042298;-2,327899655;0,080235431;-0,459155631;0,601140939;-0,017484767;-1,823198348;0,150179919;-4,850217802;-6,722500293;0,163279152;0,113793599;-0,326395925;47,34439465;3,654522156;1,073188972;0,560875561;1,55619554;2,313614451;-0,003886618;0,040621387;0,155322732;13,87860981;2,549272465;0,519894824;-0,36011202;0,075735745
49,99793853;8,269788715;1;0;1;0;0;0;12;15;6;4;0;0;tertiary;Altstadt;2017;1;1;24,16255772;41,93235636;33,90507996;0,845870241;19,43248558;-1,076093788;0,963750057;1,229560419;-0,136185795;-2,550795386;-0,006066593;0,06430459;-0,415656595;3,460788638;2,338411422;-0,735454652;0,053016965;1,540492855;33,22311976;1,342378961;4,462920476;-0,43762986;-0,089190712;1,870477183;-0,031376171;-1,16588426;0,546816737;0,274435287;1,151599993;0,147592424;0,012116847;0,62497969;47,34439465;5,110793209;-3,62651275;-1,507538703;1,11548776;2,205372461;-0,001531695;0,007873055;-0,204133965;-9,36610035;-9,24547997;1,741335932;-0,363563286;0,694683608
50,01058186;8,243743354;0;0;0;1;1;0;7;7;0;7;0;1;secondary;Hartenberg-Münchfeld;2020;2;2;13,20540905;27,97148526;58,82310867;0,596835381;19,43248558;0,638160722;2,78051498;-1,050517126;0,097553849;15,73819657;-0,024897667;-0,343569582;-3,767458568;-19,58565867;2,628248969;-0,56096998;-4,016267725;1,239587688;33,22311976;0,437041631;-7,58463139;-0,759321437;-3,890536622;15,66991736;0,07921842;-0,80466091;1,007932698;-5,991956095;-3,330935971;-0,102218809;0,495042978;-0,476526361;47,34439465;-0,224193894;-2,862683989;0,202780432;-0,343003144;-3,160891893;0,067230328;-0,094956919;1,453032459;8,094121431;0,922120564;0,339097719;6,893450752;0,192610172
50,00235264;8,258846938;0;1;0;0;1;0;11;11;3;7;0;1;residential;Neustadt;2019;2;2;17,34234989;29,44668829;53,21096182;0,683945177;19,43248558;-0,653531955;-1,214045902;-1,114543007;-0,037081678;8,187334121;-0,0540067;0,1469089;1,176448397;-1,951621139;3,90133284;-0,24043048;-0,412519281;-9,824379814;33,22311976;-0,227028265;-0,926830199;0,273176554;-0,191829585;-4,138312626;-0,009939108;-0,785897436;0,089037366;1,247047821;1,786981023;0,127952979;-0,231342765;-0,789447226;47,34439465;0,703581043;1,471691997;0,802102103;0,274735004;-5,725785268;0,008750661;0,130264755;-0,399057577;-0,255837029;-1,183427258;0,452803003;1,297286493;8,289459237
49,98461314;8,301450767;1;1;0;0;0;0;11;19;5;2;2;0;secondary;Weisenau;2020;2;2;14,16786611;37,07258999;48,75954092;0,695221789;19,43248558;-0,098791448;-0,456403383;-0,517018344;-0,353218849;-2,593891436;-0,018610506;0,025922669;0,604282079;0,972250379;-6,223988251;0,653576848;0,148229255;2,593041511;33,22311976;0,321497853;-0,564454385;0,018921881;-0,100782802;0,70955985;-0,004204758;-0,339436368;0,266534599;0,81327815;2,610750286;0,197198996;0,007206329;-0,086599398;47,34439465;-0,383791727;0,300335592;0,1877691;0,497697166;0,638264024;0,003545321;0,062072111;-0,03571501;-0,524803078;1,467530124;-0,412333418;-0,13071779;-0,254706154
50,01360847;8,258527942;0;1;0;0;0;1;2;13;2;2;0;1;secondary;Neustadt;2017;2;2;7,607804984;20,96938342;71,42281532;0,417057631;19,43248558;-1,420098341;-0,397721045;-0,48516754;-0,379660906;-2,671467339;0,047669422;-0,017885983;-0,368615629;-2,688817947;-4,50096732;-0,27484538;-0,719591364;2,052488773;33,22311976;-1,745583989;-5,140274407;0,108297625;-0,941886475;2,329988285;0,094923501;-0,923352048;0,452088062;-15,08750001;10,34188485;0,018199061;-1,003758653;-0,75676215;47,34439465;3,2318501;1,072975275;0,569271744;1,155941473;2,132892003;-0,019638236;0,008627414;0,12346877;11,77977849;1,9416342;0,424597203;1,342601776;0,314420458
50,00496083;8,258644134;1;1;0;0;0;1;12;13;0;6;0;0;tertiary;Neustadt;2016;2;2;17,73542315;30,66712618;51,5974462;0,704031772;19,43248558;-0,228139013;0,019898383;-0,196032343;-0,015780899;-1,083272098;0,007679564;0,140391251;-0,094211455;-1,465150718;0,518997722;-0,203049645;0,056331819;0,845274998;33,22311976;1,135328486;-1,143602455;0,020245455;-0,115267042;0,532873349;0,025353804;-0,921865797;0,128425895;0,32853559;-2,52069879;0,062228778;0,034232961;-0,121783817;47,34439465;-3,598259761;1,727957808;1,021607747;1,828975213;4,154332587;-0,041593703;0,274083606;0,232274376;-6,148133282;5,226386562;1,468790297;-1,160319594;-0,733050308
49,99533947;8,246877157;1;0;0;0;0;0;6;9;2;6;0;0;tertiary;Oberstadt;2017;2;1;21,94869667;39,93238807;38,11891973;0,828509776;19,43248558;2,743777253;0,156818679;-0,270501297;-0,217920891;-2,512330959;-0,005637022;-0,012969175;0,129934477;0,26984121;0,558747359;-0,396555663;0,084724578;1,988282541;33,22311976;2,657336405;7,959343143;0,110181979;-0,19965104;1,602949056;-0,058892097;0,176247079;-1,691607232;-1,65110872;-2,660040749;0,064779922;0,07432595;0,32540461;47,34439465;-11,00962933;-8,573511878;0,292202797;1,692434601;2,890280726;-0,005487437;-0,066301632;-0,141599677;3,620203352;2,031559569;0,732841233;-0,492948426;-0,195518819
50,02863435;8,220141026;0;1;0;0;1;0;1;13;3;6;0;0;motorway_link;Mombach;2021;2;2;23,5520497;27,46089697;48,98705482;0,762766566;19,43248558;-0,624834154;-0,847576365;-0,627340742;-0,205582342;7,339571275;-0,039872633;-0,018674921;-0,241615481;-3,205997774;0,575389121;-0,213285176;0,083725093;2,145658214;33,22311976;-0,399678532;-0,767532508;0,140917876;-0,177800463;-2,663972795;-0,008266636;-0,616831404;0,18767522;1,821072851;-3,308632859;0,067745093;0,092040973;-0,128959606;47,34439465;0,775295009;1,285320265;0,788401211;1,39067121;-7,202949916;0,009185357;0,149681957;0,169134897;1,844115979;2,694726711;0,512510207;-0,463574758;-0,309857958
50,01002853;8,265932057;1;0;0;1;0;0;2;12;5;3;0;0;secondary;Neustadt;2022;1;1;33,29771757;44,10982132;22,59246558;0,813653467;19,43248558;0,349527081;2,449154946;-0,430310883;8,034641584;-4,496310256;-0,036042634;0,010331737;0,14039291;2,88651581;1,259669717;-0,449645101;0,307816061;3,839491017;33,22311976;1,212718765;5,310970717;0,142073246;3,046421839;3,782523528;0,038966029;-1,509481334;0,297761763;-3,502828322;1,137134234;0,080732684;0,016796032;0,832912377;47,34439465;-0,481810602;-3,221342102;0,131467281;-18,14323111;1,189034039;0,000462392;-0,020348123;-0,149181605;-2,154406562;-0,173331668;0,224970471;-0,962407852;-0,99180363
49,98427661;8,197902348;0;1;0;1;0;1;8;11;2;2;0;0;track;Gonsenheim;2019;1;1;25,36175847;44,26527619;30,37296236;0,830375189;19,43248558;-2,998589485;-0,787396072;-1,098056487;21,13750828;-5,669769012;0,040959564;0,050716268;0,500572489;-5,332473448;-6,506420334;-0,767191107;0,650286797;6,709125438;33,22311976;-0,655464638;-3,331208497;0,101911725;9,029794744;2,269519938;0,051188741;0,92963507;0,83348294;-6,219201453;6,305431737;0,20258151;0,108303552;1,416181065;47,34439465;1,616779286;0,764042054;0,335024835;-23,99458322;1,299705611;-0,014538185;-0,160751314;-0,230048976;6,085673276;0,717543112;0,241290779;-1,017770475;-2,613799081
49,99184195;8,227660574;1;1;0;0;0;0;6;9;5;3;0;1;trunk_link;Oberstadt;2017;2;2;20,87622732;33,00415576;46,11961246;0,781330118;19,43248558;0,196293421;-0,122138891;-0,225579883;-0,088485842;-1,296695611;-0,003541205;0,004454929;0,329516767;0,829287846;0,816224858;-0,189187921;-0,212330632;1,405923901;33,22311976;-0,099595876;0,152081729;-0,009044045;0,025249245;-0,142248255;0,00261466;-0,038737675;0,186991439;-0,083500362;-0,22280055;-0,015041166;0,010654228;0,014412622;47,34439465;1,552258867;-0,82998911;-0,472195519;-0,982424914;-2,03720434;0,000464589;0,044715248;0,508695306;1,942334787;0,552921389;-0,567637971;-1,519659243;0,582938712
49,99724321;8,222227534;1;1;0;0;0;0;7;6;5;3;0;1;unclassified;Gonsenheim;2021;1;2;17,07281768;35,1860553;47,74113297;0,7329546;19,43248558;0,681140923;-0,560962111;-0,731793994;-0,267528533;-4,867114742;-0,015110291;-0,001943532;-5,220808628;2,449400385;2,314293928;-0,846907876;-0,786895426;5,494561996;33,22311976;0,316925047;-0,512578496;0,030216462;-0,077101458;0,438426508;-0,087437999;0,140987526;0,170812142;0,240552841;0,838402698;0,0475508;-0,046080327;0,462259796;47,34439465;-0,158749934;0,08847435;0,046794122;0,098503646;0,223514152;0,000918794;-0,012352864;0,197936754;-0,186878581;-0,057380582;0,071098829;0,152588574;-0,067728939
49,99674715;8,24637342;0;1;0;0;0;1;9;11;2;6;0;0;trunk;Hartenberg-Münchfeld;2016;2;2;10,8126685;18,45764667;70,72968483;0,435161062;19,43248558;-2,435422534;-0,197379351;-0,838963944;-0,517758536;-3,966373438;0,009700167;-0,006228256;-0,273052685;-6,404860694;1,196032318;-0,649526506;0,144688507;5,319327871;33,22311976;-1,619967271;-2,988898643;0,382504168;-0,578444679;0,808593068;0,190930367;1,004787809;0,339658931;-2,945396241;-7,657808981;0,236880138;0,0447409;-1,983052662;47,34439465;3,395550462;1,026483285;0,53711474;1,532162653;2,222848075;-0,006995907;0,007848809;0,27842313;13,3115967;2,439394487;0,50051197;-0,349596883;-1,510051348
50,00580364;8,225743494;0;1;0;0;0;0;8;11;5;2;0;0;residential;Gonsenheim;2019;2;2;8,290557563;33,80417824;57,90526271;0,570266008;19,43248558;0,251807351;-0,510802647;-0,454182255;-0,16703645;-1,644898629;-0,006519036;0,024059695;0,73780564;1,005843797;-3,159175978;-0,113273856;0,09396203;-7,199517683;33,22311976;-0,05050411;-0,149362156;0,00477183;-0,033599547;0,151965619;-0,000366674;0,030497372;0,010492182;0,151633903;0,599405014;-0,013876743;0,0021427;-0,122140915;47,34439465;0,067839976;1,102821977;0,663892567;1,027434323;1,575198255;0,002280803;-0,036461036;-0,679424243;-3,350511605;2,465861901;0,370867798;-0,342578015;7,693645354
49,96390559;8,28142894;0;0;0;1;0;0;7;17;0;1;0;0;tertiary;Hechtsheim;2020;2;1;17,1868667;53,75705361;29,05608118;0,676859561;19,43248558;0,948482854;-0,613844793;-0,299409977;1,755012439;-1,704826137;-0,009978108;-0,172426639;-0,55853771;-7,597131055;4,81513281;-0,276124541;0,34488837;1,123143604;33,22311976;-0,560430246;9,389973741;0,147648777;1,884760331;1,620718257;-0,046202379;0,546829024;0,825778595;4,314850353;2,0125745;0,093301124;0,049517253;0,254614523;47,34439465;-1,105314806;-2,907945909;0,087594673;-11,91763354;1,059847362;0,004516399;-0,108963505;-0,112543757;9,184110312;-10,26836989;0,285028176;-2,215064273;-0,27357473
50,01375335;8,258639205;1;0;0;0;0;1;8;19;0;7;0;0;residential;Neustadt;2022;2;1;14,20324892;47,59180546;38,20494115;0,701755959;19,43248558;-0,825899485;1,379168266;-0,400179737;0,071605266;-2,812538326;0,051783621;-0,003674613;0,15562206;-0,212758534;5,612534394;-0,405913272;0,176921763;-8,015908068;33,22311976;1,282361479;6,883600265;0,11737683;-0,07919441;1,425615275;0,092156985;0,358576421;0,606986459;2,54614679;1,313355693;0,041875146;0,014121451;-0,234292688;47,34439465;-2,436354417;-15,05052952;0,749752239;0,728704042;4,418610606;-0,040430386;-0,139904642;-1,4209629;-8,664798705;-3,150660333;1,120659657;-1,07279071;15,81925157
49,97330119;8,281265198;0;1;0;0;0;0;9;13;5;2;0;0;tertiary;Hechtsheim;2018;2;2;15,65748006;36,5950495;47,74747193;0,717818683;19,43248558;0,522242637;-0,520288579;-0,510073139;-0,372348798;-2,472877169;-0,008510066;-0,006382048;-0,065136561;2,788348034;-5,512410598;-0,17632641;0,153117329;2,405639846;33,22311976;-0,194634335;-0,630846115;0,017171877;-0,130930968;0,677659387;-0,001722343;0,136203359;0,218879875;0,766279292;2,609060206;-0,062111417;0,008490849;-0,041569927;47,34439465;-0,051188684;0,163917994;0,119739289;0,265210672;0,339232161;0,000497574;0,001551264;-0,065364391;-0,825492081;0,579041751;0,076251719;-0,073404119;-0,126915877
49,98608977;8,26522183;1;1;0;0;0;0;4;12;5;3;0;0;path;Oberstadt;2020;2;2;20,55672407;33,81359279;45,62969208;0,782742262;19,43248558;0,18212292;-0,114316932;-0,178676425;-0,102642951;-1,177150616;-0,003341512;-0,021616767;-0,012459699;0,722223099;0,676335488;-0,158082441;0,040922938;1,270921387;33,22311976;0,190507126;-0,290072042;0,012899909;-0,047178969;0,264840703;-0,002223361;0,096620769;0,012776705;0,153665996;0,344239735;0,015806971;0,001510024;-0,162920537;47,34439465;3,967276634;-2,242464055;-1,134266081;-3,977314517;-5,562291487;0,003610645;0,1203529;0,293832665;4,295739352;0,980500447;-1,513713101;1,164052549;1,88998147
49,98194436;8,306379548;0;1;0;0;0;0;2;18;2;6;2;1;secondary;Weisenau;2020;2;2;10,71335152;15,51903039;73,76762033;0,392059477;19,43248558;-2,820967586;-0,183841934;-1,148899423;-0,457078425;-4,142109772;-0,014824348;-0,05391948;-1,497308344;-6,333641584;1,82522458;2,699172663;-0,805539156;4,214598743;33,22311976;-1,443293322;-2,452275352;0,191269929;-0,437509149;0,545689823;-0,009780938;-0,483545442;0,121784323;-4,860409996;-6,921325077;-0,592271013;-0,845876916;-0,516546241;47,34439465;3,780988039;1,04643605;0,795983392;1,216454905;2,134308949;-0,001418199;0,00388814;0,89556065;14,12707572;2,426830546;-1,709850829;1,264377816;0,442590496
50,02554782;8,22927737;1;1;0;0;0;1;7;16;5;3;0;0;secondary;Mombach;2020;2;2;20,42716891;34,38726962;45,18555999;0,785004021;19,43248558;0,158487324;-0,097999166;-0,14385671;-0,093240678;-1,036347164;0,003990999;-0,006826141;-0,150450277;0,654443574;0,620792468;-0,138364384;0,037842601;1,186210877;33,22311976;0,267259127;-0,416536147;0,015783811;-0,065206329;0,388885287;0,010644685;0,112308269;0,100074721;0,23015389;0,534091756;0,034723742;0,002761529;-0,050794487;47,34439465;6,882570066;-3,755958965;-1,960968615;-6,734082954;-9,292819303;0,055914551;0,197318014;-0,67357442;7,176297562;1,802798634;-2,183678727;1,971524062;4,35582543