Latitude;Longitude;IstRad;IstPKW;IstFuss;IstKrad;IstSonstig;TagKategorie;Monat;Stunde;Unfallart;Unfalltyp;Lichtverhältnisse;Straßenverhältnisse;Straßenart;Stadtteil;Jahr;Unfallklasse Wahr;Unfallklasse Bestimmt;Wahrscheinlichkeit Klasse 0;Wahrscheinlichkeit Klasse 1;Wahrscheinlichkeit Klasse 2;Unsicherheits-Score;Base-Value Klasse 0;SHAP_0_IstRad;SHAP_0_IstPKW;SHAP_0_IstFuss;SHAP_0_IstKrad;SHAP_0_IstSonstig;SHAP_0_TagKategorie;SHAP_0_Monat;SHAP_0_Stunde;SHAP_0_Unfallart;SHAP_0_Unfalltyp;SHAP_0_Lichtverhältnisse;SHAP_0_Straßenverhältnisse;SHAP_0_Straßenart;Base-Value Klasse 1;SHAP_1_IstRad;SHAP_1_IstPKW;SHAP_1_IstFuss;SHAP_1_IstKrad;SHAP_1_IstSonstig;SHAP_1_TagKategorie;SHAP_1_Monat;SHAP_1_Stunde;SHAP_1_Unfallart;SHAP_1_Unfalltyp;SHAP_1_Lichtverhältnisse;SHAP_1_Straßenverhältnisse;SHAP_1_Straßenart;Base-Value Klasse 2;SHAP_2_IstRad;SHAP_2_IstPKW;SHAP_2_IstFuss;SHAP_2_IstKrad;SHAP_2_IstSonstig;SHAP_2_TagKategorie;SHAP_2_Monat;SHAP_2_Stunde;SHAP_2_Unfallart;SHAP_2_Unfalltyp;SHAP_2_Lichtverhältnisse;SHAP_2_Straßenverhältnisse;SHAP_2_Straßenart
49,96913139;8,312937662;0;1;0;0;0;0;1;12;8;1;0;2;motorway_link;Laubenheim;2017;2;1;27,88150609;36,34666502;35,77183187;0,918071192;19,43248558;1,039042098;-0,119527206;-0,398867812;-0,135642346;-1,761853887;-0,029014095;0,11613854;-0,215247276;5,958475794;7,722022388;-0,308426807;-5,891629043;2,473550153;33,22311976;-0,52072309;-1,497137618;0,049692872;-0,160277599;0,58366789;0,066510458;-0,684787736;0,135337972;2,173450388;-0,471393644;0,18095246;3,343208091;-0,074955181;47,34439465;-0,683542444;0,434412664;0,550873539;0,784436961;1,30747552;2,82191E-05;0,056004166;-0,064819685;-14,11091493;-11,97772354;0,459811787;11,90600871;-0,234613749
49,9944886;8,276861985;0;1;1;0;0;1;9;13;5;4;0;0;tertiary;Altstadt;2017;2;1;29,91217375;39,21187818;30,87595105;0,911427699;19,43248558;1,180534494;-0,270808444;3,790335856;-0,228191107;-2,988561954;0,008388106;0,008396366;-0,755250617;3,479672866;4,203215051;-1,089103575;0,088564308;3,052496814;33,22311976;-0,848949306;-1,978152748;-0,873575307;-0,368877913;2,055351143;0,010110802;0,573267873;0,853648105;1,556175212;3,878254433;0,55463973;0,022891813;0,553974583;47,34439465;-2,047142689;0,457765619;-3,490695377;0,860079889;1,340056132;-0,010773663;0,000105431;-0,048389702;-3,795500481;-10,61327734;1,450814313;-0,265398573;-0,306087164
50,01355041;8,258634389;1;0;0;0;1;0;3;7;5;3;0;0;secondary;Neustadt;2019;2;0;47,91916311;23,66067767;28,42015624;0,777363747;19,43248558;1,531547005;5,92276753;-0,539907384;-0,177592624;18,03048737;-0,011196763;0,228919072;-2,997333201;2,803332222;1,281509351;-0,321152868;0,118233297;2,617064519;33,22311976;0,350347581;0,111135294;0,251730908;-0,127280855;-8,904306804;0,024217642;-0,275537245;-0,463631129;-1,601250401;0,998197542;0,004812246;0,01247201;0,05665112;47,34439465;-1,369361772;-8,036221412;0,410935857;1,271582936;-11,60226427;-0,001282011;0,058773995;2,512971911;-1,994037527;-0,352720034;0,582398762;-0,439350181;0,034335327
50,02600708;8,220020115;1;0;0;0;1;0;7;7;5;3;0;0;secondary;Mombach;2020;1;0;46,13391757;25,53640604;28,32967937;0,806473418;19,43248558;1,255282061;5,757897312;-0,524478027;-0,178168103;17,31144421;-0,011628063;-0,21751879;-2,961688727;2,81565873;1,153356136;-0,363656558;0,115044274;2,549887528;33,22311976;0,366228701;1,152259974;0,296040971;-0,145327056;-10,10712254;0,083134676;0,882448021;-0,491836158;-1,02212479;1,161140561;0,018158089;0,02355307;0,096732758;47,34439465;-1,344635749;-7,913276687;0,404533993;1,253064023;-11,43343811;-0,001130038;-0,122599993;2,337110338;-1,970886045;-0,37585178;0,565305521;-0,43992802;0,027017257
50,00656735;8,257511405;1;1;0;0;0;1;10;16;5;2;0;1;residential;Neustadt;2022;2;2;7,023882866;33,65930319;59,31681395;0,547103537;19,43248558;0,198944805;-0,400255135;-0,28697393;-0,132392986;-1,72427655;0,037301785;0,036886999;-0,136615654;0,349838686;-3,155300409;-0,095672754;-0,464520612;-6,635566963;33,22311976;0,070218316;-0,098320178;0,00105469;-0,019885593;0,127822203;0,003383095;-0,03634014;0,029453309;0,098986464;0,362371221;-0,009336725;-0,017312199;-0,075911036;47,34439465;-1,476435706;1,064250415;0,479686442;0,63853567;1,613458802;-0,025384807;0,024198884;0,00760577;-1,627338609;2,571311527;0,310047986;1,269044182;7,123438734
49,96386432;8,310125827;1;1;0;0;0;0;5;16;4;5;0;0;tertiary;Laubenheim;2019;1;1;25,62792599;40,00024498;34,37183499;0,874561071;19,43248558;-4,37776193;0,009575704;-0,314879897;-0,554028826;-3,621985665;-0,034994307;-0,565095603;-0,693174626;13,08845113;-0,279825448;-0,409018305;0,139461658;3,808716524;33,22311976;2,09653619;-2,817988205;0,065905925;-0,186889077;2,357107488;-0,020323508;0,700349043;0,698135152;1,587013831;1,973842761;0,294800239;0,020226358;0,008409017;47,34439465;2,509927921;-0,216965082;0,181472941;1,011874617;1,539418283;-0,00136886;-0,131136065;0,104018021;-16,00146769;-0,906169109;0,296439976;-0,284500966;-1,074103651
50,00319641;8,258064823;0;1;0;0;1;0;2;16;5;3;0;0;residential;Neustadt;2022;2;2;17,33305454;30,50220907;52,16473341;0,69537421;19,43248558;-0,327115991;-0,980412317;-0,835139769;-0,09158242;9,533142454;-0,015325577;0,002906883;-0,356207037;1,537819803;0,764033198;-0,175632339;0,080939279;-11,23685721;33,22311976;-0,144069065;-0,383904612;0,192112452;-0,211225809;-3,852676468;-0,002779944;-0,251156427;0,225222114;0,684077297;1,757322653;0,038639423;0,008398219;-0,780870528;47,34439465;0,459355428;1,681877051;0,866217898;1,058518281;-8,371944042;-0,000942068;0,047487145;0,130900304;-2,927703128;0,441986141;0,401964864;-0,442419147;11,47504003
49,98597703;8,265189481;1;1;0;0;0;0;9;17;5;3;0;0;primary;Oberstadt;2016;2;2;22,22408354;33,92361999;43,85229945;0,812484994;19,43248558;0,268107603;-0,14161291;-0,226220164;-0,165215177;-1,5830357;-0,0070562;-0,009314175;-0,261873765;1,26833664;1,03597946;-0,216982009;0,058369193;2,772115164;33,22311976;0,181499581;-0,299885662;0,012966175;-0,041807965;0,271257899;-0,00174649;0,055902703;0,072902749;0,167698896;0,388066453;0,024109007;0,002287749;-0,132750871;47,34439465;-5,894883634;3,453323736;1,760906218;6,366033958;8,614994848;0,001584256;0,100137222;0,491814939;-7,923581418;-1,564257834;2,034470435;-1,824470493;-9,108167437
50,02325545;8,218848022;1;0;0;0;1;0;7;7;4;3;0;0;residential;Mombach;2022;1;2;31,88684285;28,53170037;39,58145678;0,901877326;19,43248558;-0,670473106;4,99224949;-0,474553137;-0,202241654;17,08135144;-0,020523605;-0,145063896;-2,918037836;7,741997234;1,466737478;-0,311836116;0,118091795;-14,20334082;33,22311976;0,528923798;1,225266318;0,164475604;-0,059972022;-6,630733908;-0,019945672;0,2521455;-0,181821677;-0,344485841;0,52806006;0,006060396;0,007756479;-0,167148423;47,34439465;1,610007166;-3,795770715;0,271954584;0,692395113;-9,934312805;-0,010393837;-0,468863405;1,382260528;-9,348919033;0,575253101;0,387990647;-0,317494796;11,19295558
50,00128325;8,261161212;1;0;0;0;1;0;4;18;3;7;0;0;primary;Neustadt;2020;2;0;43,75570714;28,61248255;27,63181329;0,843433893;19,43248558;1,988855296;5,744988562;-0,490046162;-0,229007338;14,787156;-0,025707492;-0,293103481;-0,363506506;-0,620877997;1,195661253;-0,229310966;0,116009545;2,742110842;33,22311976;1,847704029;10,46307799;0,920917013;-0,290902508;-26,77246615;-0,103479222;2,164925604;0,989092901;2,966547492;4,623332471;-0,085281295;0,067797385;-1,401902917;47,34439465;-2,537157992;-8,104776686;0,379128104;1,018246798;-10,06990008;0,004739721;-0,082038923;0,178501398;0,76663486;-0,79148128;0,393966721;-0,471344003;-0,397100009
49,96843443;8,268413243;0;1;0;0;1;1;5;8;2;6;0;0;unclassified;Hechtsheim;2018;2;2;25,61516464;20,75367272;53,63116264;0,692635429;19,43248558;-0,598774769;-0,415537531;-0,385430539;-0,108930336;7,125803284;0,00648466;-0,065043877;-0,16108364;-1,094300444;0,516414215;-0,178674615;0,056281808;1,485470839;33,22311976;-0,691477879;-1,394077696;0,272055468;-0,427710992;-2,589387361;0,499558172;0,585884601;-1,68284231;-3,543441396;-5,517505879;0,131200978;0,107818818;1,780478434;47,34439465;1,623096888;0,782733268;0,345009052;0,746131409;-5,852792865;-0,003977183;-0,023827475;0,828736489;6,310602595;1,274188546;0,276707755;-0,212381289;0,192540799
49,99145673;8,261695049;1;0;0;0;0;0;11;7;0;1;0;1;tertiary;Oberstadt;2019;2;1;13,86370361;47,0300436;39,10624683;0,700001779;19,43248558;-0,960144068;-0,384440168;-0,159525927;0,094015243;-1,967737186;-0,008414522;0,202344166;-1,930738183;-5,036386032;4,518054797;-0,386990161;-0,664683374;1,115863441;33,22311976;1,323108289;7,867694035;0,122760244;-0,08146219;1,441376991;-0,045734839;-1,034336732;-0,901038705;3,592160185;1,514264021;0,076191346;-0,202259154;0,134200349;47,34439465;0,083674685;-5,175965339;0,238060146;-0,463219016;2,154699894;0,012932073;0,206463837;4,06247814;1,476006688;-15,69179545;1,003749766;3,466029606;0,388737143
50,01076998;8,266868717;1;0;0;0;0;0;6;15;0;1;0;0;residential;Neustadt;2022;2;1;13,54810148;52,62839198;33,82350504;0,6614749;19,43248558;-0,785191555;0,567785656;-0,195890881;0,007594073;-2,048501209;-0,008890554;-0,093681318;0,185830344;-2,141688605;5,302867111;-0,267741434;0,144999478;-6,551875204;33,22311976;1,563686325;8,964329387;0,111934345;-0,090450407;1,563245543;-0,044964068;0,471227927;0,621907969;4,270929156;2,006117109;0,046647782;0,034815822;-0,114154671;47,34439465;0,011328591;-6,256906446;0,214811276;0,281524102;1,733212399;-0,001302776;-0,039589486;-0,174454524;-1,910380412;-15,20018421;0,549813859;-0,805992581;8,077230602
49,98189216;8,306456218;0;1;0;0;0;0;2;17;2;6;0;0;secondary;Weisenau;2016;2;2;9,667875618;16,27779901;74,05433059;0,386508587;19,43248558;-2,215607474;-0,177626635;-0,651393518;-0,452211806;-3,588618987;-0,010461656;-0,031522597;-1,287887254;-5,510190095;1,176649221;-0,569382332;0,140775003;3,412868163;33,22311976;-1,588421182;-2,62116156;0,095804487;-0,534169856;0,661820885;-0,011781942;-0,559438216;0,396008644;-5,401447728;-7,174780095;0,189679836;0,129152131;-0,526586156;47,34439465;3,667678145;1,04622656;0,546221594;1,560385889;2,216110594;-0,003789407;0,027807793;0,594730187;14,09580323;2,472943408;0,451117696;-0,363611837;0,398312079
49,95873054;8,198541734;0;1;1;0;0;1;9;8;6;4;0;0;tertiary;Lerchenberg;2017;1;1;35,69197357;37,80274689;26,50527656;0,89596068;19,43248558;1,716493316;-0,277136271;4,310270751;-0,199302765;-3,267094295;0,010716074;0,013351966;-0,597888011;7,862694504;4,913270094;-1,417578939;0,084761844;3,106929715;33,22311976;-2,023536739;-4,583617473;-2,363720247;-0,787208553;4,79101592;0,111708799;0,678767579;-4,889072627;2,5558383;8,281949601;1,804796363;0,043286343;0,959419866;47,34439465;-2,274888632;0,306165586;-3,242910848;0,664503262;1,129597091;-0,009984665;0,004122608;1,271214979;-9,909777047;-9,98233493;1,556320638;-0,227825041;-0,123321096
49,97049451;8,313678501;0;0;0;1;0;0;4;16;9;1;0;0;motorway_link;Laubenheim;2022;2;0;45,88934481;43,06443334;11,04621962;0,664799351;19,43248558;1,217500337;1,509815258;-0,368306402;5,601988195;-2,464617869;-0,014014842;-0,090668356;-0,539377698;9,291957262;9,002946095;-0,343391309;0,288095203;3,364933355;33,22311976;-0,418231061;5,601801022;0,101580628;1,525060178;1,253158409;-0,015218869;0,461106662;0,660791411;0,267191981;-0,102673535;0,094853032;0,014109286;0,39778443;47,34439465;-0,645809142;-2,395581754;0,17112215;-12,98171446;0,735223108;0,000653317;-0,062026195;0,046839434;-12,29070225;-7,611084102;0,161679863;-1,324550724;-0,102224282
50,00631544;8,271525881;0;1;1;1;0;0;4;20;2;4;1;0;primary;Altstadt;2019;2;0;40,08037746;36,99736893;22,9222551;0,841567848;19,43248558;-1,355739823;-0,128576233;5,552924701;9,230498307;-3,404216571;-0,018525349;-0,077686091;4,56385258;-4,145066246;4,437224779;0,26562903;0,25774025;5,469832544;33,22311976;-4,836789217;-14,15834335;-8,181095829;34,70324115;9,179577252;0,07534684;4,767258923;3,03399533;-18,65701321;11,36532555;-9,574049651;0,339077499;-4,282282114;47,34439465;0,531945386;0,571663592;-2,195078287;-19,81054157;1,168807348;0,000817467;-0,064227941;-1,306816152;6,63780593;-7,619581278;0,049937636;-0,952227929;-1,434643752
50,00774451;8,260753923;0;0;0;1;0;1;7;20;0;1;1;1;residential;Neustadt;2017;2;2;10,10232195;40,70739746;49,19027686;0,643875155;19,43248558;0,97812607;-0,05236081;-0,4596411;0,713160794;-1,95966647;0,049075836;-0,13282286;0,750205082;-4,595726381;6,504688876;0,043469127;-1,758930846;-9,409740949;33,22311976;-0,28022656;3,769223488;0,073434049;0,761250792;0,568370779;0,044724173;0,18660352;0,342611617;1,667802973;0,75470267;-0,254881856;-0,144621656;-0,004716291;47,34439465;-0,080844304;-0,621008343;0,038615361;-0,193508814;0,140124685;-0,045625718;-0,014934987;-0,224284706;1,435306778;-1,338456852;0,118389079;1,412752411;1,219357614
49,98105075;8,278276761;0;1;0;0;0;0;4;11;8;1;0;1;living_street;Oberstadt;2022;2;0;39,64844644;32,48918056;27,86237895;0,897147249;19,43248558;1,464731442;-0,109243769;-0,52420973;-0,139031701;-2,116909658;-0,009838036;-0,18471851;0,489325263;9,90285618;12,3799648;-0,425888859;-0,723040638;0,211964074;33,22311976;-0,170923423;-0,559559862;0,018046793;-0,052288174;0,180476572;-0,002317413;0,127429107;-0,120247516;0,585921497;-0,653148157;0,057146833;-0,042528506;-0,101946948;47,34439465;-0,624967808;0,366600829;0,375480082;0,476149814;1,05530792;0,006480492;0,048555115;-0,425582387;-13,77232415;-13,09858855;0,3996289;2,867779632;2,843464407
49,96970807;8,219353533;0;1;0;0;0;0;3;16;2;6;0;0;motorway;Bretzenheim;2022;2;2;14,69218433;27,34970152;57,95811415;0,614706064;19,43248558;-1,322135872;-0,102024405;-0,492562537;-0,375937494;-2,873817115;-0,005600763;-0,023113978;-0,767131661;-3,573288698;0,743497742;-0,353852817;0,085117413;4,32054893;33,22311976;-0,883720496;-0,829204019;0,432600512;-0,282448096;0,487364005;-0,007053827;0,104365396;0,389996011;-2,869188692;-4,107579417;0,134271879;0,075965823;1,481212683;47,34439465;3,454665331;1,926106927;1,405248812;2,435987541;4,695784458;-0,079007881;-0,016855029;1,101596594;15,07970784;2,136813468;0,70131605;-0,545986647;-21,68165797
50,02687837;8,225241025;0;1;0;1;0;0;5;21;1;5;1;0;secondary;Mombach;2021;2;1;20,50748616;44,77623999;34,71627235;0,788805189;19,43248558;-0,141049453;0,073564775;0,180528462;-1,342800179;0,726197113;0,006193522;0,089474224;-0,526909524;2,375576449;0,509553945;-0,139304855;-0,035554797;-0,700469101;33,22311976;-1,763097609;-5,928077113;0,420724667;11,55233863;3,970833137;-0,026158689;1,011090452;1,361627026;0,601581944;4,452084082;-3,634625756;0,071071944;-0,536272482;47,34439465;-0,184137781;0,386125854;0,286047651;-15,61024039;0,959830085;0,00231153;-0,057556267;-1,028282799;4,543957689;-0,659180291;0,093861754;-0,739700133;-0,621159197
49,99220151;8,282041771;0;1;0;0;0;0;9;14;4;1;0;1;tertiary;Oberstadt;2016;2;0;54,9032867;29,22514081;15,87157249;0,656404331;19,43248558;3,598155315;0,13338194;-0,465094244;-0,266145018;-2,760947432;-0,012062172;-0,013705164;-0,391410744;20,13234866;12,85493906;-0,393048416;-0,822063588;3,87645291;33,22311976;-0,811619343;-2,309623638;0,056349216;-0,076345258;1,348813452;0,002154458;0,368289353;0,811796372;-0,719651735;-2,795641196;0,233920287;-0,154683943;0,048263025;47,34439465;-2,172303118;-0,175277186;0,274776729;0,490989092;1,183182202;0,001056226;0,018987192;0,020542848;-20,54054527;-11,2443471;0,345305503;1,811423663;-1,486612939
49,96746484;8,275400579;1;1;0;0;0;0;4;15;0;3;0;0;residential;Hechtsheim;2019;1;2;11,58317477;35,62223315;52,79459357;0,641451026;19,43248558;-0,042835596;-0,208851961;-0,286600259;-0,012705572;-1,400770037;-0,006706559;-0,047908226;0,060760299;0,138999282;0,336175285;-0,237952382;0,070841405;-6,211756497;33,22311976;0,919359755;-1,518369332;0,039318972;-0,174661181;0,930723982;-0,00850171;0,401128396;0,138769998;0,814619075;1,211397243;0,08736959;0,00726775;-0,449309148;47,34439465;-1,863114527;0,973971802;0,493512353;0,348910772;1,523142088;-0,001516811;-0,018285404;0,028844809;-4,37256702;-0,131960096;0,466168997;-0,436686194;8,43977815
49,98074141;8,238080438;1;1;0;0;0;0;11;20;9;1;2;1;tertiary;Bretzenheim;2021;2;0;40,50657153;35,28294265;24,21048582;0,855873665;19,43248558;-1,554808569;-0,0625337;-0,705697758;-0,134131154;-2,619097821;-0,013781629;0,029146776;1,627925696;8,018932223;11,64934311;1,867178136;-0,832427637;3,804038274;33,22311976;-2,086444072;3,045748112;-0,153747867;0,191111906;-1,478312749;0,010566444;1,416242951;-1,410937581;-1,749732883;2,719124939;0,993635491;0,212880739;0,34968746;47,34439465;-0,177982476;0,337613632;0,255539391;0,354717735;0,811888395;0,003198657;0,112085157;-0,888757041;-14,09898029;-10,45529644;-0,992083037;2,581745346;-0,977597871
50,0027026;8,274551477;0;1;0;0;1;0;5;16;3;2;0;0;secondary;Altstadt;2016;2;2;20,83456814;32,13366568;47,03177512;0,772412992;19,43248558;-0,474643282;-1,015568763;-0,516079963;-0,269200171;7,272694074;-0,035708619;-0,101517726;-0,340233253;-1,714755398;-3,019033969;-0,10004623;0,121444706;1,594731153;33,22311976;-0,056027135;-0,609229244;0,206007871;-0,183541884;-5,132415873;-0,009001934;0,377873797;0,410232849;1,127639593;3,059569005;-0,10427678;0,019802484;-0,196086829;47,34439465;-6,967474131;-16,48755475;-9,155369694;-16,63567503;82,58170704;-0,147229595;1,774243864;-0,654363437;-3,710690424;-38,31980104;-3,455692981;5,431351347;5,433929288
50,01727143;8,236540625;1;0;0;0;0;0;6;6;2;2;0;0;tertiary;Mombach;2019;2;1;17,24071056;42,02278256;40,73650837;0,75835376;19,43248558;3,492015718;2,102800377;-0,362416045;-0,411693094;-3,863085389;-0,010602812;0,007258608;-2,43305238;1,557288783;-4,355636478;-0,520421187;0,183945997;2,421822876;33,22311976;1,139606536;5,664371827;0,099228937;-0,161480702;1,708090513;-0,037483309;0,158392406;0,381329303;-1,724943769;1,26441684;-0,005135691;0,033681239;0,279588673;47,34439465;-11,95223443;-10,61250368;0,312059217;2,038970225;3,69757358;0,008658313;-0,17765818;3,075235917;3,808191931;3,17021557;0,873268952;-0,584412471;-0,265251229
49,98785203;8,275007594;1;1;0;0;0;1;9;18;3;5;0;0;residential;Oberstadt;2016;2;2;9,261520952;35,06220877;55,67626953;0,597200802;19,43248558;0,29733102;-0,270634387;-0,266421765;-0,093479724;-1,41544823;0,037082362;0,077355073;-0,305620427;0,056197431;-1,060067641;-0,195105995;0,054963697;-7,087116044;33,22311976;0,760432004;-1,245482977;0,039216499;-0,140021472;0,868805491;0,032391399;0,132268404;0,200533881;0,865836275;0,664044728;0,123948064;0,014461229;-0,477344515;47,34439465;-2,481850136;1,163859373;0,54002383;1,062934941;1,742624048;-0,144544373;0,265892871;0,140284853;-2,33007493;-0,715832527;0,509849417;-0,442883698;9,021591208
50,00138495;8,275604647;0;1;1;0;0;0;10;14;6;7;0;0;secondary;Altstadt;2019;2;1;30,36137521;36,26389802;33,37472677;0,948878882;19,43248558;1,358644048;-0,213684346;3,521419728;-0,196901079;-2,859759453;-0,008538053;0,082187362;-0,901239066;6,39945936;2,655602108;-0,983634676;0,07641809;1,998915607;33,22311976;-0,943385458;-2,407945409;-1,307987948;-0,368966468;2,229900449;-0,01533153;-0,574751285;0,922373207;1,356588076;3,249439718;0,623910828;0,031519084;0,245414991;47,34439465;-1,422702839;0,454606561;-3,822747103;0,817302149;1,493120178;-0,000959459;0,012420538;0,046917177;-11,20093811;-0,780407381;0,932339555;-0,28281652;-0,215802627
49,98605;8,265270589;1;1;0;0;0;0;8;11;5;3;0;0;primary;Oberstadt;2022;2;2;22,87335843;33,83367956;43,2929635;0,823001841;19,43248558;0,290290538;-0,158385408;-0,294780749;-0,170486352;-1,701759832;-0,007283426;-0,00329573;0,391285105;1,36945767;1,072223294;-0,246586095;0,059611152;2,840582677;33,22311976;0,168409311;-0,271874828;0,013925834;-0,038240336;0,246860442;-0,001580996;0,063272552;0,001288857;0,146436624;0,355875764;0,02336737;0,001981721;-0,09916252;47,34439465;-3,994984089;2,317561554;1,218521738;4,255594825;5,799408507;-0,003187288;-0,099184861;-1,520236255;-5,273713641;-1,00411761;1,579875377;-1,207573731;-6,119395677
49,97876172;8,269630968;0;1;0;0;1;0;2;15;3;6;0;1;secondary;Oberstadt;2020;1;2;23,09472263;26,72610581;50,17917156;0,745362943;19,43248558;-0,623681137;-0,822000553;-0,632275383;-0,159815815;7,170164169;-0,039557202;-0,003102163;-0,378523475;-2,994006104;0,76181821;-0,203634474;-0,383992293;1,970843265;33,22311976;-0,45818892;-0,772317861;0,133409237;-0,183449445;-2,572774389;-0,007843747;-0,245612737;0,205675152;1,734712215;-3,5821094;0,074620695;-0,573595049;-0,249539702;47,34439465;0,797051274;1,332593093;0,902058875;0,929225414;-7,394292254;0,010478611;-0,001559766;0,352811763;1,607917786;2,573489753;0,466764018;1,689520903;-0,431282563
49,99766237;8,256139543;1;0;0;0;1;0;5;6;3;2;0;0;primary;Oberstadt;2016;2;0;44,17073429;26,26143694;29,56783175;0,834936385;19,43248558;2,006826223;8,331903443;-0,515051221;-0,291631813;17,53022874;-0,027216112;-0,24087555;-2,518496395;0,207759716;-2,493731009;-0,223753604;0,172686733;2,79959955;33,22311976;0,26781291;1,243785046;0,387742865;-0,149296094;-12,1641659;-0,038104455;0,633930342;1,624162451;1,239678676;0,546191487;-0,079585115;0,034148672;-0,507983709;47,34439465;-2,65157413;-9,520503093;0,396163431;1,350744904;-11,56561834;0,017427493;-0,163845645;1,803002411;0,514568758;2,346437411;0,44557644;-0,473630633;-0,275311911
50,00579972;8,224287944;0;1;0;0;1;0;11;18;5;2;2;0;secondary;Gonsenheim;2019;2;2;27,77285576;33,04589093;39,18125629;0,901106317;19,43248558;-0,2374598;-1,004116623;-0,763165304;-0,274486485;10,62879603;-0,01084928;0,051806693;-0,473157372;2,073817775;-4,37960809;0,48955875;0,140990035;2,098243842;33,22311976;-0,007811331;0,042212364;-0,040736244;0,034286141;0,942016217;0,000178421;0,120642526;-0,014512316;-0,246159051;-0,907484873;-0,121477571;-0,003919349;0,025536232;47,34439465;-0,16095607;1,569202094;1,098817457;1,667890849;-9,938692351;0,003921742;0,167070604;0,304769577;-4,885279437;4,49861605;-1,150486447;-0,503345046;-0,834667382
50,00395273;8,268958234;0;1;1;0;0;0;12;13;6;4;0;0;tertiary;Altstadt;2019;2;1;35,13196409;39,05268013;25,8153528;0,88222944;19,43248558;1,647124441;-0,297935142;4,242291384;-0,227281646;-3,369771772;-0,009398611;0,091878766;-0,969768594;8,122337041;4,787517061;-1,436906597;0,090798735;3,028593438;33,22311976;-1,991305264;-4,263587484;-1,315284095;-0,677936464;4,21626379;-0,042380282;-4,262835462;1,46984842;2,981509054;7,338513025;1,417216015;0,054199849;0,905339274;47,34439465;-2,210043664;0,300287705;-3,150691354;0,627851604;1,073355366;-0,000802297;0,0476694;0,008765737;-9,661270297;-9,675037459;1,450461333;-0,220458742;-0,11912919
49,97352289;8,270747515;1;0;0;0;1;1;2;9;5;2;0;0;secondary;Hechtsheim;2022;2;0;52,99264789;20,4957813;26,51157379;0,700543544;19,43248558;1,684948746;7,949184838;-0,666090435;-0,281767205;20,85827283;0,018658096;0,294174473;1,019636939;3,562968617;-3,117619468;-0,18368193;0,192145989;2,229330811;33,22311976;0,124523152;-1,173926491;0,214156599;-0,114360944;-8,349538424;0,013058485;-0,692521363;-1,54835644;-1,635216341;0,45548361;-0,082579035;0,015043022;0,046895709;47,34439465;-1,217925758;-8,718678422;0,439184349;1,296560666;-11,40624425;-0,026126706;0,008657727;-0,940984205;-2,21755705;1,888896388;0,352740077;-0,4342246;0,14288092
50,01581602;8,240233268;0;1;0;0;0;1;9;15;3;6;0;0;secondary;Hartenberg-Münchfeld;2022;2;2;19,07499284;28,871575;52,0534277;0,706661588;19,43248558;-0,205529408;0,137325284;0,292706539;0,137857375;0,977508951;-0,014476582;0,015313872;0,234188383;-0,129495541;-0,517575173;0,193188008;-0,050440316;-1,428064139;33,22311976;-1,2798343;-2,04288082;0,072282699;-0,316277227;0,975893558;0,062167255;0,415452106;0,468972004;3,114554705;-5,752600273;0,191205811;0,139948641;-0,400428922;47,34439465;0,221660024;0,641283731;0,555084691;1,116888774;1,197305635;-0,050992383;0,225228849;0,194968913;-1,232015843;2,241445447;0,377792465;-0,340105635;-0,439511628
49,97166095;8,268529917;0;1;0;0;0;0;4;16;2;6;0;0;motorway;Hechtsheim;2016;2;2;14,65686262;27,52436399;57,81877637;0,616185278;19,43248558;-1,329551311;-0,101024683;-0,4962328;-0,378738741;-2,892254107;-0,006506305;-0,042959089;-0,774680453;-3,591359056;0,748646929;-0,357123748;0,085768045;4,360392353;33,22311976;-0,923193216;-0,850120211;0,442246553;-0,291733866;0,512936932;-0,007188513;0,4392078;0,366522424;-2,864550573;-4,112065665;0,137396113;0,076999245;1,37478721;47,34439465;3,40593122;1,901078817;1,386893498;2,403227546;4,633148056;-0,077829086;-0,017313882;1,108542884;14,90652679;2,116844594;0,691912287;-0,54626659;-21,43831442