Latitude;Longitude;IstRad;IstPKW;IstFuss;IstKrad;IstSonstig;TagKategorie;Monat;Stunde;Unfallart;Unfalltyp;Lichtverhältnisse;Straßenverhältnisse;Straßenart;Stadtteil;Jahr;Unfallklasse Wahr;Unfallklasse Bestimmt;Wahrscheinlichkeit Klasse 0;Wahrscheinlichkeit Klasse 1;Wahrscheinlichkeit Klasse 2;Unsicherheits-Score;Base-Value Klasse 0;SHAP_0_IstRad;SHAP_0_IstPKW;SHAP_0_IstFuss;SHAP_0_IstKrad;SHAP_0_IstSonstig;SHAP_0_TagKategorie;SHAP_0_Monat;SHAP_0_Stunde;SHAP_0_Unfallart;SHAP_0_Unfalltyp;SHAP_0_Lichtverhältnisse;SHAP_0_Straßenverhältnisse;SHAP_0_Straßenart;Base-Value Klasse 1;SHAP_1_IstRad;SHAP_1_IstPKW;SHAP_1_IstFuss;SHAP_1_IstKrad;SHAP_1_IstSonstig;SHAP_1_TagKategorie;SHAP_1_Monat;SHAP_1_Stunde;SHAP_1_Unfallart;SHAP_1_Unfalltyp;SHAP_1_Lichtverhältnisse;SHAP_1_Straßenverhältnisse;SHAP_1_Straßenart;Base-Value Klasse 2;SHAP_2_IstRad;SHAP_2_IstPKW;SHAP_2_IstFuss;SHAP_2_IstKrad;SHAP_2_IstSonstig;SHAP_2_TagKategorie;SHAP_2_Monat;SHAP_2_Stunde;SHAP_2_Unfallart;SHAP_2_Unfalltyp;SHAP_2_Lichtverhältnisse;SHAP_2_Straßenverhältnisse;SHAP_2_Straßenart
50,00359207;8,257715619;1;1;0;0;0;0;6;15;5;3;0;0;residential;Neustadt;2018;1;2;9,772970527;33,76577199;56,46125674;0,595615553;19,43248558;0,420429561;-0,369680198;-0,332690241;-0,096835338;-1,745828198;-0,005653251;0,014422558;0,089577847;0,403919276;0,391363974;-0,208071094;0,059178024;-8,279647975;33,22311976;0,179396377;-0,261293204;0,008861931;-0,044752981;0,230538186;-0,001474786;0,06699289;0,047620826;0,1236981;0,3101888;0,01997553;0,001556478;-0,138655924;47,34439465;-1,910573675;0,99769243;0,466976892;0,953729126;1,694350657;-0,001340838;-0,09876029;0,008836387;-1,332929179;0,03352224;0,405831678;-0,364795746;8,264322405
50,01082656;8,216211773;0;1;0;0;0;0;3;17;2;6;1;1;primary_link;Mombach;2017;2;2;9,669527411;15,6548366;74,67563152;0,377702976;19,43248558;-2,200649956;-0,166929218;-0,727262755;-0,365587838;-3,577343072;-0,010762958;-0,035453545;-1,390912272;-5,544355432;1,356386869;0,201325064;-0,664690689;3,363277628;33,22311976;-1,563065476;-2,6568963;0,153187817;-0,487496454;0,600703957;-0,010697441;0,109837251;0,518580526;-4,9727119;-7,195471195;-0,920997215;-0,908221987;-0,235034751;47,34439465;3,631220201;1,048833938;0,621278652;1,182328746;2,276713181;-0,001422355;-0,030788093;0,677022619;13,91616633;2,372091078;0,347092143;1,301248332;-0,010547901
50,02092554;8,220696431;0;0;0;1;0;0;11;18;0;7;2;1;tertiary;Mombach;2016;2;2;11,12807766;36,59842014;52,27349997;0,640320125;19,43248558;0,828966897;0,177689588;-0,765938288;0,438618116;-2,198563369;-0,014057713;0,219024212;-0,789424504;-8,329824526;2,019495225;1,482898017;-2,431951054;1,058659472;33,22311976;-0,136866062;1,812477411;0,047868271;0,476096025;0,394492874;-0,008119669;-0,359856592;0,094384398;0,619552057;0,50407663;-0,054477025;-0,054833017;0,040505081;47,34439465;-0,155222403;-1,308662377;0,146305471;-1,092215669;0,387574667;0,031005099;0,09886465;0,081947446;3,306614158;0,580768691;-0,568469104;3,326380369;0,094214313
49,98288424;8,169608179;0;1;0;0;0;1;11;11;2;6;0;0;secondary;Finthen;2021;2;2;10,08448601;16,11444801;73,80107045;0,390741845;19,43248558;-2,366586254;-0,20280773;-0,743789153;-0,470035346;-3,850717614;0,010249069;0,055436375;-0,005566866;-5,896651283;1,119200113;-0,632776737;0,144068711;3,491977139;33,22311976;-1,45091172;-2,444593309;0,102436271;-0,478493263;0,62885356;0,047565672;-1,359734305;0,184507933;-5,151446288;-7,013310899;0,196356521;0,118777937;-0,488679862;47,34439465;3,682098211;1,046740887;0,559042831;1,550636432;2,22577592;-0,006082934;0,069058874;0,156093806;14,08325253;2,501334809;0,509412662;-0,355773613;0,435085381
49,9882413;8,270447915;1;0;0;0;0;0;4;19;0;1;0;0;path;Oberstadt;2022;2;1;14,97591585;53,1047523;31,91932738;0,669114099;19,43248558;-1,662633681;-0,503758585;-0,241614027;0,023866144;-2,431176235;-0,0112524;-0,078827454;0,627850626;-6,958745393;5,531822665;-0,385387422;0,162574412;1,470711617;33,22311976;1,624335;9,346947423;0,119583478;-0,087237197;1,582504329;-0,037918484;0,746225875;0,846847097;4,178001989;1,834514876;0,017839453;0,032012615;-0,322023913;47,34439465;0,909561267;-4,225885309;0,177004184;0,476721752;1,682998927;-0,000247741;-0,090201979;-0,792259501;0,775026731;-14,51527871;0,560661263;-0,8230369;0,43986874
49,99725748;8,251303436;0;1;0;0;0;1;10;15;2;6;0;0;secondary;Hartenberg-Münchfeld;2016;2;2;9,73367393;16,28451347;73,98180962;0,387639223;19,43248558;-2,246442684;-0,188810136;-0,670859164;-0,455752644;-3,640327557;0,009275118;0,058767222;-1,005338881;-5,577319647;1,117401952;-0,562391275;0,139365837;3,323620207;33,22311976;-1,507506881;-2,545392187;0,09880336;-0,524695798;0,653766373;0,050113284;-0,754345938;0,399587338;-5,404856146;-7,204553176;0,19414666;0,128904659;-0,522577835;47,34439465;3,664795452;1,045442444;0,549062065;1,560278189;2,215450817;-0,005600296;0,010356861;0,515338934;14,0610073;2,498896642;0,448241063;-0,364443169;0,438588658
49,97961007;8,278464969;1;1;0;0;0;0;9;14;0;7;0;0;service;Oberstadt;2017;2;2;15,05292058;36,23103797;48,71604145;0,705246402;19,43248558;-0,493671839;-0,013388059;-0,283662071;-0,012764821;-1,483629566;-0,006212945;-0,08405358;-0,299337144;-1,967590313;1,808913322;-0,293232351;0,0783342;-1,329269837;33,22311976;1,14975608;-1,948511429;0,07211844;-0,174544606;1,075848103;-0,012385361;0,217639612;0,305213169;0,815537481;1,538001859;0,166850544;0,016383348;-0,213989027;47,34439465;-1,184877617;0,956218643;0,479042673;0,667582603;1,956521368;-0,001100099;0,054518452;-0,032812282;-3,466563153;-1,373927144;0,682529461;-0,554460524;3,18897441
49,9883499;8,172875527;0;1;0;1;0;0;6;6;5;3;0;0;residential;Finthen;2018;1;1;10,00593454;45,89755535;44,09650266;0,64974159;19,43248558;0,086221906;-0,315865523;-0,318243744;1,957456617;-1,251195218;-0,014667607;0,03132688;-1,716393891;0,327194524;-0,320433888;-0,211747227;0,087959096;-7,768162971;33,22311976;-0,385034319;-1,357303556;0,117898658;5,664486754;1,531134618;-0,015479797;0,641293153;1,877564366;1,212557441;3,598266888;0,219029783;0,01220578;-0,44218418;47,34439465;-0,071264811;0,47492465;0,252550262;-10,1613107;0,657793919;0,004382946;-0,106231987;0,834365401;-1,738947365;0,128303984;0,205954127;-0,575356771;6,846944355
50,00523431;8,273334763;0;1;0;0;0;1;11;10;9;1;0;1;primary;Altstadt;2018;2;0;48,01322818;30,59362769;21,39314711;0,765829118;19,43248558;1,501574448;-0,107891938;-0,576742644;-0,189264347;-2,132953723;0,025249391;0,047462813;0,532894879;11,95997824;13,48924744;-0,507171992;-0,922285989;5,460646021;33,22311976;-0,343317929;-1,049167903;0,036644087;-0,096311837;0,467969313;0,024223839;-0,355455307;-0,485192705;0,629365449;-1,171676841;0,130426269;-0,068931143;-0,348067363;47,34439465;-0,598560063;0,364659805;0,332429864;0,408017217;0,895838824;-0,015756842;0,002802247;-0,233315902;-16,93447021;-11,63214765;0,340315973;3,286367859;-2,167428666
49,97575014;8,280974184;0;1;0;0;0;0;6;16;5;3;0;0;tertiary;Hechtsheim;2019;2;2;21,01049274;34,07856822;44,91093755;0,792714438;19,43248558;0,201786515;-0,137810852;-0,274378527;-0,119219691;-1,218040578;-0,004163059;0,010601623;-0,255265821;1,369627459;0,625749768;-0,185478701;0,048782652;1,515816371;33,22311976;-0,118610203;-0,34970555;0,012570674;-0,068782333;0,279499362;-0,000475494;0,096019186;0,103054007;0,270582849;0,624272373;0,034439482;0,001916675;-0,029332571;47,34439465;92,35540604;-423,4931602;-354,5557543;-748,535772;-992,2720247;0,520583973;28,36091899;-83,56607169;2101,324908;-70,16176793;-241,6668705;224,3978943;464,858253
50,01727143;8,236540625;1;0;0;0;0;0;1;17;0;7;2;1;tertiary;Mombach;2018;2;1;15,48671126;46,37125731;38,14203143;0,722976637;19,43248558;-0,630189616;0,390092784;-0,587764086;0,131431121;-2,689855872;-0,012571152;0,287125634;-0,744442856;-4,591396657;2,605527316;1,693295114;-0,842270928;1,045244878;33,22311976;1,354637484;7,114683775;0,122089056;-0,080521831;1,485921597;-0,030936109;-0,966448173;0,448636478;2,527902302;1,3643249;-0,154143936;-0,12552337;0,08751537;47,34439465;-1,473899494;-7,63309662;0,79591596;-0,426712999;2,861721333;0,000801797;0,114642106;0,782625131;-2,712916244;-1,733498713;-2,846994113;2,60668708;0,462361551
50,01177481;8,227368788;1;1;0;1;0;0;9;8;0;3;0;0;secondary;Gonsenheim;2019;2;2;16,71636701;38,20565045;45,07797956;0,743738485;19,43248558;-0,132102236;-0,000658114;-0,224242575;1,823937505;-1,290884265;-0,017572963;-0,074012458;-0,033090493;-4,419531417;0,427436513;-0,252932273;0,240255738;1,237278461;33,22311976;0,6203507;-1,698497395;0,083855458;2,936122474;1,362557683;-0,016570711;-0,055382172;-1,245505484;0,962806591;1,909556521;0,166298614;0,011160497;-0,054222088;47,34439465;-0,592291254;0,394025751;0,057910228;-11,51427634;0,957665672;0,003628581;-0,03364443;1,423393219;8,071540886;0,942729574;0,318438594;-1,436602633;-0,858932938
50,00265746;8,266909837;1;1;0;0;0;0;12;12;5;3;0;0;secondary;Altstadt;2019;2;2;20,84308565;33,38469267;45,77222466;0,784105949;19,43248558;0,231879512;-0,1382852;-0,214032785;-0,122613506;-1,429624064;-0,003988815;0,037630275;-0,020027003;0,857585309;0,797692299;-0,187499197;0,048884007;1,55299923;33,22311976;0,073530434;-0,106828091;0,003017363;-0,017808176;0,104314344;-0,000608095;-0,114646986;0,006664222;0,073259997;0,142954387;0,007895469;0,000753548;-0,010925508;47,34439465;5,942641735;-3,258200421;-1,698782858;-5,70721328;-8,03691011;0,005756166;-0,408429793;0,251357265;6,542226009;1,534939021;-2,155600481;1,658800934;3,757245823
50,00605867;8,216362639;1;1;0;0;0;0;5;16;1;3;0;1;tertiary;Gonsenheim;2019;2;2;11,37557775;31,0995549;57,52486587;0,598933352;19,43248558;0,548562583;-0,22950488;-0,337993171;-0,151578866;-2,653963978;-0,009202418;-0,0556827;-0,510549712;-7,479800019;1,558013152;-0,506297705;-0,146330747;1,917420626;33,22311976;-0,622526272;1,027061933;-0,026860624;0,12272089;-0,755523185;0,00728257;-0,301684693;-0,251262252;-0,259428488;-1,144200115;-0,089792517;0,083221942;0,087425946;47,34439465;-1,198133796;0,51614429;0,294239373;0,688331699;1,585588318;-0,000302195;-0,019667837;0,185887422;7,388870367;-0,620023893;0,365313517;0,904185986;0,090037958
49,96810881;8,230082246;0;1;0;1;0;0;12;16;2;6;2;1;tertiary;Bretzenheim;2017;2;2;23,50142598;29,68042195;46,81815207;0,790769087;19,43248558;-3,168230246;-0,243750346;-1,334669277;12,81399529;-4,595795794;-0,026562915;0,100650133;-1,836136967;-5,02369022;1,252285189;3,284896125;-2,173358463;5,019307885;33,22311976;-0,29683744;-0,811031412;0,058870313;2,187543189;0,274304102;0,00672671;-0,749828828;0,213510238;-1,21865334;-2,430481962;-0,369895365;-0,29862137;-0,108302648;47,34439465;0,322466665;0,118776228;0,076829452;-3,066507241;0,202456154;0,002262724;0,023128141;0,083175892;1,093129213;0,213744099;-0,236724583;0,724983432;-0,083962761
50,0033513;8,267752521;1;1;0;0;0;1;3;14;5;3;0;1;secondary;Altstadt;2018;2;2;20,05877346;34,17719901;45,76402903;0,777026377;19,43248558;0,117514753;-0,067803073;-0,111929994;-0,047477035;-0,723950977;0,002265349;-0,000190281;-0,034462545;0,449667784;0,460594033;-0,095784945;-0,116703448;0,794548253;33,22311976;0,227659544;-0,300140433;0,013720406;-0,05309573;0,309197499;0,010343548;0,075583284;0,062489715;0,176793778;0,472009466;0,025869362;-0,033932727;-0,032418468;47,34439465;1,695174225;-0,879226894;-0,507509195;-1,067164746;-2,183078429;0,021212938;0,058702271;0,014092505;1,878553228;0,540902861;-0,600541079;-1,589205013;1,037721698
49,99789997;8,256408499;0;1;0;0;1;0;2;18;2;7;2;1;primary;Oberstadt;2016;1;2;24,50508475;24,19788837;51,29702687;0,730531464;19,43248558;-0,699919867;-0,359039362;-0,480866849;-0,102960238;6,228532453;-0,006965628;-0,0192969;-0,425904019;-1,597494962;1,099462168;0,587291959;-0,240403981;1,090164395;33,22311976;-0,457403845;-1,918729909;0,589153103;-0,344571307;-4,239910664;-0,012132739;-0,408411045;0,259154153;-4,305097233;4,346239234;-0,715649909;-0,686563943;-1,131307282;47,34439465;1,123207667;0,588570219;0,357841574;0,35239053;-3,927624537;-0,000787339;4,72082E-05;0,320613974;5,250560754;-0,230246311;-0,590196124;0,589298338;0,118956263
49,96159547;8,210114674;0;1;0;1;0;0;11;17;4;2;2;1;unclassified;Lerchenberg;2019;1;1;29,22397852;46,10614479;24,66988266;0,804390611;19,43248558;1,356154606;-0,375963972;-0,479514025;11,37909565;-2,565270046;-0,024265813;-0,068296681;-0,378183439;11,55275695;-10,98148333;0,398721634;-2,895919156;2,873660556;33,22311976;-0,32037519;-1,455272191;0,05344679;2,069985415;1,505514276;-0,209079766;-0,885443201;0,819280848;0,850152525;7,254254567;0,349791965;-0,11929219;2,970061176;47,34439465;-1,155359914;0,310402569;0,333286587;-19,14995337;1,122914179;0,039646417;0,700561995;0,221313618;-16,13447238;7,075643196;-0,828457906;5,209164295;-0,419201289
49,97366605;8,289171782;0;1;0;0;0;1;5;11;5;3;0;0;tertiary;Weisenau;2017;2;2;21,76460326;33,86203945;44,37335134;0,804041952;19,43248558;0,23686926;-0,16705167;-0,355418762;-0,132230745;-1,424009686;0,004556355;-0,029933154;0,320884502;1,618734291;0,702609722;-0,221403817;0,054884452;1,723626926;33,22311976;-0,103375236;-0,268903509;0,01296212;-0,056503458;0,228684986;0,005358999;0,090981578;-0,0013794;0,203711711;0,516640067;0,029470493;0,001486316;-0,020214982;47,34439465;-0,983872428;4,703094867;3,99604323;8,285230561;11,04016396;-0,07374636;-0,274200568;-2,535193914;-23,4939496;0,90993059;3,092535379;-2,431393079;-5,205685961
49,99503057;8,246784879;1;0;0;0;0;0;6;7;5;3;0;0;tertiary;Oberstadt;2019;2;2;19,18795854;38,07961345;42,73242652;0,78402717;19,43248558;-0,042667947;-0,551208128;0,081005925;0,056019617;0,862528707;0,002114163;0,003326051;0,751855993;-0,577697896;-0,260127039;0,123407354;-0,024693216;-0,668390632;33,22311976;0,684707498;2,79000468;0,05740774;-0,080616928;1,261012884;0,041701812;0,442511504;-0,386774887;-0,773728035;0,65322192;0,059306726;0,007829148;0,099909625;47,34439465;-2,469839768;-11,7966879;0,524439905;2,882085476;5,130865252;-0,002732232;-0,248189078;5,24239074;-3,857057716;-0,300910188;1,343735901;-0,857430591;-0,202637934
50,00060812;8,265623966;1;0;1;0;0;0;10;10;6;6;0;0;tertiary;Altstadt;2019;2;1;22,30934203;38,97763193;38,71302605;0,834624253;19,43248558;-0,841070652;0,676869305;1,018489153;-0,106205582;-2,028006921;-0,004582315;0,03723347;0,203645041;2,616371872;0,419646927;-0,484272473;0,040539045;1,328199574;33,22311976;2,087461104;4,86159949;-0,535617539;-0,093276925;1,3538446;-0,032542455;-0,438611622;-0,244263429;0,142370204;-1,995169732;0,103947538;0,045920013;0,498850917;47,34439465;2,119327325;-6,234776069;-2,234610817;1,832653222;3,514056788;-0,001770685;0,002210665;-0,580512021;-11,999616;3,164543893;1,546127438;-0,519250635;0,760248286
49,9893598;8,292735874;0;1;0;0;0;0;12;19;2;6;2;1;secondary;Oberstadt;2018;2;2;13,2301271;15,86559117;70,90427876;0,435973823;19,43248558;-6,487923742;-0,376427868;-3,049956681;-1,008425044;-9,38845684;-0,038694575;0,211100567;6,521784963;-12,75877022;4,759999275;6,505621052;-1,694521631;10,60231225;33,22311976;-1,305888345;-2,232445564;0,16811836;-0,388057583;0,499645031;-0,006811306;-1,485314913;0,385960384;-4,514423974;-6,721614551;-0,478953875;-0,76940875;-0,508333507;47,34439465;3,666020801;1,012412713;0,808253144;1,188062788;2,068408424;-0,000890302;0,018157379;-0,723158514;13,40251868;2,105159776;-1,685698839;1,167183678;0,533454372
49,98087054;8,192948251;0;1;0;0;0;1;7;13;8;1;0;0;secondary;Drais;2022;2;0;44,92723346;34,54425335;20,52851319;0,787921618;19,43248558;1,608124675;-0,136539292;-0,511236683;-0,235322807;-2,036630646;0,010193025;-0,013624399;-0,514763506;10,9392992;13,20865484;-0,426847283;0,162070249;3,441370499;33,22311976;1,25475233;4,060124888;-0,133749426;0,358449605;-1,381135831;-0,0540911;-0,622149006;-1,60186377;-4,572220713;3,941185751;-0,41492739;-0,034116443;0,520874691;47,34439465;-0,883840309;0,311117152;0,324543071;0,735893162;0,855460623;-0,009507734;-0,033823395;0,011223817;-13,65967266;-13,12495001;0,342026972;-0,753121098;-0,931231054
50,00024854;8,260583375;0;1;0;0;0;1;12;17;2;6;2;1;secondary;Neustadt;2021;2;2;10,58604717;15,34210294;74,07185435;0,387535655;19,43248558;-2,687764106;-0,183825029;-1,084267954;-0,438846973;-3,983651258;0,01834435;0,085518763;-1,6819672;-6,214032567;1,600931642;2,522196709;-0,760165214;3,961090426;33,22311976;-1,329664687;-2,300848372;0,158127351;-0,397891711;0,522312454;0,029868217;-1,572474858;0,393082247;-4,70544651;-6,842540309;-0,507032272;-0,790068666;-0,538439701;47,34439465;3,81867433;1,058818725;0,805890852;1,222110253;2,159761231;-0,01276774;0,009396656;0,910374403;14,23554376;2,441128344;-1,72952447;1,265299985;0,542753368
50,00298706;8,210998674;1;1;0;0;0;0;2;7;1;5;0;0;secondary;Gonsenheim;2022;2;2;9,309494495;30,73318303;59,95732546;0,559646295;19,43248558;0,255446975;-0,186709909;-0,273781921;-0,154247221;-2,244170221;-0,01356367;-0,362271488;-1,446040857;-6,255600611;-0,665219814;-0,422740934;0,042825368;1,603083217;33,22311976;-0,829653313;1,310703731;-0,049036411;0,171877935;-1,00141194;0,010085689;-0,101449944;-0,095932433;-0,492919102;-1,265137704;-0,168681799;-0,012668398;0,034286953;47,34439465;-1,023210536;0,575141674;0,284125779;1,104555959;1,75821169;-0,001058181;0,060776799;1,92903405;8,493885973;-0,795423477;0,537385732;-0,280720338;-0,029774321
49,97948333;8,292796714;0;1;0;0;0;0;6;8;5;2;0;0;tertiary;Weisenau;2017;2;2;14,79316801;34,92464721;50,28218627;0,691730566;19,43248558;0,505750601;-0,517483105;-0,529505617;-0,355770158;-2,406729946;-0,008577813;0,023555558;-0,629919802;2,657885532;-5,677091748;-0,210248337;0,14675592;2,36206134;33,22311976;-0,129238135;-0,392661658;0,019197289;-0,093138672;0,458055081;-0,002210957;0,074596882;-0,474910431;0,498043537;1,832048683;-0,035764584;0,004321076;-0,056810661;47,34439465;-0,192460068;0,58342175;0,412794149;0,933278083;1,214390633;0,001587243;-0,047789541;0,9986033;-2,826450483;2,214686674;0,30715109;-0,243881799;-0,417539416
50,01381087;8,258146523;0;1;0;0;0;0;10;18;5;2;2;1;residential;Neustadt;2019;2;2;6,956987828;34,47545767;58,56755972;0,552711128;19,43248558;0,235467695;-0,41412467;-0,44414085;-0,132345839;-1,560517799;-0,015376056;0,018857844;-0,329271966;0,777643683;-3,547044378;0,381096193;-0,482273276;-6,963468336;33,22311976;-0,072131389;-0,207985899;0,01081509;-0,050225618;0,225903911;-0,000359131;-0,063402133;0,046639952;0,325988556;1,167020593;0,091612106;-0,043544506;-0,177993627;47,34439465;0,078760232;1,031862693;0,763407593;0,672087695;1,420224384;0,003418834;0,012083117;0,243474822;-3,269178203;2,922047466;-1,035621162;1,181300979;7,199296613
50,00656436;8,205932219;1;1;0;0;0;0;6;8;5;2;0;0;residential;Gonsenheim;2021;2;2;7,103994489;32,57693946;60,31906009;0,539004372;19,43248558;0,175694111;-0,443052473;-0,304722203;-0,160004396;-1,729911973;-0,010085457;0,015146279;-0,222589748;0,338037735;-3,227854889;-0,121386395;0,087653447;-6,725415133;33,22311976;-0,129442953;0,198519724;-0,007707702;0,039869205;-0,241122789;0,002084039;-0,035856876;0,221525182;-0,16208125;-0,667411448;0,014387465;-0,002583126;0,123640229;47,34439465;-1,419270257;1,086737693;0,439930104;0,978319441;1,678652533;0,001951107;-0,109744566;1,491083647;-1,339108116;2,798842712;0,427901304;-0,328154708;7,267524537
50,00057163;8,271206588;0;0;1;0;1;0;7;9;0;7;0;0;tertiary;Altstadt;2018;2;0;34,7348392;32,25832582;33,006832;0,978000694;19,43248558;1,297396441;2,508722945;5,106881492;0,067367251;13,94522418;-0,014767907;-0,578520145;0,835733347;-9,432284643;2,389754108;-0,779475871;0,246361898;-0,290039479;33,22311976;-0,099181766;0,727951071;-0,541128456;-0,026720842;-1,604939556;-0,01090602;0,093167018;-0,450983653;0,554616717;0,291510038;0,017782234;0,002882514;0,081156755;47,34439465;-0,821165819;-4,005732488;-2,903787469;0,080540276;-5,924408631;-0,000579188;-0,008143682;-0,433684246;-0,430590528;-0,813715213;0,581133101;-0,32821359;0,670784827
50,01428291;8,218468883;1;1;0;0;0;0;4;16;5;3;0;0;tertiary;Mombach;2021;2;2;20,28303295;34,36689973;45,35007179;0,782360182;19,43248558;0,144919815;-0,088103909;-0,129783951;-0,080884718;-0,932968762;-0,00292162;-0,020549285;-0,135416099;0,587614184;0,573004149;-0,124693257;0,034160727;1,026170097;33,22311976;0,272564061;-0,398170328;0,012438817;-0,065623682;0,377133534;-0,003165769;0,149344095;0,097266767;0,212324032;0,493695324;0,031434688;0,001831388;-0,037292961;47,34439465;4,145016479;-2,329152219;-1,181502411;-4,141279516;-5,775100918;0,003759413;0,126302712;-0,405244252;4,450749605;1,107904301;-1,349893754;1,229398952;2,124718741
50,00640024;8,212969492;0;1;1;0;0;1;4;7;6;6;0;0;residential;Gonsenheim;2018;2;2;17,0023039;30,27907014;52,71862745;0,687313094;19,43248558;0,455368438;-0,035517967;1,526368791;-0,037668099;-1,095284366;0,014438908;-0,010189296;-1,302290519;2,51651993;0,435199941;-0,350376436;0,025568565;-4,572319576;33,22311976;-0,443724864;-0,590739575;-0,302125656;-0,109369831;0,352575251;0,011804411;0,205740772;0,121389102;0,028093937;-2,255709602;0,143161323;0,036803903;-0,141948793;47,34439465;11,34627447;-7,502528919;48,86149676;-8,392027133;-17,91376997;0,127458553;0,625031508;-26,65826171;133,8867432;-25,35377373;-12,14683563;2,854539457;-94,36011409
49,99978245;8,173856278;0;1;0;0;0;1;6;17;0;7;0;0;motorway;Finthen;2020;2;2;24,62629229;37,29195595;38,08175623;0,869215381;19,43248558;0,992580659;0,056876733;-0,704365946;-0,128039467;-2,832929772;0,011363091;-0,286311204;-1,102649379;0,337965248;2,587463231;-0,599161471;0,131517872;6,729497109;33,22311976;-0,89605078;-2,039348741;0,589445617;-0,268780134;1,342475467;0,048877032;0,902227675;0,554179615;1,14078256;2,369369582;0,285247875;0,028042082;0,012368337;47,34439465;-0,445461223;0,819033182;0,973740413;0,762818016;1,840247877;0,003982574;-0,026157307;0,315734534;-3,201365117;-0,744790114;0,41177327;-0,421732819;-9,550461706
50,02321449;8,236355734;0;1;0;1;0;1;5;8;5;2;0;0;secondary;Mombach;2020;2;1;29,08546329;45,9702462;24,94430095;0,807083503;19,43248558;0,742939097;-0,661166015;-0,797110427;12,35294618;-3,565360913;0,028067796;-0,071905088;-1,109425554;3,780525229;-5,690110411;-0,32242297;0,460879459;4,505121321;33,22311976;-0,265417176;-1,31599728;0,088143673;5,286953957;2,138068132;0,055720941;0,381154054;-1,710875516;1,441805161;6,807018923;-0,124493991;0,027781332;-0,062735777;47,34439465;-0,321737469;0,527648865;0,341577716;-20,62314885;1,042106027;-0,018329536;-0,08690214;1,109597788;-3,388891754;1,077376503;0,251211199;-0,979351897;-1,331250155
49,91388533;8,245699748;0;1;0;1;0;1;10;16;5;3;0;0;secondary;Ebersheim;2019;2;1;31,81063533;44,38810945;23,80125821;0,82025554;19,43248558;0,436094671;-0,372881067;-0,68506209;7,880829085;-3,167335164;0,023010673;0,046101902;-0,497000421;3,286410456;0,974242206;-0,440611993;0,301457229;4,592894258;33,22311976;-0,392580197;-1,612075352;0,089820304;5,871339354;1,956305072;0,020117412;-0,607702986;0,521603309;1,428627841;3,863019075;0,220644308;0,017963786;-0,212092243;47,34439465;-0,229205046;0,486540471;0,343886073;-19,57689743;1,006907253;-0,013553581;-0,006616122;-0,003985298;-3,260197856;-0,073739164;0,220086922;-0,995180814;-1,441181858
50,00171074;8,20579526;1;1;0;0;0;0;5;12;5;3;0;0;secondary;Gonsenheim;2017;2;2;20,54365277;34,34168994;45,11466026;0,786671951;19,43248558;0,172745188;-0,107850722;-0,167676418;-0,097641513;-1,101483472;-0,003142095;-0,025936064;-0,011492442;0,694048335;0,637710629;-0,148648314;0,038480717;1,232053363;33,22311976;0,274007167;-0,401624936;0,018609119;-0,064895925;0,381552899;-0,003285769;0,144440422;0,038985111;0,222939317;0,501053354;0,034410596;0,00274426;-0,030365432;47,34439465;8,424722905;-4,592783956;-2,400095744;-8,218846055;-11,40027879;0,007441272;0,252926933;0,224053432;8,831730953;2,030336199;-3,094845114;2,401946508;5,303957063
49,99786301;8,26773425;1;0;0;0;0;1;6;20;0;1;0;0;residential;Altstadt;2017;2;1;12,71585971;54,19467688;33,0894649;0,640764281;19,43248558;-0,920338349;0,214810113;-0,175862305;0,008267547;-1,852830127;0,032870657;-0,08410703;0,411406708;-2,161842106;4,851384333;-0,259127915;0,129857937;-6,911115336;33,22311976;1,780584123;9,580325336;0,129303009;-0,090151602;1,569771923;0,126469657;0,477567983;1,036070318;4,49902239;1,951904486;0,050502457;0,035567684;-0,175380649;47,34439465;0,068449244;-5,891255705;0,218317403;0,249279402;1,58532981;-0,031843171;-0,041005008;-1,879837825;-1,533016958;-14,73602835;0,538825238;-0,729085748;7,926941922
49,98945992;8,266316308;0;0;1;0;1;0;5;11;0;7;0;0;primary;Oberstadt;2016;2;0;34,38225091;33,55081677;32,06693232;0,979685109;19,43248558;1,21764978;2,287776452;4,787814993;0,02857102;12,74988647;-0,020474614;-0,63479348;0,721015266;-8,770693068;2,356659351;-0,735164034;0,224893447;0,736623733;33,22311976;0,076074691;-0,586677184;0,385105523;0,017760128;1,212677258;0,004569821;-0,093355812;0,009237318;-0,458786134;-0,225101727;-0,00694663;-0,002754292;-0,004105947;47,34439465;-0,893825797;-4,272809571;-3,095467712;0,121050115;-6,042072658;-0,000538423;0,005108522;-0,474832573;-0,16296366;-0,866871349;0,617614417;-0,340927345;0,129073702