Latitude;Longitude;IstRad;IstPKW;IstFuss;IstKrad;IstSonstig;TagKategorie;Monat;Stunde;Unfallart;Unfalltyp;Lichtverhältnisse;Straßenverhältnisse;Straßenart;Stadtteil;Jahr;Unfallklasse Wahr;Unfallklasse Bestimmt;Wahrscheinlichkeit Klasse 0;Wahrscheinlichkeit Klasse 1;Wahrscheinlichkeit Klasse 2;Unsicherheits-Score;Base-Value Klasse 0;SHAP_0_IstRad;SHAP_0_IstPKW;SHAP_0_IstFuss;SHAP_0_IstKrad;SHAP_0_IstSonstig;SHAP_0_TagKategorie;SHAP_0_Monat;SHAP_0_Stunde;SHAP_0_Unfallart;SHAP_0_Unfalltyp;SHAP_0_Lichtverhältnisse;SHAP_0_Straßenverhältnisse;SHAP_0_Straßenart;Base-Value Klasse 1;SHAP_1_IstRad;SHAP_1_IstPKW;SHAP_1_IstFuss;SHAP_1_IstKrad;SHAP_1_IstSonstig;SHAP_1_TagKategorie;SHAP_1_Monat;SHAP_1_Stunde;SHAP_1_Unfallart;SHAP_1_Unfalltyp;SHAP_1_Lichtverhältnisse;SHAP_1_Straßenverhältnisse;SHAP_1_Straßenart;Base-Value Klasse 2;SHAP_2_IstRad;SHAP_2_IstPKW;SHAP_2_IstFuss;SHAP_2_IstKrad;SHAP_2_IstSonstig;SHAP_2_TagKategorie;SHAP_2_Monat;SHAP_2_Stunde;SHAP_2_Unfallart;SHAP_2_Unfalltyp;SHAP_2_Lichtverhältnisse;SHAP_2_Straßenverhältnisse;SHAP_2_Straßenart
49,97575014;8,280974184;0;1;0;0;0;0;12;16;4;2;2;1;tertiary;Hechtsheim;2020;2;2;13,77674192;39,70385492;46,51940465;0,700771921;19,43248558;1,165893513;-0,326349973;-0,365279418;-0,368877424;-1,857242617;-0,014082926;-0,002748244;-0,238321374;5,222017753;-9,838337578;0,374556042;-1,130973405;1,724001989;33,22311976;-0,392125826;-1,069699594;0,027582363;-0,128165302;1,020384805;-0,00476399;-0,832251848;0,300987841;1,644597124;5,824547617;0,283470437;-0,158242205;-0,035586265;47,34439465;-2,861509004;0,946266769;1,280260992;2,517069773;4,24973088;0,045734333;1,142310864;0,758866763;-40,62683644;31,22415424;-2,186535743;5,394054902;-2,708558329
49,97267367;8,276109155;1;1;0;0;0;0;11;15;5;3;0;0;residential;Hechtsheim;2016;2;2;9,857649356;33,06076229;57,08159208;0,591008223;19,43248558;0,432247708;-0,368780945;-0,330359151;-0,094056017;-1,767615338;-0,005603692;0,045560393;0,092039245;0,381389263;0,389621088;-0,196401732;0,059616073;-8,212493124;33,22311976;-0,088855595;0,123938257;-0,003777539;0,022733521;-0,11842471;0,000738764;0,095798168;-0,023051782;-0,072357914;-0,161160843;-0,010543409;-0,000831596;0,073437202;47,34439465;-2,019703141;1,056817001;0,502555895;0,992571033;1,791509767;-0,001538655;0,143774478;-0,012752444;-1,578159667;-0,007625713;0,42226962;-0,378457399;8,825936656
49,96294736;8,266194283;0;0;0;1;0;0;12;16;0;1;1;0;unclassified;Hechtsheim;2021;2;1;16,79305136;54,72800136;28,47894728;0,663500859;19,43248558;1,803158888;-1,027506028;-0,648690845;2,82288259;-3,364873084;-0,019250286;0,497718441;-1,106069562;-13,94063168;9,356809468;0,067652587;0,670823033;2,248542255;33,22311976;-0,598898508;9,373432349;0,158342901;1,730915678;1,576021425;-0,313732966;-1,633413072;1,563051412;3,97173735;2,18776143;-0,792806567;0,037300084;4,245170077;47,34439465;-1,143597774;-3,407596405;0,120130236;-12,33002443;1,203872564;0,005678852;0,668645738;-0,1228914;9,825004016;-11,57692192;0,290723716;-2,503806212;0,10533564
50,01236027;8,26090757;0;1;0;0;0;1;12;17;2;6;2;1;secondary;Neustadt;2016;2;2;10,58604717;15,34210294;74,07185435;0,387535655;19,43248558;-2,687764106;-0,183825029;-1,084267954;-0,438846973;-3,983651258;0,01834435;0,085518763;-1,6819672;-6,214032567;1,600931642;2,522196709;-0,760165214;3,961090426;33,22311976;-1,329664687;-2,300848372;0,158127351;-0,397891711;0,522312454;0,029868217;-1,572474858;0,393082247;-4,70544651;-6,842540309;-0,507032272;-0,790068666;-0,538439701;47,34439465;3,81867433;1,058818725;0,805890852;1,222110253;2,159761231;-0,01276774;0,009396656;0,910374403;14,23554376;2,441128344;-1,72952447;1,265299985;0,542753368
49,99948157;8,258000674;1;0;1;0;0;1;11;17;6;7;0;0;primary;Hartenberg-Münchfeld;2022;2;1;23,30033481;40,77236354;35,92729867;0,843765135;19,43248558;-1,012669971;0,80733831;0,984848096;-0,151177235;-2,232676008;0,014392647;0,052119322;-0,669463432;3,150301387;1,274594887;-0,545620255;0,048213192;2,147648287;33,22311976;1,095448727;4,400794782;-0,762637942;-0,070474031;1,660956109;0,081803408;-0,711691083;0,504836409;0,187511799;0,934840612;0,118494306;0,012054449;0,097306237;47,34439465;2,328069714;-4,845030072;-1,64443028;1,215274419;2,822808603;-0,016716063;0,119318242;0,185843986;-10,53465836;-0,897550502;1,205309342;-0,43033376;-0,925001261
49,98269381;8,294224229;0;1;0;0;0;0;4;15;1;7;0;0;tertiary;Weisenau;2019;2;2;12,49534413;30,640921;56,86373115;0,613641908;19,43248558;0,436778381;-0,257068813;-0,522622568;-0,197828974;-2,50760793;-0,008198349;-0,180840476;-0,548370279;-7,146005981;2,895768184;-0,452845697;0,042364239;1,509336812;33,22311976;0,762088321;2,251044915;-0,07906316;0,305041778;-1,25899635;0,011584339;-0,615745847;-0,651846236;-0,620704396;-2,560965465;-0,279537729;-0,021186628;0,176087693;47,34439465;-0,164316024;0,568941389;0,490702625;0,953762411;1,682835943;-0,000726924;-0,029458511;0,15396869;6,499779277;-0,840717244;0,388955616;-0,291061783;0,106671026
50,0074196;8,215690604;0;1;0;0;0;0;2;19;2;2;2;0;tertiary;Gonsenheim;2022;2;2;9,962441027;22,95536101;67,08219647;0,481412493;19,43248558;-1,753034546;-0,465707957;-0,787491786;-0,511954375;-2,955527417;-0,022047719;-0,055728047;1,505226522;-2,302591247;-6,203841638;1,268666848;0,166783619;2,647203187;33,22311976;-1,906575818;-5,57060373;0,189631258;-0,926447319;2,305760715;-0,023635766;-0,911497665;0,886796194;-16,13789553;12,29386479;-0,02446923;0,084073392;-0,526760046;47,34439465;3,091570464;1,019456552;0,627534965;1,436187542;2,01872495;0,005649658;0,061696526;-0,374674532;10,57707742;2,937591851;-1,218676794;-0,31626286;-0,128073928
50,00668198;8,255026307;1;0;1;0;0;0;12;13;6;6;0;1;residential;Neustadt;2017;2;2;12,70408332;40,55537581;46,74054086;0,685959302;19,43248558;-0,966968704;0,393283217;1,49777426;-0,051477034;-2,683390217;-0,011385541;0,082187363;0,369172184;3,347231796;-0,467141529;-0,452642425;-0,263467638;-7,521577992;33,22311976;3,247278249;7,039181082;-0,571364198;-0,123923286;1,901650443;-0,045110045;-1,398244314;0,378090567;0,32264452;-3,238578751;0,101078176;-0,442922469;0,162476079;47,34439465;3,002427066;-14,88899729;-6,593849799;1,25836772;7,016664573;-0,001553946;-0,741933707;0,349884179;-27,34918834;7,734238051;3,060320269;2,92877552;23,62099192
49,97648894;8,289025097;0;1;0;0;0;1;12;18;5;2;2;1;tertiary;Weisenau;2021;2;2;14,31793272;37,19544411;48,48662615;0,698472976;19,43248558;0,479938738;-0,467718363;-0,637970983;-0,286026146;-2,272842383;0,033905474;0,033590668;-0,505119379;2,356655187;-6,076153971;0,647700831;-0,748775591;2,32826306;33,22311976;-0,189055445;-0,541005581;0,020391392;-0,126504908;0,651005821;0,006023536;-0,556135183;0,074985845;1,00259933;3,512865996;0,347674869;-0,122525757;-0,107995569;47,34439465;-0,090107518;0,314514787;0,297857156;0,363530308;0,622969557;-0,01006896;0,024427486;0,109914583;-1,635090061;1,332136051;-0,42318873;0,484670788;-0,249333955
50,00499341;8,273221937;0;0;0;1;0;0;8;7;9;1;0;1;primary;Altstadt;2021;2;0;43,0411309;39,50130641;17,4575597;0,75989833;19,43248558;1,160850642;1,372552062;-0,376896477;4,879798611;-2,34450531;-0,017976004;0,037003936;-2,886131338;9,447333634;9,164552449;-0,475278397;-1,387835068;5,035176576;33,22311976;-0,316915865;4,736922625;0,110406649;1,314868756;1,068385991;-0,027300253;0,149722889;-0,490043045;0,19512734;-0,332789435;0,110984338;-0,118944715;-0,122238622;47,34439465;-0,614700266;-2,809201853;0,230073439;-11,26060162;0,887203124;0,029428074;-0,044694949;1,302763653;-14,9362811;-8,1571402;0,390308276;7,480753084;-2,384744619
49,97635098;8,27218214;0;1;0;1;0;0;2;17;5;3;1;0;tertiary;Oberstadt;2019;2;1;31,91399276;43,94110441;24,14489686;0,827242931;19,43248558;0,46839163;-0,379615426;-0,742081524;7,898906611;-3,200013454;-0,016997306;-0,05100325;-0,635113499;3,257963583;1,05748888;0,03677668;0,307451033;4,479353222;33,22311976;-0,550677668;-1,774539886;0,148183656;6,359528583;2,010980682;-0,002152799;-0,308444356;0,64603677;1,51846274;4,172383692;-1,343890232;0,015081439;-0,172967972;47,34439465;-0,233032498;0,484038479;0,339193571;-19,34595555;1,002244462;0,001072918;-0,018650926;0,015650469;-3,222636693;-0,039629232;0,168555587;-1,015719458;-1,334628916
49,91189868;8,240890167;0;1;0;0;0;1;12;10;5;7;0;1;tertiary;Ebersheim;2020;1;2;22,36439437;32,38601387;45,24959624;0,801299588;19,43248558;0,421820633;-0,174935564;-0,45415346;-0,110303553;-1,687318611;0,006954519;0,09245347;0,294999168;1,892607464;1,69233;-0,275923693;-0,317478007;1,550856417;33,22311976;2,729677965;6,506068372;-0,309306132;1,234104209;-5,025028099;-0,217326814;6,539825964;2,270733391;-4,711802012;-10,68154469;-0,863509523;0,964505358;0,726496118;47,34439465;-1,095944847;2,609827222;2,370920953;2,367082869;6,039902693;-0,066101631;0,142871041;-1,448958266;-13,69566618;-3,200629709;1,765058391;4,380414246;-2,263575196
50,00738206;8,261553854;0;1;0;0;0;1;4;16;1;6;0;0;residential;Neustadt;2016;2;2;5,295679346;22,56138176;72,14294076;0,398959576;19,43248558;0,116851712;-0,132954401;-0,359220481;-0,079338785;-1,499029634;0,038118767;-0,040707443;-0,38211539;-4,853418915;-0,130247518;-0,279549274;0,020659332;-6,555854207;33,22311976;-2,02493483;-2,79686499;0,117191799;-0,474382399;1,202074001;0,0530832;0,93911726;0,613826291;1,244954139;-8,704310916;0,26832529;0,157902327;-1,257719175;47,34439465;0,259928737;1,043865512;0,697350962;1,131858252;2,163412413;-0,011417982;0,017422999;0,377719344;7,80654923;3,553683706;0,478874616;-0,33212133;7,611419648
49,99843697;8,238035108;0;1;0;0;1;0;12;9;5;3;0;0;secondary;Hartenberg-Münchfeld;2022;1;2;35,5093509;28,47732902;36,01332307;0,927029278;19,43248558;-0,302644501;-0,836594178;-0,804818579;-0,178170063;11,35128191;-0,009592266;0,105590845;0,573244695;2,160521773;1,534151891;-0,256851765;0,099634391;2,641111161;33,22311976;-0,110917374;-0,443249288;0,261241753;-0,217240509;-4,537269643;-0,019052198;-1,250528454;-1,635445664;0,992275714;2,175944885;0,052350275;0,009784865;-0,023685108;47,34439465;-0,010045978;1,340020469;0,885479006;1,485340466;-9,703467527;-0,001054017;0,10599205;-0,553509642;-3,94072911;-0,028732612;0,527272913;-0,492943798;-0,944693806
49,96455247;8,241474902;0;1;0;0;1;1;11;13;5;2;0;0;construction;Bretzenheim;2020;2;2;28,93730104;31,80516362;39,25753832;0,907731419;19,43248558;-0,261941307;-1,089957246;-0,683881345;-0,289897939;11,55289279;0,01380512;0,067352094;-0,094206407;2,430540298;-4,290236058;-0,134190155;0,143058169;2,141477448;33,22311976;0,022709311;-0,159354869;0,225395604;-0,20555873;-5,710675232;0,019288926;-0,591336462;0,194962341;1,093357039;4,363904794;-0,156973579;0,019466024;-0,533141306;47,34439465;-0,147984531;1,449121243;0,829575609;1,510203374;-9,501256604;-0,025908051;0,151504653;-0,393432744;-4,477395268;3,224254998;0,400988882;-0,461636372;-0,644891525
49,99704799;8,24800697;0;0;1;0;1;0;9;11;0;7;0;0;trunk;Hartenberg-Münchfeld;2017;2;0;38,97294104;28,90360057;32,12346137;0,910928542;19,43248558;1,376944993;2,343736222;5,960811177;0,077946991;14,46208805;-0,005471671;-0,059620954;0,573984901;-9,509529317;2,694526054;-0,792044345;0,225716792;2,191366566;33,22311976;-0,223065806;2,236834345;-2,173186739;-0,064644191;-4,097087767;-0,018186247;0,183326713;-0,071709646;1,193276454;0,784283888;0,021072574;0,007132161;-2,097564929;47,34439465;-0,860310224;-4,062845244;-2,94505054;0,097790574;-6,070548499;-0,000304299;0,002627322;-0,373530783;-0,053997504;-0,872562188;0,589917289;-0,335420387;-0,336698806
50,0042856;8,27379836;0;1;0;0;1;1;8;20;2;6;0;0;primary;Altstadt;2018;2;2;28,08907628;21,03271186;50,87821484;0,729824949;19,43248558;-0,892035215;-0,458807988;-0,593175224;-0,177047678;8,50698371;0,011283519;0,028963776;1,662328601;-1,791095675;0,62332587;-0,208936422;0,068676186;1,876127237;33,22311976;-0,89607071;-1,297235658;0,225917798;-0,35235383;-2,170070896;0,033085718;0,406945526;0,444440718;-3,052572962;-4,948890029;0,109864286;0,108024555;-0,801492414;47,34439465;1,251264366;0,599385472;0,291192047;0,61991415;-4,257464354;-0,00753382;-0,016019819;-1,142210499;5,158995692;0,872458013;0,171707396;-0,170484948;0,162616486
50,00019569;8,229863361;1;0;0;0;0;1;10;1;0;1;2;1;secondary;Gonsenheim;2019;2;1;17,88832992;51,19402409;30,91764152;0,709297066;19,43248558;-4,435540921;-2,210725538;-1,342378959;0,363321706;-5,803763072;0,051264072;0,653538928;9,529896084;-19,33094998;14,4430809;4,222499922;-1,987814649;4,303415854;33,22311976;1,856474081;9,974558494;0,185475133;-0,069973029;1,477027007;0,121947847;-0,803730849;-0,142082735;4,375989912;1,351858272;-0,155363042;-0,214614981;0,013338214;47,34439465;-0,025564736;-3,276143612;0,374181895;-0,318283098;1,291608527;-0,069376611;0,018456336;-4,275434179;1,613316699;-11,75312737;-2,404243517;2,479593276;-0,08173674
49,96629705;8,25019957;0;1;0;0;0;0;6;0;2;6;2;0;motorway;Bretzenheim;2019;1;2;27,11055875;29,51172888;43,37771535;0,847906019;19,43248558;-2,130271851;-0,129690971;-1,39550154;-0,668180527;-4,668918516;-0,014622665;0,02378166;7,759194917;-4,308873208;1,767026218;2,662326314;0,126695829;8,655107504;33,22311976;-0,505730606;-0,492379416;0,279110617;-0,106620242;0,232224904;-0,002665947;0,151962194;-0,171750855;-1,452821963;-2,135702852;-0,235296245;0,039682153;0,688597378;47,34439465;1,37277356;0,714674778;0,701457911;0,922784962;1,745335198;-0,008151596;-0,003703503;-3,853345861;4,922131535;0,634971875;-1,266474288;-0,212013721;-9,637120156
49,99971178;8,258908533;0;1;1;0;0;1;7;1;6;4;2;1;primary;Neustadt;2017;2;0;63,922894;25,02435744;11,05274335;0,525471024;19,43248558;2,345180592;-0,130835982;8,404389266;-0,108719232;-2,786004635;0,035262543;-0,003224141;8,45621122;9,733554087;6,793812208;5,793314313;-0,290718752;6,24818693;33,22311976;-1,365026935;-3,004560326;-2,594730186;-0,330768961;2,21075785;0,046986626;0,473231861;-2,599139316;-0,247167981;3,225227706;-2,986217724;-0,383259389;-0,644095548;47,34439465;-2,792221313;0,188353716;-4,24723991;0,150610324;0,816753024;-0,021754003;-0,007156556;-2,892160607;-9,514534457;-12,07679739;-5,186337151;0,526119528;-1,235286519
50,00361619;8,262506967;0;1;0;0;0;0;11;19;1;6;2;0;primary;Neustadt;2018;2;2;13,82319182;22,77322114;63,40358853;0,542334974;19,43248558;0,546376292;-0,2301365;-0,88742824;-0,228433466;-2,831637838;-0,018653116;0,141600401;1,260376411;-9,62324332;0,444068188;2,581138514;0,038883634;3,197795278;33,22311976;-1,278373812;-1,874905463;0,17206472;-0,2559957;0,718788105;-0,009965874;-1,094153901;0,375850709;0,552220327;-6,429230758;-0,644426151;0,111346002;-0,793116831;47,34439465;-0,057429577;0,728844501;0,881480077;1,41064573;2,223499378;0,000554611;0,100093801;-0,383693244;10,53966007;3,309084174;-1,705789005;-0,322017044;-0,665739591
49,99976758;8,259112993;0;1;0;0;0;0;10;3;2;6;2;1;primary;Neustadt;2016;2;2;18,82959306;18,01973283;63,1506741;0,552684901;19,43248558;0,36134779;0,015973894;0,18789605;0,061770204;0,484657177;0,002283974;-0,012555341;-1,261541981;0,703231265;-0,252121885;-0,391006688;0,086688843;-0,589515823;33,22311976;-1,133859393;-1,824299601;0,190822703;-0,321317812;0,41928114;-0,016038831;-0,39712997;-1,503605006;-3,507409993;-5,321283498;-0,521721638;-0,647325333;-0,619499696;47,34439465;3,685085659;0,965810169;0,855353345;1,145699315;1,962555209;0,003856877;0,003683778;-6,386504328;13,03972188;1,941725143;-2,132041433;1,198743319;-0,477409481
50,02111582;8,242648336;1;1;0;0;0;0;8;17;5;2;0;0;secondary;Mombach;2022;2;2;14,2961368;36,14058197;49,56327975;0,691688471;19,43248558;0,125554688;-0,446397867;-0,314063671;-0,345001747;-2,526631579;-0,00823066;0,001650392;-0,329781137;1,462855611;-5,100852894;-0,164156787;0,149443027;2,359263837;33,22311976;0,333647634;-0,606779144;0,010976772;-0,096802801;0,705436836;-0,004449275;0,121236565;0,176047825;0,534562323;1,862934013;-0,048252884;0,008316752;-0,079412411;47,34439465;-0,628435894;0,48770613;0,211893055;0,782442708;1,031615585;0,001248011;-0,023528667;-0,016296752;-0,940103532;1,74489642;0,186258794;-0,217675598;-0,401135165
49,97493921;8,313183648;0;1;0;1;0;0;8;17;2;6;0;0;secondary_link;Weisenau;2019;2;1;25,21467209;37,96258569;36,82273924;0,87782067;19,43248558;-4,254366523;-0,376290905;-1,344964664;20,70800318;-7,054498008;-0,033846385;0,049482048;-2,31580259;-7,998332248;1,173984255;-1,220120119;0,629863881;7,819074585;33,22311976;1,861977972;5,591072248;-0,247107534;-18,21486115;-2,245901991;0,01937491;-1,760476193;-1,392892686;7,004845915;14,15283345;-0,80427961;-0,319444881;1,094325475;47,34439465;1,678734123;0,643273796;0,284744398;-20,40687523;1,14554812;-0,00155409;-0,052473707;0,232925146;6,089983307;1,260231427;0,221155698;-0,89826674;-0,719081659
49,98152706;8,240917067;1;1;0;0;0;1;8;15;5;3;0;0;tertiary;Bretzenheim;2017;1;2;20,38760483;34,32556987;45,28681934;0,783853436;19,43248558;0,160249871;-0,097402994;-0,152021147;-0,087694706;-0,999405926;0,003657624;-0,000976554;-0,068315312;0,625216971;0,593563396;-0,130689863;0,03577474;1,073163149;33,22311976;0,2554637;-0,395317078;0,012835534;-0,062129942;0,368264575;0,010570975;0,103734441;0,095683622;0,211499243;0,5039303;0,032338084;0,001812407;-0,036235756;47,34439465;4,769690457;-2,685495654;-1,363839009;-4,778129682;-6,668181571;0,039862735;0,113725914;-0,137040428;5,175330236;1,145661743;-1,543693916;1,421576468;2,452957391
50,02687095;8,220300241;0;1;0;0;0;0;4;16;2;6;0;0;secondary;Mombach;2016;2;2;9,619957209;16,78293347;73,59711528;0,392865903;19,43248558;-2,231670143;-0,177336259;-0,663140126;-0,455710982;-3,616702667;-0,010551423;-0,063308345;-1,231943648;-5,542417976;1,185153048;-0,571991016;0,141861668;3,425229494;33,22311976;-1,751246699;-2,896869826;0,109781663;-0,593188062;0,762434961;-0,012438007;0,87085921;0,482475706;-5,692673977;-7,533785372;0,211639843;0,139178457;-0,536354185;47,34439465;3,604056328;1,021373834;0,539522252;1,535806863;2,178175659;-0,003630528;-0,012259673;0,598993132;13,8742067;2,443089233;0,443237734;-0,362355966;0,392505058
50,00546627;8,220840819;0;0;0;1;0;0;11;8;0;1;0;1;secondary;Gonsenheim;2017;2;2;12,11735904;37,14517355;50,73746443;0,660687872;19,43248558;1,339951413;-0,847440598;-0,503466613;0,550194543;-2,431014607;-0,01472991;0,239544166;-0,168575684;-11,56453389;7,312559534;-0,438756376;-2,63030334;1,84144482;33,22311976;-0,148767155;2,329273063;0,05277785;0,542969315;0,426396629;-0,014331756;-0,329701909;-0,473665363;1,018310156;0,49522575;0,035186383;-0,090948319;0,079329145;47,34439465;-0,219690111;-0,80256257;0,070360535;-0,866453865;0,277610964;0,031305062;0,062331463;0,461012303;3,611111286;-2,318794176;0,142805377;2,976515574;-0,032482071
50,01935454;8,220797461;1;1;0;0;0;0;5;15;2;6;0;0;tertiary;Mombach;2020;2;2;24,09904748;26,78482533;49,1161257;0,762118246;19,43248558;3,748530996;0,088284589;-0,317784206;-0,232527633;-1,897917897;-0,005927725;-0,0628759;-0,524370001;1,113889625;0,964263729;-0,390384741;0,086968618;2,096412444;33,22311976;2,099942776;-2,270244295;0,060890852;-0,301807262;0,873869735;-0,012458;0,759727476;0,373551507;-3,84803275;-4,220162172;0,156758819;0,079473407;-0,189804528;47,34439465;-5,809237728;0,673701907;0,210644171;0,903902642;1,237553774;-0,002758706;-0,01807857;0,295687912;3,480106758;1,073379609;0,330171483;-0,251477778;-0,351864425
49,99115787;8,217679927;0;1;0;0;0;0;11;6;1;6;1;0;primary;Gonsenheim;2018;2;2;11,54980361;21,81617916;66,63401127;0,492638863;19,43248558;0,309728908;-0,255658784;-0,54035772;-0,200835523;-2,526720316;-0,015128882;0,042578116;-1,170813104;-7,665825689;0,41940431;1,185778067;0,043620348;2,491548299;33,22311976;-1,280817416;-1,854886115;0,170059078;-0,285746771;0,721336099;-0,015231325;-1,119950057;0,594107772;0,586548638;-6,947016156;-1,285203423;0,110867031;-0,801007959;47,34439465;-0,081313874;0,751153422;0,638862429;1,429505988;2,308927355;0,007802555;0,18604502;1,415759771;10,03031474;3,260007251;0,315459476;-0,339905827;-0,633001695
49,98758332;8,229543101;0;1;0;0;1;0;12;10;5;3;0;1;secondary;Bretzenheim;2017;1;2;34,60302651;28,7489295;36,64804399;0,928989945;19,43248558;-0,290845663;-0,801380147;-0,793553341;-0,11986754;10,97056703;-0,00965196;0,100618372;0,517413032;2,151338918;1,587715033;-0,253616397;-0,432422584;2,544226173;33,22311976;-0,131379241;-0,521804113;0,283289187;-0,248584305;-5,245276327;-0,007408633;-1,507004309;-0,672343321;1,021330272;2,737900452;0,060626511;-0,186675001;-0,056861433;47,34439465;0,055361819;1,434632645;1,020698971;1,012599167;-10,4148033;-0,000101869;0,053957091;-0,577800041;-4,454211353;-0,21880401;0,576515606;1,843882311;-1,028277703
49,95840958;8,257121031;0;1;0;0;1;0;10;19;6;2;2;0;unclassified;Hechtsheim;2022;1;1;33,20959508;34,55845118;32,23195374;0,979766629;19,43248558;0,130749534;-1,0886588;-0,924458842;-0,262434713;11,37078281;-0,023034758;0,067816581;0,696446234;5,840669486;-5,379070411;0,957110663;0,14787752;2,243314201;33,22311976;-0,021669613;-0,266757266;0,11554104;-0,080674052;-2,475910314;-0,056668358;-0,140622536;0,492612251;0,142749956;2,333080966;0,219391691;-0,004888187;1,079145835;47,34439465;-0,723466327;1,107505609;0,9437693;1,171741889;-7,300559018;0,011162369;0,065004926;-0,268933084;-12,26056869;4,413433406;-1,653605821;-0,389377324;-0,228548147
50,00675662;8,257668613;1;1;0;0;0;0;7;12;1;5;0;0;residential;Neustadt;2018;2;2;5,835345015;30,32848835;63,83616328;0,495679999;19,43248558;0,257819577;-0,295658723;-0,287569579;-0,074581278;-1,618589345;-0,017466215;0,042051743;0,400521307;-4,606687626;-0,668600464;-0,265689843;0,074598451;-6,537288574;33,22311976;-1,281247443;2,010548995;-0,06983403;0,231440184;-1,419883158;0,01500835;-0,252429368;-0,257967519;-0,801979331;-1,509771821;-0,223649499;-0,019463436;0,684596665;47,34439465;-1,439349131;0,901927875;0,411719942;0,945940749;1,832970506;-0,001240484;-0,082922862;0,07019681;7,826416359;-0,651838808;0,497694141;-0,304480832;6,484734362
50,00369189;8,262582293;0;1;0;0;0;1;7;15;1;5;0;0;primary;Neustadt;2017;2;2;11,20015234;30,93936145;57,8604877;0,594317223;19,43248558;0,335757611;-0,200328257;-0,423626173;-0,18913603;-2,106925038;0,027062217;0,223058697;-0,518151187;-6,940860357;-0,222044575;-0,428319185;0,037436605;2,173742426;33,22311976;0,974309339;2,985877175;-0,120626808;0,373901339;-1,800809535;-0,066948846;-0,417838191;-0,847049436;-1,230145835;-2,993131095;-0,3825571;-0,032195558;1,273456243;47,34439465;-0,202273642;0,636311303;0,559861887;1,264369279;1,871835522;-0,010603241;-0,032977439;0,180329258;7,772493842;-0,876403053;0,441549709;-0,313882024;-0,774518357
49,99964096;8,246797941;0;1;1;0;0;1;2;10;6;7;0;0;tertiary;Hartenberg-Münchfeld;2017;2;1;31,54476881;35,46825647;32,98697472;0,965626702;19,43248558;1,404183148;-0,214668508;3,734616916;-0,182549059;-2,85523852;0,010009541;-0,018408978;0,224709364;6,430289491;2,642248711;-0,999502199;0,075900824;1,860692495;33,22311976;-1,131607021;-2,784300379;-1,451039954;-0,435675483;2,549391946;0,068994685;-0,308260541;-0,557670359;1,325975097;3,6852821;0,768428091;0,024822552;0,490795976;47,34439465;-1,438581846;0,461225084;-3,858559158;0,821987687;1,51848308;-0,010837121;0,00526058;-0,429987173;-11,2821014;-0,797618605;0,938070486;-0,281267135;-0,003494415
50,02104864;8,242829882;1;1;0;0;0;0;3;16;5;3;0;0;secondary;Mombach;2017;2;2;20,41330785;34,43179727;45,15489936;0,78509894;19,43248558;0,165047468;-0,097378794;-0,142046974;-0,089680824;-1,042219777;-0,002652214;0,001082075;-0,14776305;0,62919902;0,627655369;-0,135634084;0,037369416;1,177844631;33,22311976;0,283065295;-0,398022699;0,01540084;-0,068659947;0,396383073;-0,003157168;0,094767093;0,097054191;0,245825661;0,552493624;0,033366558;0,002754685;-0,042593702;47,34439465;7,015622555;-3,811229812;-1,990961076;-6,818854532;-9,425674618;0,006761981;0,110715435;-0,549696592;7,269078213;1,802587617;-2,215626835;1,982148111;4,435634256
49,9982924;8,262096872;0;0;0;1;0;0;8;15;0;7;0;0;primary;Oberstadt;2019;2;1;17,92269945;49,01866913;33,05863142;0,730669481;19,43248558;0,772534293;0,070514277;-0,48946264;2,599750003;-2,100216609;-0,014455209;-0,093546894;-0,330675589;-6,606565709;1,825555701;-0,344305191;0,414251827;2,786835607;33,22311976;-0,494148409;7,354847604;0,178994949;1,787065165;1,714072558;-0,038296357;0,455491558;0,54119586;2,716034871;1,894133484;0,085389426;0,0350352;-0,434266543;47,34439465;-0,579467408;-3,987397724;0,165778629;-14,76311006;1,211977838;0,004696481;-0,158283201;-0,109351272;6,771070171;0,953133543;0,321945135;-2,197566178;-1,91918919
49,99865209;8,267409772;0;0;1;0;1;0;12;1;6;7;2;1;residential;Altstadt;2019;2;0;60,3438139;21,64213359;18,01405549;0,593626314;19,43248558;1,303768421;5,472924358;9,670348056;0,104702142;18,04943083;-0,037646524;1,217375828;3,952941176;8,502989962;4,248090391;2,939176066;-0,429025079;-14,08374732;33,22311976;-0,694066112;3,328132827;-3,11265737;-0,144722216;-9,226272263;-0,02844689;-1,012636731;-0,862899629;-1,006741019;1,402811706;-0,180940564;-0,191765037;0,149217131;47,34439465;-1,240701223;-5,987098959;-5,257698494;-0,070804857;-7,179529397;0,004931357;-0,287581202;-2,796180883;-9,928321986;-1,239329929;-3,083489956;0,64043399;7,095032374