Latitude;Longitude;IstRad;IstPKW;IstFuss;IstKrad;IstSonstig;TagKategorie;Monat;Stunde;Unfallart;Unfalltyp;Lichtverhältnisse;Straßenverhältnisse;Straßenart;Stadtteil;Jahr;Unfallklasse Wahr;Unfallklasse Bestimmt;Wahrscheinlichkeit Klasse 0;Wahrscheinlichkeit Klasse 1;Wahrscheinlichkeit Klasse 2;Unsicherheits-Score;Base-Value Klasse 0;SHAP_0_IstRad;SHAP_0_IstPKW;SHAP_0_IstFuss;SHAP_0_IstKrad;SHAP_0_IstSonstig;SHAP_0_TagKategorie;SHAP_0_Monat;SHAP_0_Stunde;SHAP_0_Unfallart;SHAP_0_Unfalltyp;SHAP_0_Lichtverhältnisse;SHAP_0_Straßenverhältnisse;SHAP_0_Straßenart;Base-Value Klasse 1;SHAP_1_IstRad;SHAP_1_IstPKW;SHAP_1_IstFuss;SHAP_1_IstKrad;SHAP_1_IstSonstig;SHAP_1_TagKategorie;SHAP_1_Monat;SHAP_1_Stunde;SHAP_1_Unfallart;SHAP_1_Unfalltyp;SHAP_1_Lichtverhältnisse;SHAP_1_Straßenverhältnisse;SHAP_1_Straßenart;Base-Value Klasse 2;SHAP_2_IstRad;SHAP_2_IstPKW;SHAP_2_IstFuss;SHAP_2_IstKrad;SHAP_2_IstSonstig;SHAP_2_TagKategorie;SHAP_2_Monat;SHAP_2_Stunde;SHAP_2_Unfallart;SHAP_2_Unfalltyp;SHAP_2_Lichtverhältnisse;SHAP_2_Straßenverhältnisse;SHAP_2_Straßenart
50,03151133;8,211719994;0;1;0;0;0;1;9;14;2;6;0;0;motorway;Mombach;2018;2;2;14,5997867;27,30749547;58,09271932;0,612646734;19,43248558;-1,372230163;-0,111609428;-0,514046579;-0,395522483;-2,987359368;0,005886986;0,009668397;-0,623413798;-3,697831558;0,73047447;-0,370382029;0,084605479;4,40906119;33,22311976;-0,878807114;-0,799928979;0,423429846;-0,299331106;0,528843173;0,032762551;0,328392407;0,351095195;-2,973379497;-4,328438002;0,144823481;0,082466508;1,472447251;47,34439465;3,287204551;1,845154952;1,338222152;2,331829711;4,475351017;0,18054621;0,010290442;0,856502261;14,49833225;2,04924038;0,777007018;-0,520028585;-20,3813277
49,95942538;8,259562643;0;0;0;1;1;1;7;8;5;3;0;0;unclassified;Hechtsheim;2016;2;0;54,27157283;28,68330777;17,0451194;0,67015037;19,43248558;-0,194085842;6,294662439;-0,895560445;5,351415879;17,34905556;0,020829288;-0,027053249;-0,230341839;3,373010726;1,273100597;-0,288084779;0,274203701;2,537935207;33,22311976;-0,021831222;0,309385276;0,34155413;2,317035681;-9,25296139;0,307803686;0,931784392;-2,134110404;-1,214367547;1,210318424;0,018405757;0,017561987;2,629609235;47,34439465;-0,183717969;-4,561463929;0,310823213;-17,21083392;-5,613743366;-0,016673534;-0,07112524;1,056316093;-3,297774684;-0,112872027;0,262366294;-1,062599157;0,202022976
49,98930925;8,292855971;1;1;0;0;0;0;6;17;5;7;0;1;secondary;Oberstadt;2021;2;2;19,53437924;34,06359255;46,40203416;0,76706159;19,43248558;0,006005037;-0,01435832;-0,02664934;-0,011802874;-0,177895446;-0,000653534;0,001483015;-0,038280169;0,104076363;0,14932954;-0,026266398;-0,032089355;0,168995143;33,22311976;0,246858666;-0,370549878;0,015580703;-0,049682999;0,299685687;-0,002482817;0,088251751;0,094512284;0,166898867;0,405850557;0,036167255;-0,047516954;-0,043100331;47,34439465;0,673703561;-0,476758429;-0,265121846;-0,439264718;-1,147917611;0,000262008;0,018028971;-0,120050085;0,944997118;0,55311209;-0,285066084;-0,88118006;0,482894593
50,00099221;8,221262136;0;1;0;0;0;0;9;7;2;6;0;0;secondary;Gonsenheim;2019;2;2;8,656149358;16,25965983;75,08419156;0,370284838;19,43248558;-1,970252928;-0,171895795;-0,587929524;-0,389586117;-3,28101213;-0,009271101;0,00255935;-3,31238802;-4,850790657;1,271269544;-0,644980584;0,123822731;3,044119005;33,22311976;-1,559665299;-2,676044219;0,126513313;-0,604827119;0,753992264;-0,014523458;0,406762743;0,143599967;-5,828117856;-7,7839926;0,254595534;0,135916788;-0,317669995;47,34439465;3,540396666;0,990330512;0,522657659;1,520659431;2,203840722;-0,003326749;0,059299637;2,174781705;13,74707562;2,263804443;0,579729277;-0,350641089;0,491189073
50,00151057;8,271394378;0;1;1;0;0;1;7;11;2;6;0;0;tertiary;Altstadt;2020;2;2;12,76203543;18,55152398;68,68644357;0,467338392;19,43248558;-2,504573914;-0,193756386;5,693686724;-0,571505376;-5,426739914;0,014665764;-0,014658391;-0,072804413;-7,664568553;1,636757041;-1,47236523;0,157627558;3,747784937;33,22311976;-1,460758322;-2,362367344;-0,983188151;-0,503393994;0,834009222;0,0396305;0,542642289;0,240859464;-4,889905595;-6,69278687;0,353018993;0,121657918;0,088986114;47,34439465;2,964479735;0,973632622;-3,634066362;1,470406114;2,349386305;-0,00640331;-0,052729179;0,140775535;13,75473043;2,466382421;0,812289469;-0,30386254;0,407027673
49,97897374;8,273335807;0;1;0;1;1;0;6;10;4;6;0;0;residential;Oberstadt;2017;2;0;36,16874218;30,63056469;33,20068419;0,951996723;19,43248558;0,387073272;-0,961464145;-1,266482482;6,013244865;16,94228596;-0,037094923;-0,02474955;1,442036096;22,24916093;1,934548901;-0,310108737;0,220641632;-29,85283523;33,22311976;-0,140026767;-0,226413003;0,038287674;0,539737876;-1,036104189;-0,001036853;0,107741074;-0,085083009;-0,711469202;-1,093547039;0,031409975;0,018141387;-0,034192995;47,34439465;-0,95202061;0,395128086;0,263445203;-9,964627557;-3,767684779;0,00080757;-0,354020554;-0,119005662;-13,04203902;-0,384792784;0,164902365;-0,739254402;14,35545168
49,99771532;8,230729999;0;0;1;0;1;0;8;16;6;4;0;0;residential;Hartenberg-Münchfeld;2021;2;0;53,39641571;25,98912716;20,61445564;0,695475496;19,43248558;0,952379468;7,849185417;7,430440231;-0,081607737;20,81045889;-0,013803376;0,057345199;-1,243476914;8,343049905;3,351486519;-0,769665588;0,110708097;-12,83256998;33,22311976;-0,441610895;1,712363133;-2,067553193;-0,142380416;-8,748769103;-0,030096531;0,329631431;0,762367562;-0,369754252;1,493942509;0,09300305;0,017480584;0,157383518;47,34439465;-1,824806735;-5,480300636;-3,581165844;0,357160448;-6,602769166;-0,000609369;-0,025118349;0,057070811;-8,89363068;-8,810298626;1,297218668;-0,25734305;7,034653514
49,97338558;8,281253611;1;1;0;0;0;0;1;8;5;2;0;0;residential;Hechtsheim;2020;2;2;7,068672031;32,56800473;60,3633225;0,538312041;19,43248558;0,190945392;-0,445436703;-0,305252187;-0,1587288;-1,765505086;-0,010085433;-0,018319615;-0,220033924;0,33175202;-3,19710355;-0,109233081;0,088482845;-6,74529543;33,22311976;-0,130961468;0,166475662;-0,004364694;0,039559444;-0,241949552;0,002524198;0,076084331;0,201208697;-0,170993213;-0,729432948;0,014882608;-0,002587364;0,124439264;47,34439465;-1,410937011;1,084664634;0,445199453;0,960189483;1,670827207;0,001727359;0,189120702;1,474562617;-1,585362839;2,770897439;0,418802302;-0,319970587;7,319207082
50,0130151;8,247248394;0;1;0;0;1;0;10;10;3;5;0;0;secondary;Neustadt;2019;2;2;23,57934415;31,33834302;45,0823158;0,811389735;19,43248558;-0,637912196;-1,015702417;-0,774192573;-0,230097329;8,947666149;-0,055940196;0,272339307;0,077739069;-3,810976754;-0,732031435;-0,269185698;0,098917314;2,276235331;33,22311976;-0,092367697;-0,458272246;0,136680295;-0,104266395;-2,311904172;-0,005149809;-0,081740169;-0,223717282;0,613777498;0,621304998;0,075777537;0,009711001;-0,064610296;47,34439465;0,401245078;0,785180351;0,515323677;0,86055738;-4,45226587;0,005667025;0,028300153;-0,246285661;0,747003312;-0,571185541;0,323668967;-0,297739106;-0,361548618
49,9838522;8,303157045;0;1;0;0;0;0;8;12;2;6;0;0;living_street;Weisenau;2020;2;2;8,92457664;15,70710987;75,36831498;0,366745213;19,43248558;-2,272242456;-0,183732925;-0,687378449;-0,460237349;-3,798164911;-0,009756437;0,302770197;-0,834177401;-4,776605792;0,909019279;-0,595298528;0,137347139;1,760548689;33,22311976;-1,754674144;-2,95475843;0,132959438;-0,611543563;0,803863286;-0,014695266;0,664873978;0,383187901;-5,876529294;-7,915378775;0,244761446;0,146471478;-0,764547947;47,34439465;3,575796161;1,001078996;0,483956058;1,461791251;2,223911592;-0,000163682;-0,008734843;0,431534753;12,84945285;2,550263298;0,48135653;-0,34001686;3,313694223
50,00094384;8,258086347;0;1;1;0;0;0;2;11;6;7;0;0;secondary;Hartenberg-Münchfeld;2018;2;1;31,6858083;35,7101351;32,60405064;0,963471836;19,43248558;1,406680957;-0,211920301;3,73179043;-0,186491347;-2,85578508;-0,008493576;-0,011085702;0,362732553;6,39603288;2,634597079;-0,998944698;0,076285427;1,917924096;33,22311976;-0,980281256;-2,439794324;-1,35462866;-0,380462563;2,254154009;-0,014240923;-0,390838225;0,223198913;1,260600478;3,318468264;0,631261506;0,030536386;0,329041735;47,34439465;-1,437104984;0,459719583;-3,938605256;0,826193701;1,509849473;-0,000970468;0,005105512;-0,434520565;-11,3551784;-0,808208232;0,942449644;-0,283393036;-0,225680993
49,99748562;8,230685839;0;1;1;0;0;1;6;8;6;5;0;0;residential;Hartenberg-Münchfeld;2019;2;2;17,56159663;36,91185713;45,52654326;0,751939157;19,43248558;0,474422042;-0,14842842;1,622886292;-0,03712367;-1,110341599;0,02138512;0,122810145;-0,052459015;2,484032823;-0,463890395;-0,288945357;0,028219238;-4,523456155;33,22311976;-6,81438177;-16,21365209;-8,867233451;-2,903332709;15,99297603;0,482471411;2,397545818;-13,56685945;9,220732093;22,42231857;5,004440322;0,19498373;-3,661271134;47,34439465;-0,403688892;0,247194075;-1,535560247;0,252957927;0,543254554;-0,003927963;-0,025347941;0,551704201;-4,238806339;-0,282396032;0,34850415;-0,090140799;2,818401912
49,99308567;8,282148413;1;0;0;0;0;0;9;18;5;3;0;0;secondary;Altstadt;2017;2;2;21,2997064;39,21318352;39,48711455;0,819479985;19,43248558;0,088467469;0,880174909;-0,1599275;-0,116353182;-1,649175651;-0,003943865;-0,007006154;-0,233599005;1,146929012;0,67120164;-0,176411983;0,051410192;1,375454934;33,22311976;0,710782124;3,280037165;0,05255449;-0,074482466;1,317607667;0,040606147;0,385954756;0,27661825;-0,759070227;0,610551425;0,017971526;0,01260274;0,118330164;47,34439465;-1,982808164;-8,664879204;0,433078505;2,131790913;3,662766526;0,000236621;0,035126039;0,093683773;-2,862746381;-0,21560003;0,707973214;-0,661701389;-0,534200529
49,98185039;8,279228501;1;1;0;0;0;0;7;10;5;2;0;0;residential;Oberstadt;2021;2;2;8,082051575;34,01187658;57,90607333;0,568391288;19,43248558;0,189199459;-0,476617304;-0,336667616;-0,159198704;-1,760778497;-0,006024233;0,006945447;0,732346319;0,357035158;-3,054337352;-0,110501875;0,090421551;-6,822256362;33,22311976;0,143100048;-0,2302598;0,005990991;-0,04218986;0,262716826;-0,001712026;0,036642473;-0,104437099;0,164546695;0,709254224;-0,014562724;0,002925844;-0,143258771;47,34439465;-1,518686205;1,09808616;0,47320111;1,0005161;1,68071437;0,002001218;-0,097570273;-0,740418367;-1,411888586;2,593328406;0,376858538;-0,347814937;7,453351143
50,00262229;8,274924819;0;1;0;0;1;0;7;15;2;6;0;0;secondary;Altstadt;2016;2;2;25,04472136;20,29598355;54,65929508;0,677477856;19,43248558;-0,579343118;-0,394691993;-0,358505635;-0,120466615;6,695255238;-0,004951891;-0,007471563;-0,309175568;-1,034246099;0,422302391;-0,148155759;0,053757542;1,397928853;33,22311976;-0,652578145;-1,303813411;0,214319546;-0,413276792;-2,47249165;-0,010688698;0,497875078;0,362976656;-3,549356391;-5,48772121;0,120126333;0,112975963;-0,34548349;47,34439465;1,836582745;0,851659051;0,383163713;0,863396307;-6,14151296;-0,002296171;-0,030465607;0,279435875;7,283269736;1,44228373;0,225352619;-0,24643456;0,570465949
49,98710228;8,176177279;1;1;0;0;0;1;12;13;5;7;0;0;service;Finthen;2022;2;2;17,44156927;33,10745955;49,45096672;0,722769783;19,43248558;0,056202046;-0,376426673;-0,565390681;-0,301359236;-3,657574895;0,010505448;0,323733225;-0,362895255;1,644703301;3,241626481;-0,496905819;0,116160497;-1,623294755;33,22311976;-0,067132602;0,09154983;-0,003144996;0,013707619;-0,080873311;-0,002731195;0,09370888;-0,019100953;-0,043826603;-0,102684852;-0,009533401;-0,001140197;0,015541564;47,34439465;-0,592071977;0,516602828;0,227779871;0,674197595;1,103058018;-0,006475307;0,057739562;-0,011140241;-0,785428886;-0,514774573;0,302544733;-0,221984724;1,356525163
49,99796019;8,256516357;0;1;0;0;0;0;4;8;3;2;0;0;primary;Oberstadt;2021;2;2;13,9041096;34,02621448;52,06967592;0,669313135;19,43248558;0,345268855;-0,498585527;-0,491190728;-0,37915294;-1,847076778;-0,018689348;-0,051249269;-0,867368918;0,687890149;-5,154910236;-0,186702674;0,135885999;2,797505427;33,22311976;-0,088619194;-0,28741808;0,013370134;-0,046696753;0,257970274;-0,002698068;0,09162748;-0,228773049;0,285840871;0,924691105;-0,008011106;0,004166726;-0,112355621;47,34439465;0,05681631;0,651384126;0,479036553;1,034224375;1,108679137;0,007774305;-0,09399867;1,136303474;-1,555745289;2,664176501;0,352397504;-0,288226703;-0,827540355
50,01051404;8,243834867;1;1;0;0;0;0;8;9;5;3;0;0;secondary;Hartenberg-Münchfeld;2021;2;2;21,50386274;33,2482487;45,2478826;0,794366796;19,43248558;0,246603589;-0,156406269;-0,273002366;-0,134559186;-1,609255106;-0,004133483;-0,002487731;0,405824703;1,014886954;0,953690167;-0,226143321;0,056016223;1,80034298;33,22311976;0,011968207;-0,018653841;0,001121561;-0,003088096;0,017601532;-0,000324014;0,003921889;-0,025359242;0,011082557;0,025543084;0,001986813;0,000117745;-0,000789258;47,34439465;-25,66444483;13,85424767;7,392952687;24,6785367;34,33163421;-0,02242507;-0,594745007;-8,732630289;-26,99224582;-6,294329421;9,338849507;-7,260022901;-16,13188948
49,98894181;8,26795778;1;1;0;0;0;0;1;9;5;3;0;1;tertiary;Oberstadt;2016;2;2;21,04315758;32,55838752;46,39846087;0,780109168;19,43248558;0,238344584;-0,137554192;-0,252160019;-0,088104019;-1,471940758;-0,004094089;0,002080492;0,371265182;0,92836681;0,930741123;-0,202689727;-0,239227218;1,535643825;33,22311976;-0,570558867;0,729619754;-0,044729695;0,142507725;-0,806692556;0,018942435;0,467588476;1,079446631;-0,472451354;-1,271178369;-0,083763246;0,072189053;0,074347771;47,34439465;1,295893665;-0,689826909;-0,397061466;-0,803578632;-1,723203464;0,000495296;-0,053429139;0,442516464;1,560994345;0,466399139;-0,46659585;-1,218867687;0,640330448
49,99391244;8,278318718;0;1;0;0;0;1;2;22;2;6;2;0;tertiary;Altstadt;2018;2;2;18,96647662;19,14389282;61,88963056;0,571652786;19,43248558;0,200500582;0,010915265;0,113407443;0,039033914;0,303473798;-0,001650175;0,004860312;-0,665614879;0,313570315;-0,162898244;-0,232703744;-0,011634109;-0,377269442;33,22311976;-1,388124437;-2,255785491;0,180417908;-0,314722764;0,476479419;0,029286906;-0,350736431;-0,018024265;-4,057163559;-5,700865515;-0,485184881;0,099385583;-0,294189412;47,34439465;3,365975605;0,891115248;0,719231853;1,326023443;1,90905726;-0,018904231;0,029734545;-4,8448772;11,36919383;2,054052664;-1,879745405;-0,306765544;-0,068856163
49,99202226;8,227281429;0;1;0;0;0;0;5;17;5;2;0;0;secondary;Oberstadt;2022;2;2;15,54166675;36,53209209;47,9262501;0,715466519;19,43248558;0,522766475;-0,507779719;-0,494898225;-0,380497871;-2,463086856;-0,009144153;-0,0532859;-0,468956975;2,805983446;-5,48120168;-0,177875603;0,163521405;2,653636818;33,22311976;-0,204465151;-0,579434694;0,01448285;-0,130865813;0,669367825;-0,002984669;0,166862672;0,206313634;0,744724339;2,55294177;-0,058889645;0,009813661;-0,078894445;47,34439465;-0,064508903;0,217865216;0,158532675;0,353718826;0,444900869;0,000598715;-0,013633873;-0,001908267;-1,100323592;0,796330672;0,084435981;-0,096580541;-0,197572334
50,00331315;8,255614781;0;1;0;0;0;0;9;17;1;6;0;1;secondary;Hartenberg-Münchfeld;2019;2;2;10,02783999;23,06227684;66,90987945;0,483856841;19,43248558;0,291070841;-0,188820706;-0,435356499;-0,136118877;-2,241314827;-0,013023322;-0,013380301;-0,692418216;-7,291631371;0,161478039;-0,507252646;-0,109161341;1,77128363;33,22311976;-1,581242827;-2,247278175;0,104645732;-0,38135245;1,011417013;-0,013619398;0,537769786;0,582454749;0,858645567;-7,931465719;0,2278686;-0,897247543;-0,431438257;47,34439465;0,054749474;0,752075803;0,687837919;1,010732166;2,206385366;0,001325581;0,060965201;0,441174827;9,341204456;3,172158935;0,498547223;1,195141785;0,143186055
50,01244102;8,252275911;0;0;1;0;1;0;8;12;6;4;0;0;residential;Neustadt;2021;2;0;57,59567022;23,36639613;19,03793067;0,634139501;19,43248558;0,892005085;8,167230123;7,569189904;-0,076770527;20,71878383;-0,002921034;0,054393886;1,094321454;8,442352246;3,239181551;-0,745406022;0,106886452;-11,2960623;33,22311976;-0,527906468;1,936583764;-2,651724136;-0,172814427;-10,54927166;-0,036055217;0,382806628;0,244237302;-0,538512774;1,711474249;0,110818239;0,020827525;0,212813343;47,34439465;-1,927596988;-5,79111597;-3,774546442;0,376847321;-6,9868315;-0,000643843;-0,02416189;-0,072108469;-9,362663279;-9,263302409;1,379190903;-0,269528112;7,409996692
49,99828293;8,256766268;1;1;0;0;0;0;8;16;5;3;0;1;primary;Oberstadt;2016;2;2;21,73081487;33,67916942;44,59001422;0,801965571;19,43248558;0,238765459;-0,121149337;-0,210914912;-0,112328219;-1,404123067;-0,00663008;-0,000275069;-0,210325969;1,141721784;0,975082341;-0,194254149;-0,243265926;2,446026434;33,22311976;0,119373377;-0,190439011;0,008460695;-0,026556753;0,174106165;-0,001078988;0,044758087;0,044869177;0,106199496;0,266178644;0,015530106;-0,020367204;-0,084984137;47,34439465;12,6324376;-7,041783287;-4,001250098;-8,718268814;-17,62202399;0,002121519;-0,114242691;-1,687473895;17,50932389;4,490402493;-4,268849999;-13,29793545;19,36316229
49,98668734;8,275386389;1;1;0;0;0;0;10;15;1;7;0;0;residential;Oberstadt;2021;2;2;8,320323378;29,60221171;62,07746267;0,53109752;19,43248558;0,302642834;-0,320749406;-0,396383316;-0,063749902;-1,878137217;-0,011211908;0,227337327;-0,169628847;-5,235416131;3,542556791;-0,343979183;0,028759566;-6,794202812;33,22311976;-1,814802875;2,788253558;-0,095335622;0,318153952;-1,894811404;0,021541409;0,682656685;-0,668342197;-1,025717563;-2,601841705;-0,30255572;-0,028107962;1,000001397;47,34439465;-1,212056652;0,836815711;0,374675788;0,717689211;1,68791801;-0,00123134;0,016431056;0,097472914;7,116137096;-0,853821749;0,39493693;-0,283896401;5,841997445
50,00409062;8,263575162;0;1;0;0;1;0;9;11;2;6;0;0;primary;Neustadt;2017;2;2;24,1002351;20,39436996;55,50539494;0,665874157;19,43248558;-0,651947567;-0,367076214;-0,36655271;-0,134014165;6,286390998;-0,005306722;0,037670404;0,066126704;-1,471151084;0,321425277;-0,154181997;0,049866857;1,05649974;33,22311976;-0,608045929;-1,245554697;0,237985233;-0,379023137;-2,392180865;-0,010528107;0,349434891;0,162996123;-3,216182409;-5,233471369;0,117378068;0,108077314;-0,71963492;47,34439465;1,976919701;0,958360939;0,426990137;0,980471894;-6,653836589;-0,002297987;0,006951557;0,037893121;8,484482324;1,606450153;0,302365288;-0,269559822;0,305809566
49,95994763;8,202334276;0;0;1;0;1;0;6;23;6;7;2;0;unclassified;Lerchenberg;2019;1;0;68,38733554;18,97453517;12,63813078;0,471334288;19,43248558;1,359504494;4,644475948;7,805134848;-0,066067301;15,36516925;-0,014604389;-0,028477857;4,924449786;7,503399084;2,040690621;3,293824649;0,077248222;2,050102605;33,22311976;-1,412491415;8,31691609;-7,15510289;-0,286111801;-20,57691503;-0,261327554;-0,253732105;0,889005848;-2,424889103;2,78839521;-0,511948969;0,011726658;6,627890467;47,34439465;-1,592185154;-4,827362909;-5,111372927;0,458530657;-7,627285154;0,004513411;-0,009590961;-2,71221751;-9,430332255;-0,741359259;-3,421401496;-0,269211333;0,573011019
50,00014035;8,26931274;1;1;0;0;0;1;9;8;1;5;0;0;residential;Altstadt;2022;2;2;5,477195233;28,76773179;65,75507522;0,4735052;19,43248558;0,238631354;-0,259126736;-0,268627915;-0,06870726;-1,588450024;0,04151378;0,10427567;-0,056578103;-4,49770483;-0,810675017;-0,27704124;0,027112843;-6,53991287;33,22311976;-5,5779087;8,5808734;-0,379196955;1,051557046;-6,257523171;-0,302049322;-0,353643145;7,16770136;-2,953917287;-7,161111617;-1,128867162;-0,080433964;2,939131541;47,34439465;-1,409679932;0,926697444;0,42146579;0,954738555;1,909312766;-0,010607543;0,027694387;1,475470331;7,858524316;-0,707002264;0,569187429;-0,304563057;6,699442339
49,98892107;8,259071853;1;1;0;0;0;1;2;15;5;3;0;1;residential;Oberstadt;2020;1;2;9,485333413;33,10820758;57,40646124;0,584977121;19,43248558;0,436592553;-0,351202611;-0,345491715;-0,07049873;-1,793164109;0,012475977;-0,018429581;0,076299372;0,404417876;0,49449398;-0,200062509;-0,289362688;-8,303219986;33,22311976;-0,04576283;0,053782106;-0,001910173;0,010757422;-0,055773209;-0,001908053;0,010750294;-0,008739912;-0,029827862;-0,081246933;-0,00463291;0,005954696;0,033645185;47,34439465;-1,938419851;0,983856875;0,506416831;0,594038191;1,665988351;-0,01603544;0,012393838;0,047297987;-1,514041857;-0,072400066;0,403661719;1,255461532;8,133848475
49,95906301;8,198876756;0;1;1;0;0;0;6;9;6;5;0;0;tertiary;Lerchenberg;2020;1;1;30,0886333;35,72895825;34,18241441;0,949520248;19,43248558;1,474477849;-0,253249081;3,902264512;-0,207742958;-3,053401855;-0,017095727;0,287515112;0,225121526;7,157794089;-0,528377503;-1,071068125;0,089881429;2,650028448;33,22311976;-10,77914993;-26,25524449;-15,05176068;-4,561292152;26,29519147;-0,50239989;4,251102688;-31,73299235;13,04840807;36,3906696;8,255918275;0,24147697;2,905910898;47,34439465;-1,347186905;0,420169877;-3,55186286;0,902696046;1,404783496;-0,000796652;-0,023244122;-0,372940342;-10,37005016;-0,73094687;0,863372124;-0,261507906;-0,09446597
50,02646451;8,226133204;0;1;1;0;0;0;6;17;6;7;0;0;tertiary;Mombach;2016;2;1;29,74954545;36,64114773;33,60930979;0,940173583;19,43248558;1,423349992;-0,204337944;3,332151487;-0,19628842;-2,727579368;-0,010291497;0,001705999;-1,27572249;6,34601223;2,583720541;-0,977040698;0,076300298;1,945079741;33,22311976;-0,780769246;-2,027636242;-0,963971975;-0,305114606;1,809878338;-0,012142443;0,372147778;0,938950896;0,900520511;2,662561996;0,532571684;0,021722914;0,269308366;47,34439465;-1,482797615;0,463471708;-3,776437218;0,834627951;1,525709305;-0,000872348;-0,028288302;0,226830534;-11,31149748;-0,818618785;0,934181965;-0,292199601;-0,00919498
50,00188186;8,261736189;1;1;0;0;0;0;3;9;3;6;0;0;primary;Neustadt;2022;2;2;20,12350857;30,45656681;49,41992462;0,742642173;19,43248558;0,3585243;-0,082040533;-0,218001852;-0,13325098;-1,132127675;0,003384132;0,081175877;0,135042164;-0,327032312;0,419074067;-0,192463291;0,04514809;1,733591003;33,22311976;2,102379596;-2,060748133;0,079288124;-0,217205886;1,245525767;-0,014129879;0,006551197;-1,84118554;2,518537027;-4,117812317;0,159915042;0,098077392;-0,725745341;47,34439465;-1,786593066;0,568527263;0,296293307;1,019314091;1,227447202;0,001543473;-0,082869692;-0,16333513;0,028590655;1,690170385;0,404201903;-0,301630566;-0,826129864
49,99014879;8,228260497;0;1;0;0;1;1;10;16;2;6;0;0;secondary;Oberstadt;2021;2;2;25,03837943;19,91468221;55,04693389;0,671287305;19,43248558;-0,648871716;-0,394474025;-0,371838334;-0,119859183;6,800785935;0,005719881;0,054250459;-0,408098296;-1,0806564;0,432450284;-0,15248497;0,055159538;1,433810675;33,22311976;-0,582698013;-1,217701605;0,21378278;-0,380938876;-2,199990457;0,037627006;-0,527962241;0,338925833;-3,425836779;-5,397976932;0,111355987;0,111376225;-0,388400481;47,34439465;1,920766302;0,889182444;0,400534278;0,902669656;-6,415826462;-0,004230954;0,008291353;0,347149118;7,61411463;1,488530496;0,238546112;-0,25482279;0,567635052
50,00904006;8,26893585;0;1;0;0;1;0;8;18;1;6;0;0;primary;Altstadt;2022;2;2;21,29231393;26,20261312;52,50507593;0,709296792;19,43248558;-0,086860571;-0,636994937;-0,624148661;-0,172316399;10,64553357;-0,011808225;0,031244338;-0,675522406;-7,286705222;-0,053552453;-0,60493078;0,038520075;1,29737002;33,22311976;-0,459405648;-0,816178156;0,163991825;-0,184517028;-2,454365041;-0,006976327;0,331242774;0,148742298;0,419626961;-3,685971686;0,075758046;0,078051949;-0,630506611;47,34439465;-0,204213606;1,378922564;0,887414866;1,660687908;-13,13763922;-0,000544088;-0,033109818;0,199102762;10,79431088;3,896298305;0,564298496;-0,481946808;-0,362900963
49,96251734;8,280601328;1;1;0;0;0;0;8;19;5;3;0;0;tertiary;Hechtsheim;2020;2;2;20,82578093;34,7405225;44,43370104;0,7944627;19,43248558;0,04702005;-0,09912861;-0,187338988;-0,092883702;-1,101921012;-0,003887907;0,000191011;0,38354022;0,596151814;0,663504534;-0,152946457;0,039965228;1,301029164;33,22311976;0,29722875;-0,447394682;0,018695595;-0,067944372;0,405236618;-0,003110955;0,112629318;0,25671053;0,282089475;0,66685249;0,035938464;0,001421994;-0,040950483;47,34439465;17,72756906;-10,06636989;-5,326022857;-18,03965365;-25,16444402;0,007936249;0,505428188;7,558773521;16,91042712;4,755738807;-5,928963036;5,248343773;8,900543118
50,00090514;8,260178688;0;0;1;0;1;0;12;16;6;4;0;0;residential;Neustadt;2020;2;0;55,05288839;24,68016297;20,26695013;0,671972532;19,43248558;0,815081675;8,023634584;7,760172414;-0,082597374;21,4777005;-0,024959779;0,506513439;-1,247448373;8,53265398;3,372718465;-0,787486709;0,112989407;-12,83856942;33,22311976;-0,423265431;1,341790138;-1,727616339;-0,130701812;-8,157178289;-0,031492847;-1,249985987;0,627017664;-0,19193223;1,180175414;0,078895103;0,014682999;0,126654823;47,34439465;-1,826761856;-5,565518589;-3,57302509;0,335839785;-6,549220947;-0,000701521;-0,158845945;0,062328457;-8,9000713;-8,751845152;1,284534348;-0,242083227;6,807926511