Latitude;Longitude;IstRad;IstPKW;IstFuss;IstKrad;IstSonstig;TagKategorie;Monat;Stunde;Unfallart;Unfalltyp;Lichtverhältnisse;Straßenverhältnisse;Straßenart;Stadtteil;Jahr;Unfallklasse Wahr;Unfallklasse Bestimmt;Wahrscheinlichkeit Klasse 0;Wahrscheinlichkeit Klasse 1;Wahrscheinlichkeit Klasse 2;Unsicherheits-Score;Base-Value Klasse 0;SHAP_0_IstRad;SHAP_0_IstPKW;SHAP_0_IstFuss;SHAP_0_IstKrad;SHAP_0_IstSonstig;SHAP_0_TagKategorie;SHAP_0_Monat;SHAP_0_Stunde;SHAP_0_Unfallart;SHAP_0_Unfalltyp;SHAP_0_Lichtverhältnisse;SHAP_0_Straßenverhältnisse;SHAP_0_Straßenart;Base-Value Klasse 1;SHAP_1_IstRad;SHAP_1_IstPKW;SHAP_1_IstFuss;SHAP_1_IstKrad;SHAP_1_IstSonstig;SHAP_1_TagKategorie;SHAP_1_Monat;SHAP_1_Stunde;SHAP_1_Unfallart;SHAP_1_Unfalltyp;SHAP_1_Lichtverhältnisse;SHAP_1_Straßenverhältnisse;SHAP_1_Straßenart;Base-Value Klasse 2;SHAP_2_IstRad;SHAP_2_IstPKW;SHAP_2_IstFuss;SHAP_2_IstKrad;SHAP_2_IstSonstig;SHAP_2_TagKategorie;SHAP_2_Monat;SHAP_2_Stunde;SHAP_2_Unfallart;SHAP_2_Unfalltyp;SHAP_2_Lichtverhältnisse;SHAP_2_Straßenverhältnisse;SHAP_2_Straßenart
49,9701412;8,243089859;0;1;1;0;0;0;7;22;6;6;2;0;living_street;Bretzenheim;2019;2;0;47,33045697;22,15410918;30,51542938;0,777907078;19,43248558;1,926901683;-0,0873851;7,307982176;-0,152323966;-2,981129722;-0,012887568;-0,099294463;6,277792168;7,973665307;2,302334838;4,351311016;0,068946661;1,022058357;33,22311976;-1,154910348;-1,554631905;-1,276413801;-0,202797508;0,692498505;-0,007028989;0,184903211;-0,614514329;-0,760831661;-5,264729488;-1,039566482;0,098212233;-0,169200019;47,34439465;-1,409395325;0,490292841;-5,908158491;0,962115182;1,755529667;0,007415648;-0,021801785;-2,941395152;-12,73127337;1,650298207;-4,208848533;-0,261645921;5,78790175
50,01072815;8,243580067;1;1;0;0;0;0;11;15;3;2;0;0;secondary;Hartenberg-Münchfeld;2021;2;2;14,46977258;35,77671647;49,75351095;0,692243697;19,43248558;0,468307007;-0,423977727;-0,318478288;-0,315645855;-2,107067866;-0,009421952;0,01782945;-0,013286982;0,239038352;-4,412451766;-0,133350856;0,136314379;1,909479097;33,22311976;0,426744778;-0,822652392;0,002663886;-0,108298257;0,826273933;-0,008319044;-0,500348426;0,176918954;0,702574457;1,986108535;-0,035259586;0,010759356;-0,103569485;47,34439465;-1,480514432;0,621449469;0,280918169;0,96128457;1,204480592;0,003597417;0,128465972;-0,212680028;-0,979954661;2,375261826;0,237718321;-0,292546709;-0,43836421
49,96806384;8,314834702;0;0;0;1;1;1;5;11;9;6;0;0;trunk;Laubenheim;2020;1;0;60,29484868;28,4604311;11,24471724;0,568970631;19,43248558;0,030270102;6,21315616;-0,91727988;6,482784453;15,9456915;-0,056045449;-0,127819887;0,497968639;7,641899122;0,078580004;-0,330359263;0,319874525;5,083643065;33,22311976;-0,624195919;3,540582684;0,475343378;2,979456731;-7,109230953;0,120355262;0,899163875;0,202726609;1,255138824;-3,400056895;0,094151759;0,058450961;-3,254574979;47,34439465;-0,171707533;-3,7395751;0,233055445;-14,06270318;-4,030857845;-0,013860986;-0,052404133;-0,109460458;-11,971479;0,657698568;0,179754004;-1,094463376;-1,923673818
49,97324128;8,286085245;0;1;0;0;1;1;5;14;2;5;0;0;residential;Weisenau;2021;2;2;10,20564958;25,3919065;64,40244913;0,51576153;19,43248558;-0,667494977;-0,865929621;-0,729086453;-0,115194882;8,04287601;0,029121854;-0,424727164;-0,200189691;-2,591677501;-1,277911434;-0,189486512;0,06968283;-10,30681846;33,22311976;-0,421003117;-1,374694736;0,286273895;-0,34945673;-3,964508214;0,04212294;0,472093837;0,381134938;-3,902750504;1,864909319;0,151863295;0,038764639;-1,055962823;47,34439465;2,561279309;1,8189514;0,737090788;1,251317502;-10,71468344;-0,007761157;0,045329673;0,29085792;11,78646504;-0,46569845;0,494299817;-0,435879055;9,696485133
50,00631544;8,271525881;1;1;0;0;0;0;3;8;5;3;0;1;primary;Altstadt;2016;1;2;21,60248011;32,45950341;45,938012;0,788840906;19,43248558;0,221548355;-0,119301049;-0,222947785;-0,098237546;-1,353649662;-0,005499483;0,001033123;-0,102714329;1,042724881;0,976244811;-0,197731437;-0,220678788;2,249203437;33,22311976;-0,33211853;0,433080801;-0,029833873;0,077297538;-0,464604092;0,005174268;-0,088688169;0,50968937;-0,285984869;-0,766886147;-0,052825088;0,052423001;0,179659441;47,34439465;1,01239382;-0,585126906;-0,328584654;-0,721321499;-1,496178484;0,000270388;0,026259934;-1,260176547;1,432282756;0,37547701;-0,455856489;-0,982082639;1,576260659
49,99935726;8,257802202;1;1;0;0;0;0;9;11;4;2;0;0;primary;Hartenberg-Münchfeld;2021;2;1;14,99682516;42,69028306;42,31289029;0,724932967;19,43248558;-1,24841944;-0,230633729;-0,163394252;-0,400089417;-1,768863144;-0,007303129;-0,027225294;0,547464194;2,687739513;-6,062474316;-0,082020992;0,137761595;2,181797987;33,22311976;1,247897099;-1,78776062;0,052407869;-0,128167876;1,961118786;-0,017532334;0,231043059;0,133175207;2,283978288;6,207839327;-0,045873428;0,019651882;-0,690613962;47,34439465;0,999169735;0,08552422;0,167497342;0,985753213;1,339115217;0,005509744;-0,160216567;-0,476584976;-10,87496734;5,68542822;0,218253936;-0,389565104;-2,616422004
49,9772481;8,291717839;0;1;1;0;0;0;4;17;6;4;0;0;unclassified;Weisenau;2021;2;1;33,27412307;42,04184711;24,68403727;0,849674333;19,43248558;1,5839649;-0,254165299;3,686445063;-0,188123065;-2,972534675;-0,010414306;-0,053594397;-1,435733929;7,209737506;4,467288947;-1,300482624;0,080140536;3,029108833;33,22311976;-0,832116006;-2,209626364;-0,803408624;-0,301037666;1,847790505;0,090480722;0,80581254;1,662238829;0,97160803;3,505915882;0,616708338;0,015547644;3,448813517;47,34439465;-2,299619479;0,319381047;-3,28433565;0,635176482;1,13265514;-0,00075587;-0,039756435;0,099720056;-10,25916744;-10,22235418;1,529006565;-0,238570157;-0,031737462
50,0044869;8,248534578;0;1;0;0;0;0;6;18;5;3;0;1;tertiary;Hartenberg-Münchfeld;2022;2;2;20,44426501;33,61368477;45,9420532;0,779142638;19,43248558;0,150433151;-0,097721286;-0,210727017;-0,067851205;-0,902847546;-0,003339717;0,008712715;-0,210015445;1,019368157;0,509403746;-0,140753692;-0,174188514;1,131306077;33,22311976;-0,058412863;-0,168317753;0,007447431;-0,032757005;0,134082671;-0,000228113;0,050016654;0,022290232;0,126115975;0,32881495;0,015800155;-0,019568827;-0,014718495;47,34439465;0,130643918;-0,829337957;-0,752907382;-1,00025296;-1,948424874;0,000186255;0,042340776;-0,234974234;4,287444958;0,033730488;-0,482490094;-1,570825691;0,922525341
49,98055383;8,308357757;0;1;0;0;0;1;7;14;2;6;0;0;secondary;Weisenau;2017;2;2;9,673430771;16,80264175;73,52392673;0,393987803;19,43248558;-2,257049669;-0,190497778;-0,674844119;-0,462239255;-3,660266551;0,00944055;0,004716577;-0,965329677;-5,571707116;1,120774936;-0,582270792;0,137069264;3,333148818;33,22311976;-1,656692415;-2,803843452;0,119773074;-0,584814098;0,753379512;0,052218472;0,682506208;0,481800366;-5,716975171;-7,579981517;0,215027111;0,139130203;-0,522006307;47,34439465;3,601032939;1,027226168;0,538312929;1,533858726;2,178034167;-0,005941494;-0,048936719;0,467573021;13,83297024;2,459543504;0,498983486;-0,357845853;0,45472097
50,00238216;8,254963944;0;1;0;0;0;0;9;13;2;6;0;1;tertiary;Hartenberg-Münchfeld;2017;2;2;9,365015477;16,28491729;74,35006499;0,381837276;19,43248558;-2,137649254;-0,170151361;-0,657053149;-0,364606548;-3,465261614;-0,010755664;0,009863595;-0,852693411;-5,310594936;1,182362495;-0,548890729;-0,641706605;2,899667074;33,22311976;-1,565503792;-2,585171959;0,109317051;-0,542040372;0,697447325;-0,013409182;0,530931498;0,472902407;-5,427149779;-7,5807852;0,198610746;-0,928161318;-0,305189891;47,34439465;3,578349471;1,040391281;0,582776042;1,163292539;2,244779782;-0,002495411;0,040940254;0,506418012;13,64636512;2,29713472;0,533839384;1,334311861;0,039567286
49,99549063;8,27305776;0;1;0;0;0;1;3;23;2;6;2;0;tertiary;Altstadt;2020;2;2;19,37867105;19,52311546;61,098212;0,583524934;19,43248558;0,021358321;0,001170101;0,012218004;0,004176148;0,03261246;-0,000146063;0,00041211;-0,075227368;0,033595746;-0,017561624;-0,024984574;-0,001248307;-0,040189488;33,22311976;-1,394977266;-2,301760641;0,18425388;-0,319283551;0,479585234;0,02911409;0,122584996;-0,061486397;-4,088008522;-5,667638152;-0,493456149;0,0992576;-0,288189427;47,34439465;3,351412701;0,882571367;0,724274775;1,31498501;1,901080743;-0,018397161;-0,012485369;-5,48563749;11,31713618;2,011443651;-1,873305159;-0,305154262;-0,054107635
49,98801924;8,279194553;0;1;0;1;0;0;3;20;5;2;2;0;tertiary;Oberstadt;2017;1;1;30,41664958;46,767658;22,81569988;0,788006343;19,43248558;0,833282652;-0,477396423;-0,924569114;10,12143356;-2,806502702;-0,018677338;-0,048741973;1,985388796;2,596159017;-5,341714915;0,854969538;0,381124535;3,829408367;33,22311976;-0,33672095;-1,120321348;0,081578525;3,892692436;1,617400406;-0,002139829;0,186437663;0,549633308;1,816700008;6,485477761;0,523734182;0,016746758;-0,166680686;47,34439465;-0,328776124;0,54074618;0,43401195;-21,30872055;1,027787234;0,010436637;-0,035357625;-0,479708603;-3,313633783;1,662475875;-0,668635242;-0,924492091;-1,144828635
49,96167902;8,310678541;0;0;1;0;1;0;6;13;6;7;0;0;tertiary;Laubenheim;2017;2;0;56,23233914;23,50418568;20,26346922;0,655370208;19,43248558;0,900348762;5,56930326;4,876306886;-0,157294153;17,4818086;-0,010667343;-0,076742661;-0,651751893;6,973627891;1,818577654;-0,864242356;0,093323487;0,847255432;33,22311976;-0,547332507;2,473260566;-3,16512292;-0,169424384;-11,18707932;-0,040942262;0,403689228;0,593764518;-0,775218224;1,796467968;0,084844121;0,020081939;0,794077195;47,34439465;-1,41781941;-5,48401569;-3,858550197;0,67238811;-8,531676322;-0,000711014;-0,018188317;-0,017631761;-8,956800133;-0,697217069;0,890090588;-0,312570302;0,651776082
50,00029922;8,257309745;1;1;0;0;0;1;7;22;5;3;2;1;tertiary;Hartenberg-Münchfeld;2022;2;2;23,60820621;34,75193083;41,63986444;0,84239814;19,43248558;0,012084128;-0,131395853;-0,499060587;-0,10172831;-1,698599877;0,011745944;-0,00897362;1,88192331;0,603052681;1,183698708;0,986772903;-0,279795159;2,21599636;33,22311976;0,43122085;-0,504981365;0,050963152;-0,069226764;0,411594841;0,014182751;0,114109649;0,20267915;0,359814625;0,722578016;-0,117676397;-0,039190176;-0,047257262;47,34439465;-2,612038873;1,366543765;1,245832729;1,761188079;3,513984411;-0,062848941;-0,074785752;-5,951635675;-1,0171118;-0,929073835;-3,95288731;2,538109805;-1,529806813
49,97593424;8,287999286;0;1;0;0;1;0;8;15;1;7;0;0;unclassified;Weisenau;2019;2;2;25,21137297;30,9855938;43,80303919;0,835185167;19,43248558;0,010039726;-0,550582381;-0,53400001;-0,109447645;9,061697248;-0,007516442;0,018188098;-0,467080921;-4,367532234;1,906258522;-0,385588515;0,035740208;1,168711733;33,22311976;-2,417793417;-10,15501218;2,779793399;-1,784284751;-40,90791697;-1,441774047;6,188449627;2,964623888;4,270586365;19,49063517;1,008285134;0,15920816;17,60767366;47,34439465;-1,25032332;6,881952643;4,417751382;6,367411545;-62,68639872;-0,004812729;-0,198676163;1,824588379;44,43925495;-6,826402559;2,921684301;-2,534777778;3,107392606
50,00157352;8,217900555;0;1;0;0;0;0;5;21;9;1;2;1;tertiary;Gonsenheim;2017;2;0;47,89535999;31,39896989;20,70567012;0,762749417;19,43248558;1,664956572;-0,06544552;-0,950628368;-0,124767026;-1,872952987;-0,013213477;-0,067474178;2,483368961;9,61553692;12,96499047;1,792217369;-0,853233709;3,889519386;33,22311976;-0,550089058;-1,3737205;0,092518206;-0,12099506;0,526437028;-0,00222496;0,267099568;0,549026811;0,737973247;-1,182584547;-0,533436547;-0,102381535;-0,131772527;47,34439465;-0,506873695;0,348602812;0,4680936;0,399687944;0,837388559;0,004693886;-0,001630628;-1,553953642;-16,00680783;-11,80084472;-1,05133806;3,362017762;-1,137760533
50,00010184;8,271822496;0;1;0;0;1;0;7;15;1;7;0;0;unclassified;Altstadt;2016;2;2;25,24222136;30,90114594;43,85663569;0,834717732;19,43248558;0,008666023;-0,55601279;-0,517029792;-0,112962722;9,098282464;-0,007817842;-0,006163468;-0,470553256;-4,365088912;1,915918761;-0,387946606;0,035930994;1,174512915;33,22311976;-1,47418611;-6,164140261;1,623266464;-1,08627726;-24,97028002;-0,940205906;3,466753283;1,837996227;2,444416791;11,91870241;0,617417252;0,097317132;10,30724617;47,34439465;-1,230834514;6,774618322;4,347762773;6,274590399;-61,71523399;-0,004739891;-0,239663642;1,795874183;43,77579941;-6,710126785;2,873326973;-2,469510367;3,04037817
50,02793039;8,221046957;0;1;0;0;0;0;8;18;3;6;0;1;secondary;Mombach;2019;2;2;18,72356534;27,73810625;53,53832841;0,68703186;19,43248558;-3,063231438;1,751507906;4,487122941;1,624030498;14,36131201;0,141362151;0,198874394;5,445596802;-1,825110543;-8,780793504;3,005451267;3,627677525;-21,68272025;33,22311976;-1,168505332;-1,723438823;0,078320268;-0,264435006;0,809626277;-0,01564559;0,441074057;0,209392659;2,496666166;-5,317145214;0,166618268;-0,800927102;-0,39661414;47,34439465;0,272799583;0,706544784;0,679688685;0,841067693;1,352659049;0,008709401;0,0004381;0,39135798;-1,680067476;2,269346613;0,451815911;1,393482911;-0,493909478
50,00053142;8,204887232;0;1;1;0;0;0;4;9;6;4;0;0;residential;Gonsenheim;2016;2;1;24,11529869;41,37278199;34,51191485;0,849503845;19,43248558;14,08214913;-5,341378367;53,35182571;-1,02192755;-33,97737427;-0,118935184;-0,538706006;13,50199526;79,44529035;33,57183569;-10,78019787;0,768745026;-138,2605088;33,22311976;-6,825185279;-14,52024537;-7,636816668;-2,63239994;14,84008996;-0,229290492;3,920476718;-18,80529769;8,843546719;26,89326988;5,49225029;0,185539502;-1,37627541;47,34439465;-1,384799101;0,372379405;-2,963097393;0,334484977;0,840934321;-0,000577696;-0,010800949;-0,286014006;-8,316131342;-7,747416438;1,103590562;-0,173625007;5,398592862
49,98491221;8,181803243;0;1;0;0;0;1;9;18;1;6;2;0;secondary;Finthen;2018;2;2;11,93514317;23,60949516;64,45536017;0,522346968;19,43248558;0,335787735;-0,231658488;-0,685381507;-0,18395149;-2,530453548;0,025768068;0,067520024;-0,834736193;-7,904004455;0,29865534;2,053885035;0,035743764;2,055483305;33,22311976;-1,495295719;-2,290439764;0,208029127;-0,344157928;0,887539125;0,045008072;0,488480868;0,359600175;0,7860752;-7,194226803;-0,759644216;0,128566864;-0,433159602;47,34439465;0,020910303;0,736055961;0,840823439;1,377706914;2,192979542;-0,01481986;0,01557686;0,64789388;9,640241394;3,58520513;-1,665399789;-0,342050846;0,07584259
49,97382644;8,289293268;0;1;1;0;0;0;5;7;6;4;0;0;tertiary;Weisenau;2022;1;1;32,09644258;40,09788334;27,80567706;0,891941669;19,43248558;1,713067212;-0,30460567;4,078198643;-0,209911063;-3,337735198;-0,011614508;-0,071010182;-4,368597159;8,112158947;5,279913474;-1,618740978;0,087458363;3,315375118;33,22311976;-1,381689446;-3,08184864;-1,41973411;-0,544029452;3,225733465;-0,02022825;0,789561605;-0,017278165;1,620867319;5,952452865;1,204168948;0,030083139;0,516704302;47,34439465;-2,260833216;0,298352927;-3,077345708;0,652026101;1,111651978;-0,00072385;-0,073832597;1,932735321;-9,666656026;-9,697968079;1,564365814;-0,223810311;-0,096679953
50,00682291;8,262761704;1;1;0;0;0;0;1;13;5;3;0;1;residential;Neustadt;2018;1;2;9,649416059;32,67951012;57,6710701;0,584004654;19,43248558;0,434712258;-0,351751769;-0,354156192;-0,064684598;-1,802626891;-0,006305072;-0,011798418;0,283524899;0,396342754;0,451660299;-0,205834048;-0,293952705;-8,258200041;33,22311976;-0,298654339;0,362434075;-0,014504057;0,071306834;-0,372339666;0,003121349;0,255348197;-0,041701595;-0,201620753;-0,535259122;-0,031241561;0,039802346;0,219698646;47,34439465;-1,99307058;1,005949514;0,519391934;0,588051688;1,716751417;-0,000693498;0,126063697;-0,048023474;-1,676220903;-0,078328232;0,481755477;1,270232508;8,414815896
50,0090762;8,262642968;0;0;0;0;1;0;10;0;0;1;2;0;living_street;Neustadt;2021;2;1;29,28411067;42,66616404;28,04972529;0,859599975;19,43248558;0,666040073;0,661544807;-0,911848116;0,09014921;8,997614519;-0,013805037;0,349274557;2,691286855;-8,519737882;4,950074206;1,057808728;0,224017477;-0,390794314;33,22311976;-0,583881877;7,408871221;0,443908307;-0,110708679;-6,143707705;-0,006511037;-0,80346233;0,30181777;5,651278247;3,368299415;-0,003905204;0,028644952;-0,107598801;47,34439465;-0,890729807;-3,405249549;0,52712969;0,194113097;-5,00747112;0,078439233;0,023942374;-2,087492187;1,008629192;-10,62740586;-1,496000637;-0,699155861;3,086582072
49,98601349;8,265230004;1;1;0;0;0;0;9;18;5;3;0;0;primary;Oberstadt;2018;2;2;22,2380802;33,88200104;43,87991726;0,812395585;19,43248558;0,269137296;-0,141246924;-0,232636738;-0,165871533;-1,592366862;-0,007091579;-0,009360875;-0,242758398;1,265622182;1,03775475;-0,218950316;0,058661848;2,78470177;33,22311976;0,177593618;-0,291422032;0,014125959;-0,040072372;0,26124051;-0,001682239;0,059471076;0,03832723;0,16493232;0,381031495;0,022082663;0,00286884;-0,129615787;47,34439465;-5,841912434;3,42544251;1,746979798;6,316334595;8,54647581;0,001571727;0,100380794;0,478021997;-7,856562484;-1,540129697;2,018380487;-1,810041365;-9,049419131
49,96688353;8,242211885;0;1;0;0;1;1;3;12;2;6;0;0;trunk;Bretzenheim;2020;1;2;26,75877512;21,87849432;51,36272907;0,726276436;19,43248558;-0,762509675;-0,48263908;-0,493733479;-0,158668947;8,181401711;0,006184179;0,003982352;-0,290821149;-1,577491156;0,506180117;-0,1883056;0,062023187;2,520687071;33,22311976;-0,664616344;-1,446726362;0,413829326;-0,382379439;-2,446568456;0,281568371;0,385426803;0,345100044;-0,831825859;-5,397150784;0,127302721;0,026048674;-1,754634132;47,34439465;1,328298976;0,666852884;0,294559833;0,673518582;-4,909411842;-0,00340386;-0,007583148;0,204307381;5,381179542;1,108786481;0,21193478;-0,182968901;-0,747736291
49,9672184;8,232287948;0;1;0;0;0;0;6;10;4;2;0;0;unclassified;Bretzenheim;2021;2;2;18,78193468;40,46883583;40,74922502;0,781715536;19,43248558;0,56297191;-0,146588512;-0,139716863;-0,194796432;-0,907528402;-0,00285595;0,020214018;0,292749724;3,004933733;-4,067720377;-0,05142543;0,094956215;0,884255462;33,22311976;-0,591084266;-1,672306491;0,044126003;-0,196154175;1,510967084;-0,24775473;-0,050662809;-1,693631515;2,34476069;6,396726446;-0,033820039;0,018450149;1,416099724;47,34439465;-0,984487074;0,312577943;0,335591633;1,212804643;1,632452784;0,007478572;-0,329371449;-0,516451947;-16,72305676;9,034314252;0,282227562;-0,520287258;-0,33896253
50,00346309;8,26236206;0;1;0;1;0;0;4;21;5;2;2;1;tertiary;Neustadt;2016;1;1;25,80344975;45,27270198;28,92384231;0,818882104;19,43248558;0,766484346;-0,428287015;-0,880309564;8,242139612;-2,547766622;-0,0286347;-0,032487177;2,163527631;2,192893382;-5,476070674;0,83055355;-1,846613348;3,415534745;33,22311976;-0,309824323;-1,100698096;0,074524377;3,478543067;1,445333378;-0,002562675;0,363929577;0,450609988;1,699201879;5,833643423;0,441624159;-0,207959614;-0,116782922;47,34439465;-0,337311492;0,594539981;0,52613039;-19,51627923;1,09876195;0,024995058;-0,088746344;-1,225543339;-3,969006988;1,838223373;-1,229850987;5,023988076;-1,160452791
50,0119366;8,235079354;1;0;0;0;1;0;9;7;1;1;0;1;residential;Gonsenheim;2017;2;2;26,86935961;33,61067772;39,51995969;0,890363632;19,43248558;0,753493558;5,843151627;-0,655439535;-0,031257837;16,87454994;-0,028761909;-0,188025814;-2,235766577;-5,218948273;6,167991746;-0,742260427;-0,487617554;-12,61423492;33,22311976;-0,15368863;-1,095373829;-0,06762691;0,028124434;1,794362815;0,009814839;-0,035759651;0,224498544;-0,123972906;-0,223395834;-0,010957671;0,041565237;-3,24804E-05;47,34439465;-0,157009295;-5,645946099;0,266688539;0,249503703;-7,419273806;0,000229251;0,111851361;1,667532146;4,640694502;-8,584626124;0,474581453;1,114253807;5,457085594
49,96738158;8,286967684;0;1;1;0;0;0;8;13;6;7;0;0;residential;Hechtsheim;2021;2;2;25,33305585;35,38122475;39,28571641;0,875322919;19,43248558;1,140682818;-0,252458564;4,497524903;-0,038284741;-2,573107509;-0,014391966;0,112348883;0,734222815;5,945089731;5,116087473;-0,695909542;0,063664588;-8,134898618;33,22311976;-0,726453069;-1,823988952;-0,972127944;-0,285024799;1,656878931;-0,010895072;0,321726726;0,619585247;1,029560695;2,36015205;0,452023016;0,022580752;-0,485912592;47,34439465;-1,193800523;0,730392615;-4,559491976;0,584903492;1,564264136;-0,000917861;-0,04153971;-0,034272771;-12,69811858;-1,16558639;0,963430393;-0,287702113;8,079761045
50,00476557;8,269436181;0;0;0;0;1;1;8;15;0;3;0;0;secondary;Altstadt;2021;2;1;26,98185146;37,11540997;35,90274751;0,904150653;19,43248558;0,349370819;2,751012644;-0,7062246;0,052596972;11,41230723;0,016880175;-0,040074318;-0,296787968;-8,039802984;1,093328692;-0,260922989;0,231650611;0,986031589;33,22311976;-0,475738779;7,104518248;0,484543026;-0,213217624;-11,68084864;0,113056519;0,867104158;0,592627817;4,996251369;2,187518532;-0,026266689;0,01921828;-0,076476005;47,34439465;-0,121952783;-5,10851081;0,539814789;0,336783153;-6,644292382;-0,015226395;-0,032309766;0,008482276;-0,505718716;-0,057431424;0,316840284;-0,43412212;0,275996753
50,01053825;8,199771831;0;1;0;0;1;1;10;7;3;6;1;0;motorway;Gonsenheim;2016;1;2;29,08065617;32,03830719;38,88103366;0,912931635;19,43248558;-0,584113149;-0,937607045;-0,967684638;-0,417148055;11,58086649;0,214507166;0,028269974;-2,400837285;-6,879270498;1,338846689;0,391789415;0,101707171;8,178844348;33,22311976;-0,094500796;-0,188732083;0,274949146;-0,062539793;-1,212914761;0,01932123;-0,134315108;-0,045040926;1,145859992;-1,208804799;-0,273998384;0,042559567;0,553344143;47,34439465;0,211295067;1,274365522;0,989083327;1,163053777;-7,142471661;-0,064252445;0,119620808;1,474554267;4,79137608;0,935701457;0,236073368;-0,382182438;-12,06957813
50,00363821;8,214956481;0;1;0;0;0;1;1;11;1;6;0;1;residential;Gonsenheim;2017;2;2;5,752271041;20,94077021;73,30695987;0,386137462;19,43248558;0,112615165;-0,148627627;-0,401487101;-0,051001078;-1,565905181;0,021773004;-0,031875002;0,387670571;-4,815171526;-0,136861696;-0,332188361;-0,085030446;-6,634125263;33,22311976;-1,601681416;-2,075956093;0,09430444;-0,338804918;0,901169515;0,045691202;-1,203762783;0,11713164;0,787260169;-7,417432995;0,210174928;-0,845038395;-0,955404846;47,34439465;0,295741272;1,052544572;0,783021474;0,801696471;2,25145063;-0,019112814;0,147246991;-0,108807232;7,704912995;3,521979052;0,588690747;1,068148972;7,875052082
49,94114057;8,263575346;0;1;0;0;0;0;3;17;9;7;0;0;secondary;Ebersheim;2021;1;1;32,02183247;39,29507136;28,68309319;0,906015622;19,43248558;0,962204932;-0,302230812;-0,682346078;-0,290091167;-2,800121801;-0,010520255;-0,023354092;-0,904941547;10,50746959;3,141003253;-0,501676677;0,16080714;3,3331444;33,22311976;-1,465482056;-4,292261809;0,177285588;-0,599395437;2,30965572;-0,022524362;0,766116934;1,377140731;3,144870742;4,590204439;0,558411752;0,042279498;-0,514350138;47,34439465;-0,292922634;0,532475502;0,432684031;0,800715997;1,108091006;-0,000818793;-0,016416231;0,184237615;-19,12117192;-1,061661184;0,268449434;-0,55364522;-0,941319067
49,97637167;8,270211037;0;1;1;0;0;0;8;6;6;4;0;0;secondary;Oberstadt;2018;1;1;33,06246996;40,19437432;26,7431587;0,883438223;19,43248558;1,581937871;-0,29412454;4,216044666;-0,20413637;-3,332309994;-0,010510833;0,092422524;-3,433850348;7,81633753;5,179653144;-1,587811342;0,085902138;3,52042993;33,22311976;-1,230778798;-2,812202511;-1,679312593;-0,476808693;2,886874404;-0,026312298;0,524476055;1,442618962;1,312208026;5,167868152;1,086147425;0,039416395;0,737060036;47,34439465;-2,362180291;0,298931949;-3,157351509;0,653789122;1,105363499;0,005414677;-0,090193309;1,499736537;-9,778355853;-9,766654322;1,569506671;-0,22741064;-0,351832488
49,96898595;8,25970377;0;1;0;0;0;0;12;10;8;7;0;0;motorway;Bretzenheim;2021;1;1;32,6117456;38,04370463;29,34454679;0,923889517;19,43248558;1,014018674;-0,283702475;-0,872215551;-0,427032638;-3,520879957;-0,010190091;0,173818212;0,381999026;8,404007716;2,770344913;-0,475507323;0,122402941;5,902196563;33,22311976;-1,478347414;-1,930993996;1,122993449;-0,420503035;1,863009852;-0,039811507;-3,075028543;-1,420264373;6,703939333;3,013090859;0,535002661;0,048162501;-0,100664919;47,34439465;-0,454927798;0,745188932;0,855704276;1,007007496;1,610125773;-0,005781379;0,091622269;-0,226203296;-12,46121646;-0,876721165;0,368866862;-0,523259584;-8,130253785
49,97772829;8,237748384;1;0;1;0;0;0;11;19;6;4;2;0;residential;Bretzenheim;2019;2;1;20,78094482;46,34873271;32,87032247;0,778467568;19,43248558;5,717604117;-5,189948082;-8,52310547;0,227975416;9,984483246;0,070409397;-0,1964283;-0,833246813;-14,87219899;-11,68822376;-9,231097734;-0,230321067;36,11255728;33,22311976;2,350379575;9,139022816;-1,557486088;-0,157593793;3,011259453;-0,045208707;-1,749984313;1,130698511;0,037453434;1,363950652;-0,98803318;0,018471221;0,572683368;47,34439465;3,832671386;-2,869990273;-2,364331131;0,405140698;1,332811862;-0,000206317;0,106494463;-0,229042683;-7,608869306;-8,398166719;-4,063540088;-0,217856564;5,600812482
49,91972126;8,26728406;0;1;0;0;0;0;5;16;2;6;0;0;secondary;Ebersheim;2016;2;2;9,619411826;16,78764075;73,59294295;0,392923458;19,43248558;-2,234348476;-0,179157823;-0,662045362;-0,459358775;-3,615131977;-0,010552009;-0,084539119;-1,231997136;-5,511246242;1,184663896;-0,572022808;0,141869553;3,420792521;33,22311976;-1,749124157;-2,87947455;0,109644563;-0,592318107;0,762328316;-0,013141462;0,850294028;0,511884703;-5,714392998;-7,542818943;0,21363381;0,139487181;-0,531481396;47,34439465;3,60336731;1,020321521;0,53903834;1,535562779;2,177723136;-0,003629951;-0,028738479;0,598757924;13,86861115;2,436311898;0,443167291;-0,362831048;0,420886425