Latitude;Longitude;IstRad;IstPKW;IstFuss;IstKrad;IstSonstig;TagKategorie;Monat;Stunde;Unfallart;Unfalltyp;Lichtverhältnisse;Straßenverhältnisse;Straßenart;Stadtteil;Jahr;Unfallklasse Wahr;Unfallklasse Bestimmt;Wahrscheinlichkeit Klasse 0;Wahrscheinlichkeit Klasse 1;Wahrscheinlichkeit Klasse 2;Unsicherheits-Score;Base-Value Klasse 0;SHAP_0_IstRad;SHAP_0_IstPKW;SHAP_0_IstFuss;SHAP_0_IstKrad;SHAP_0_IstSonstig;SHAP_0_TagKategorie;SHAP_0_Monat;SHAP_0_Stunde;SHAP_0_Unfallart;SHAP_0_Unfalltyp;SHAP_0_Lichtverhältnisse;SHAP_0_Straßenverhältnisse;SHAP_0_Straßenart;Base-Value Klasse 1;SHAP_1_IstRad;SHAP_1_IstPKW;SHAP_1_IstFuss;SHAP_1_IstKrad;SHAP_1_IstSonstig;SHAP_1_TagKategorie;SHAP_1_Monat;SHAP_1_Stunde;SHAP_1_Unfallart;SHAP_1_Unfalltyp;SHAP_1_Lichtverhältnisse;SHAP_1_Straßenverhältnisse;SHAP_1_Straßenart;Base-Value Klasse 2;SHAP_2_IstRad;SHAP_2_IstPKW;SHAP_2_IstFuss;SHAP_2_IstKrad;SHAP_2_IstSonstig;SHAP_2_TagKategorie;SHAP_2_Monat;SHAP_2_Stunde;SHAP_2_Unfallart;SHAP_2_Unfalltyp;SHAP_2_Lichtverhältnisse;SHAP_2_Straßenverhältnisse;SHAP_2_Straßenart
50,00086676;8,264767027;0;1;0;1;0;0;9;19;3;6;2;0;secondary;Altstadt;2021;2;1;33,60348642;36,87443733;29,52207327;0,936197841;19,43248558;0,84248147;-0,29085841;-1,082296872;8,033290354;-2,23492093;-0,024733345;-0,084900346;1,687412448;-0,181891506;1,040822016;1,79887746;0,273109914;4,394608582;33,22311976;2,374931879;5,005787904;-0,451604598;-9,965755282;-2,423234824;0,038303572;-1,092252273;-1,040619436;-5,441501317;14,01452541;2,079202928;-0,372012746;0,925546357;47,34439465;0,067332018;0,483849243;0,457880385;-18,37699868;0,826296946;0,034912441;0,20230381;-0,39576407;0,349138006;1,341075869;-0,761378881;-0,887356655;-1,163611816
50,00221381;8,259588851;0;0;1;0;1;1;12;18;6;4;2;1;unclassified;Neustadt;2019;1;0;67,15933084;22,71607965;10,12459472;0,481024606;19,43248558;0,873709854;5,837409706;7,188130567;-0,030532768;16,88111973;0,017963181;0,224867125;-1,369963091;8,139895983;4,29387821;3,979440959;-0,314918969;2,005844779;33,22311976;-0,950643395;5,256477141;-4,551696901;-0,242934836;-17,40166843;0,252120343;-1,922419543;2,055242397;-0,709265748;1,530294705;-0,507552667;-0,066359402;6,751366227;47,34439465;-2,455100717;-3,539462297;-4,151460508;0,054587762;-4,993528871;-0,01400108;-0,0005385;0,097694499;-8,047113627;-10,50737717;-4,542799588;0,580737248;0,298562916
50,00277953;8,274480899;0;1;0;0;0;0;5;10;5;3;0;1;secondary;Altstadt;2016;2;2;21,49429321;33,22068155;45,28502524;0,793959288;19,43248558;0,221424062;-0,150557671;-0,33845752;-0,093551215;-1,326072056;-0,004046069;-0,032089796;0,267418788;1,516882211;0,757643929;-0,206900845;-0,23868203;1,688795841;33,22311976;0,000493828;0,001283782;-7,09742E-05;0,000273457;-0,001099711;5,62539E-06;-0,000386162;0,000662337;-0,000952012;-0,00269668;-0,000166851;0,000157405;5,7742E-05;47,34439465;0,427677914;-3,134860269;-2,932930853;-3,811099353;-7,359257616;0,000705265;0,130329099;1,652035939;16,78876619;0,049435165;-2,099825101;-5,807694748;4,03734895
50,02713234;8,211240745;0;1;0;0;0;0;2;7;2;6;1;1;motorway;Mombach;2019;2;2;13,96211088;25,21266639;60,82522273;0,576267748;19,43248558;-1,29875566;-0,098665088;-0,523982483;-0,326396303;-2,85292338;-0,007161048;-0,054973147;-2,005203552;-3,614713739;1,025243293;0,310963944;-0,391301794;4,367494252;33,22311976;-0,836466483;-0,73831626;0,456378862;-0,265352421;0,417244216;-0,007160213;-0,060091144;0,052865113;-2,782593114;-4,392037415;-0,692755927;-0,541766586;1,379598003;47,34439465;3,434798023;1,886918107;1,523300994;1,815573849;4,790624916;-0,035149299;0,119958912;2,949727185;15,07748758;1,708055677;0,539177484;1,896370337;-22,22601569
50,0217455;8,223783633;0;0;1;1;0;1;6;22;6;7;2;1;living_street;Mombach;2016;2;0;41,02627635;34,52093005;24,45279062;0,855368159;19,43248558;1,422502915;1,312729928;4,89921104;2,994028662;-2,612690713;0,021751822;-0,086792238;4,121040411;5,689446195;1,527844712;2,86234068;-0,793360557;0,235737909;33,22311976;-0,108881345;0,94852701;-0,283118032;0,296752796;0,306963291;0,010022374;0,028699568;-0,023525283;-0,094754744;0,259344022;-0,113986819;-0,034536218;0,106303669;47,34439465;-1,596581688;-4,416866034;-4,123709043;-13,47049768;1,800232755;-0,1323414;-0,14310982;-1,264996706;-11,30382456;3,291970149;-3,513074917;6,81540834;5,16578656
50,00346309;8,262362061;0;1;0;0;0;1;5;19;5;3;0;0;tertiary;Neustadt;2022;2;2;22,25364298;34,12860036;43,61775815;0,814597176;19,43248558;0,316250776;-0,143925746;-0,357450497;-0,127268549;-1,343482203;0,006569247;-0,033648821;0,694704539;1,432876628;0,70909916;-0,20551295;0,054021689;1,81892412;33,22311976;-0,114938769;-0,28374535;0,013941218;-0,057390288;0,234403464;0,006831366;0,099083492;0,16497839;0,247236576;0,593294194;0,029242881;0,001185659;-0,028642235;47,34439465;-1,556063988;6,833337511;5,893564721;12,17250062;16,11440446;-0,118073359;-0,443198122;-4,990263078;-32,38008078;1,773393814;3,94937625;-3,518497977;-7,457036579
50,00157628;8,269253625;0;1;0;0;0;1;10;14;2;6;0;1;residential;Altstadt;2022;2;2;5,218045786;14,38152641;80,4004252;0,289547519;19,43248558;-1,087969139;-0,105621088;-0,465598109;-0,162586548;-1,686059749;0,013129135;0,096584403;-0,204909263;-2,677093879;0,344675824;-0,283104962;-0,33761727;-7,658269152;33,22311976;-1,546735207;-2,471506308;0,102343793;-0,50891664;0,622220977;0,048278537;-0,744372659;0,341367936;-5,31476461;-7,369627723;0,183506573;-0,872744698;-1,310643323;47,34439465;3,413254114;1,231506289;0,631505278;0,990173799;2,158523411;-0,01238583;-0,063714536;0,470200013;12,99448257;2,500939923;0,552265867;1,255717886;6,933561752
50,00632782;8,264097568;1;0;1;0;0;1;9;7;6;7;0;0;residential;Neustadt;2019;2;2;14,66772705;40,69005847;44,64221001;0,717931669;19,43248558;-1,244590812;1,165181315;1,536645372;-0,03804985;-2,816499881;0,044691022;0,089291086;-2,506164065;3,586460924;3,218054429;-0,609532405;0,07309626;-7,263341926;33,22311976;1,223336657;4,531960946;-0,976475954;-0,103026208;1,840222386;0,093521075;0,06732954;-0,617325376;-0,036081985;1,048803512;0,160302135;0,014521504;0,219850477;47,34439465;3,153702299;-11,09442534;-3,762572205;1,362006381;5,216925933;-0,030754835;0,15752356;6,398299817;-20,23723894;-1,975758731;2,367838482;-0,731036904;16,47330583
50,0215188;8,228625785;1;1;0;0;0;0;3;20;5;2;2;0;residential;Mombach;2022;2;2;6,887426227;35,495314;57,61726499;0,559471426;19,43248558;0,065477919;-0,400416996;-0,324091588;-0,163194982;-1,690650637;-0,015837925;-0,034048425;0,280474383;-0,041115687;-3,463985715;0,361556571;0,087760909;-7,206987182;33,22311976;0,29387735;-0,345920486;0,014948953;-0,066635894;0,404917759;-0,003125994;0,073493556;0,224820548;0,410001175;1,352238738;0,127093686;0,004077252;-0,217592403;47,34439465;-1,260055994;0,922620885;0,490703672;0,885192081;1,354371088;0,036601067;0,02070874;-0,25682275;-0,67226136;3,435650404;-0,954979202;-0,286765038;6,557906738
49,98073013;8,269210699;1;1;0;0;0;0;10;12;5;2;0;1;residential;Oberstadt;2020;2;2;7,302443683;33,67759585;59,01995897;0,552083411;19,43248558;0,205930302;-0,444875402;-0,320124837;-0,127750503;-1,755266615;-0,008255023;0,037156012;0,333038622;0,332382418;-3,20535565;-0,097225158;-0,472251156;-6,60744491;33,22311976;0,074647414;-0,108478723;0,002301938;-0,021665372;0,137096528;-0,000859636;-0,0390757;0,015568188;0,10830903;0,392252888;-0,009762305;-0,018753155;-0,077105004;47,34439465;-1,471852384;1,059974894;0,485937491;0,626383594;1,620680902;0,002749402;0,023840196;-0,303653135;-1,689863371;2,505237492;0,372958539;1,280119006;7,163051694
50,00111573;8,261060081;0;1;0;0;0;0;4;7;1;6;0;0;primary;Neustadt;2019;1;2;9,575473517;23,44416231;66,98036194;0,481200307;19,43248558;0,274680925;-0,182477748;-0,414810988;-0,177846304;-2,08478166;-0,0128404;-0,03391169;-1,65397331;-7,299720751;0,244178165;-0,582528213;0,037029538;2,029990371;33,22311976;-1,670678849;-2,358191723;0,13405486;-0,399066212;1,083353808;-0,013089205;0,954817693;0,190117062;0,853301571;-7,871240896;0,282680946;0,131045445;-1,096061953;47,34439465;-0,069768016;0,742392228;0,602735329;1,418262307;2,205593212;-0,000512874;-0,096566077;2,022844581;9,995440112;3,147303501;0,631187646;-0,336148019;-0,626796645
49,97797956;8,294180866;0;0;1;0;1;0;5;14;6;2;0;0;residential;Weisenau;2022;2;0;56,23342395;21,7225194;22,04405516;0,656487347;19,43248558;0,767709468;10,0132645;7,043055119;-0,145776053;21,93478342;-0,01626138;-0,185183028;0,813659964;8,243219704;-1,56197755;-0,434342494;0,155233352;-9,826446654;33,22311976;-0,353475396;0,461424077;-2,439478178;-0,178803096;-11,23362648;-0,034687613;0,475357415;0,579938885;-0,320294083;1,437236644;-0,070584869;0,019915035;0,156477299;47,34439465;-1,072651124;-8,320017735;-4,532786067;0,660643705;-9,781147249;0,002885739;-0,034615645;-0,409741816;-10,94372771;0,97455665;0,642089096;-0,323518582;7,837691252
49,98051448;8,209541516;0;1;0;0;0;0;10;17;2;6;0;0;motorway;Bretzenheim;2022;2;2;14,71646428;27,15850472;58,12502503;0,612828662;19,43248558;-1,308210155;-0,100207952;-0,484250853;-0,372772579;-2,844694671;-0,006331813;0,035892147;-0,80258365;-3,547077138;0,706266543;-0,352397895;0,084432676;4,275914036;33,22311976;-0,794752139;-0,71767125;0,390183606;-0,27090715;0,468205682;-0,007831927;-0,363246904;0,362528341;-2,809242666;-4,063925347;0,130203476;0,076594984;1,535246258;47,34439465;3,50673031;1,955165667;1,423334839;2,466842143;4,766622238;-0,080250356;0,011381679;1,124598125;15,27487889;2,160973191;0,713203611;-0,559724846;-21,98312512
49,99983559;8,259860405;0;1;0;1;0;1;4;23;3;6;2;0;primary;Neustadt;2017;2;0;38,36657405;34,40103233;27,23239362;0,902254188;19,43248558;0,915066993;-0,193435828;-1,155099327;8,005440205;-2,091825204;0,053378597;-0,031320566;4,86244439;-0,763568484;0,96917572;1,797721632;0,270206662;6,295903676;33,22311976;0,419857243;0,681812961;-0,07108467;-1,10510706;-0,302654825;-0,011883817;-0,207168314;0,155963981;-0,746803165;1,757744601;0,24457436;-0,050528471;0,413189744;47,34439465;-0,037022597;0,464191987;0,466650844;-18,02047507;0,82035455;-0,022559863;-0,082147759;-2,277938469;0,835279841;1,240827593;-0,862481745;-0,88817107;-1,748509275
49,96810881;8,230082246;0;1;1;0;0;0;11;19;6;4;2;1;tertiary;Bretzenheim;2016;2;0;55,02945185;30,74567616;14,2248705;0,64449665;19,43248558;2,1991333;-0,21768575;7,626680007;-0,091361172;-2,966385155;-0,015219531;0,066406975;2,866097421;9,638037271;6,98842506;5,793458728;-0,32528062;4,034659729;33,22311976;-0,709852953;-1,760264027;-1,197458981;-0,233635616;1,336194281;-0,009131458;-1,036956626;0,515056222;0,449628814;1,921939455;-1,816363569;-0,236058994;0,299459851;47,34439465;-2,680780001;0,242973244;-4,294537186;0,169328193;0,868902796;0,000650965;0,029763523;-0,461062173;-9,993340777;-12,19264417;-5,099161694;0,517806054;-0,227422923
50,00481272;8,269524776;0;1;1;0;0;0;3;8;6;4;0;0;secondary;Altstadt;2018;1;1;35,84400713;38,07462752;26,08136535;0,889518513;19,43248558;1,712609464;-0,279749902;4,299560219;-0,203167715;-3,27101074;-0,009630028;-0,003346221;-0,591373971;7,778592118;4,982278825;-1,417797996;0,08491239;3,329645108;33,22311976;-1,748301483;-3,855523256;-2,066685178;-0,680125006;4,036074894;-0,031546785;0,761415531;-3,678560193;2,368189364;7,251374444;1,525947217;0,050986796;0,918261413;47,34439465;-2,264739824;0,304731046;-3,305564705;0,663119204;1,121681064;-0,000826145;-0,017034398;1,263041561;-9,946014491;-10,02979107;1,552944005;-0,224684229;-0,37989132
49,99909383;8,266364862;1;0;0;0;0;0;5;10;0;1;0;0;residential;Altstadt;2022;1;1;14,31213021;51,85225606;33,83561671;0,674805684;19,43248558;-0,809260997;0,573653677;-0,217828775;0,01363808;-2,121017027;-0,008964313;-0,161075466;1,069515474;-2,139513082;5,427453466;-0,298516918;0,14627253;-6,59471202;33,22311976;1,618094317;9,347798892;0,12979796;-0,095439085;1,605916389;-0,045156445;0,684452787;-0,696324737;4,477759932;1,55336901;0,071560673;0,032577288;-0,055270684;47,34439465;-0,011747461;-5,912652498;0,219341232;0,258444187;1,641760758;-0,001231102;-0,04887276;-0,812100732;-1,945755284;-14,42756582;0,609530804;-0,759036842;7,68110757
49,97190849;8,285545453;0;1;0;0;0;1;3;14;9;1;0;0;tertiary;Weisenau;2019;2;0;46,38355672;35,27674377;18,33969653;0,755389804;19,43248558;1,536545514;-0,14325624;-0,524397229;-0,239675284;-2,242667329;0,007385928;-0,012943445;-0,538287874;11,92958868;13,85429316;-0,491376209;0,195405618;3,620455847;33,22311976;1,688462137;4,927274898;-0,134826064;0,465807114;-2,219825732;-0,062281861;-0,76574157;-2,123513798;-2,927486547;3,317700345;-0,548715842;-0,023554992;0,460325919;47,34439465;-0,676394512;0,340471341;0,263239753;0,65085405;0,802047396;-0,008470282;-0,016303063;0,063291591;-16,96960826;-11,9947732;0,287188348;-0,775690741;-0,970550553
50,00292577;8,267236211;0;1;0;0;0;0;8;14;2;6;0;0;secondary;Altstadt;2022;2;2;9,673978388;16,79793298;73,52808714;0,393930354;19,43248558;-2,254791291;-0,188658829;-0,676898862;-0,458958343;-3,660225697;-0,00921121;0,028884381;-0,961916307;-5,583056267;1,126840685;-0,581955065;0,137521708;3,323917902;33,22311976;-1,64945825;-2,771918805;0,120305622;-0,586497987;0,753518216;-0,013847987;0,663312691;0,477862954;-5,694387649;-7,576085453;0,212679313;0,13932685;-0,499996295;47,34439465;3,601727803;1,027450549;0,538796475;1,531653864;2,177900444;-0,003628421;-0,030385198;0,464878719;13,82857253;2,463248269;0,499008241;-0,362929457;0,447398664
49,99996084;8,257961024;0;1;1;0;0;0;7;22;6;4;2;0;primary;Hartenberg-Münchfeld;2019;2;0;61,54736876;26,54328048;11,90935075;0,558221157;19,43248558;2,206439547;-0,139733295;7,990474522;-0,19364119;-2,782137968;-0,019339813;-0,002642887;6,515831788;9,700403597;6,736222968;5,648987795;0,073439788;6,380578329;33,22311976;-1,343559309;-2,997988623;-2,569291865;-0,330363963;2,17662831;-0,013953949;0,469606485;-1,157801293;-0,143405257;2,89724025;-2,938106314;0,032846365;-0,761690118;47,34439465;-2,786417142;0,19670173;-3,990493464;0,418011041;0,822422392;0,00354374;-0,023665315;-2,027805723;-9,393679009;-12,07293016;-5,183050994;-0,191999018;-1,205681982
49,97628198;8,270220056;1;1;0;0;0;1;9;17;5;2;1;0;secondary;Oberstadt;2019;1;2;14,14081752;36,20910048;49,65008199;0,689470053;19,43248558;0,120865289;-0,442283702;-0,332870937;-0,341132287;-2,470762662;0,011527236;-0,033570928;-0,360053525;1,30018185;-5,187412888;-0,012038444;0,137471059;2,31841188;33,22311976;0,364322062;-0,619591938;0,015944964;-0,098555425;0,712449465;0,022933741;0,084278058;0,208916117;0,561556012;2,124859252;-0,308069378;0,00859614;-0,091658346;47,34439465;-0,646442651;0,506873852;0,227420144;0,813032979;1,070988265;-0,014434215;0,004575544;-0,000649476;-0,988089394;1,848969999;0,127290827;-0,225734792;-0,418113744
49,97836977;8,297117973;1;1;0;0;0;0;6;18;1;5;0;0;residential;Weisenau;2018;2;2;5,365244299;30,60550988;64,02924061;0,490309837;19,43248558;0,228175131;-0,245125027;-0,239203683;-0,073989529;-1,573922531;-0,016894108;0,137459779;-0,377175097;-4,420958537;-0,835971662;-0,254652905;0,02426783;-6,419250945;33,22311976;-1,078591436;1,71452632;-0,056819075;0,198400832;-1,203712577;0,012606184;-0,260134166;-0,284084457;-0,708200481;-1,298375524;-0,173296326;-0,019185448;0,539256269;47,34439465;-1,441439528;0,917212504;0,410157944;0,961692341;1,877874717;-0,001260677;-0,084612012;0,158716309;7,847833069;-0,684003101;0,438577536;-0,313596757;6,597693608
50,01080002;8,262873079;0;1;0;0;0;0;5;15;1;5;0;1;living_street;Neustadt;2021;2;2;8,767952025;29,1015476;62,13049889;0,5335277;19,43248558;0,306513222;-0,192674083;-0,386624139;-0,124205151;-2,144478557;-0,012553008;-0,373957371;-0,491910673;-5,960717873;-0,728850933;-0,372476237;-0,132946885;-0,049651869;33,22311976;1,417726941;4,258728305;-0,147223661;0,588109271;-2,549055115;0,02275964;-0,794738537;-1,213254645;-1,88008829;-4,902945599;-0,554009834;0,547932171;1,084487188;47,34439465;-0,041503846;0,657935949;0,550778805;0,834622033;1,880527472;0,002712924;0,047809978;0,209939573;6,872962962;-1,111259392;0,435347372;1,015887354;3,430343047
49,94308408;8,307978426;0;1;0;0;0;0;7;6;4;6;0;0;secondary;Laubenheim;2021;1;0;51,16018653;30,31518161;18,52463633;0,713764928;19,43248558;3,566061628;-0,02785747;-0,568350581;-0,368070624;-3,652891312;-0,012628206;0,023383478;-2,992997341;25,02392263;5,501988065;-0,637498744;0,120122335;5,75251709;33,22311976;-0,642965508;-0,850188125;0,056355721;-0,090793762;0,51763588;-0,007085319;0,220187867;0,602583574;0,359564075;-3,27558517;0,104696211;0,03596468;0,061691725;47,34439465;-2,003910478;-0,21575474;0,312450852;0,885144324;1,416734107;0,005635059;-0,123563614;1,008206265;-25,35200445;-2,533459495;0,389572603;-0,250258288;-2,358550472
50,0200089;8,21586237;0;1;0;0;0;0;7;3;8;1;2;0;service;Mombach;2022;2;0;50,6000042;28,84641886;20,55357993;0,731227116;19,43248558;2,128151379;-0,229441994;-1,048343096;-0,182563308;-2,085509929;-0,012348961;-0,058111178;5,763820575;10,50394732;14,56275789;2,094407576;0,159503103;-0,428750767;33,22311976;-0,375950656;-1,064895423;0,089767802;-0,097355332;0,2867692;-0,011658068;0,066327533;-1,792205206;0,947256107;-1,837458294;-0,434115222;0,004371198;-0,157554543;47,34439465;-0,83189631;0,395441002;0,437967536;0,639118268;0,78142409;0,003547841;-0,02412076;-2,53134374;-12,29501648;-12,77511774;-1,256027772;-0,684681187;1,349890523
49,99826215;8,185319474;0;1;0;0;0;0;12;9;2;6;0;0;motorway;Finthen;2018;2;2;15,57568312;25,69408417;58,73023272;0,609098203;19,43248558;-1,24041801;-0,101200913;-0,483398402;-0,350226957;-2,700472593;-0,005268633;0,048714816;0,006031846;-3,439929908;0,641185398;-0,345167099;0,076632898;4,036715091;33,22311976;-0,709984297;-0,576669156;0,305240391;-0,226584546;0,395252725;-0,018461827;-0,996006651;-1,023467837;-2,464957195;-3,639275541;0,114307713;0,061864546;1,249706083;47,34439465;3,869921177;2,175159545;1,592845035;2,714966334;5,288087337;-0,088707044;0,064714695;0,506070541;16,77831161;2,409733297;0,881625229;-0,598087528;-24,20880216
50,00146962;8,262866533;1;1;0;0;0;0;4;6;3;2;0;0;tertiary;Altstadt;2021;2;2;12,17560396;36,75130308;51,07309818;0,659258613;19,43248558;0,338676421;-0,404497994;-0,294723649;-0,294405386;-1,973088287;-0,009744133;-0,045893372;-2,023483651;0,243478603;-4,590203439;-0,226287363;0,122668475;1,900622147;33,22311976;0,403631537;-0,699998392;0,022492984;-0,1020441;0,681533062;-0,008298993;0,187174295;0,64311686;0,708488293;1,854932098;-0,029419043;0,006637786;-0,140063074;47,34439465;-1,230841141;0,558097842;0,2303376;0,880169842;1,117780478;0,008793443;-0,137463257;1,128922267;-0,914693724;2,322253236;0,327249646;-0,259664021;-0,302238681
50,00923208;8,268350044;0;1;0;0;0;0;5;8;5;2;0;0;primary;Neustadt;2019;2;2;15,97812623;35,19924283;48,82263243;0,71418453;19,43248558;0,563814383;-0,547106335;-0,583422009;-0,429762294;-2,604717341;-0,012871009;-0,057172086;-0,761005083;3,406082035;-6,25015705;-0,217163601;0,15668846;3,882432576;33,22311976;-0,157715992;-0,423388278;0,026628829;-0,099911949;0,537731184;-0,003755752;0,093781999;-0,506418487;0,570492256;2,165479432;-0,036519926;0,00758438;-0,197864629;47,34439465;-0,158387832;0,428263787;0,305170061;0,703045354;0,888133598;0,001263078;-0,033341438;0,733645565;-2,15666396;1,650344259;0,226674877;-0,176724075;-0,933185496
49,9186197;8,250050614;1;1;0;0;0;0;6;19;1;5;0;0;residential;Ebersheim;2021;2;2;5,443054065;30,90262115;63,65432143;0,494558852;19,43248558;0,115928466;-0,24383561;-0,250758547;-0,071066526;-1,532678869;-0,01740734;0,138209726;0,099144244;-4,493095284;-0,83988841;-0,25623958;0,023486464;-6,661230253;33,22311976;-0,957009477;1,463409516;-0,051543477;0,167013711;-1,012126673;0,010633671;-0,196103609;-0,434238009;-0,558743863;-1,044656841;-0,151066129;-0,013309358;0,457241928;47,34439465;-1,419670782;0,910792539;0,424208623;0,972470164;1,875783052;-0,000689813;-0,091894744;-0,520129444;8,049039534;-0,664781258;0,439525065;-0,302797755;6,638071596
49,99714094;8,24720416;0;1;0;0;1;0;12;17;2;6;2;0;secondary;Hartenberg-Münchfeld;2019;2;2;25,90877414;19,50131208;54,58990932;0,676358783;19,43248558;-0,729542876;-0,42622145;-0,522020631;-0,125466224;7,081581719;-0,006115403;0,069209961;-0,528135763;-1,181041864;0,529184251;0,654324907;0,059459964;1,601071962;33,22311976;-0,546621942;-1,221740521;0,242904119;-0,314885941;-1,85655506;-0,005769792;-1,331591924;0,346315916;-3,22275414;-5,243255399;-0,286565861;0,102170393;-0,383457532;47,34439465;1,942745382;0,882493853;0,518028684;0,876824937;-6,121980649;-0,001448048;0,026448609;0,518418543;7,531641601;1,536870418;-0,824853345;-0,240353816;0,600678493
50,02910786;8,211635183;0;1;0;0;0;0;8;15;2;6;0;0;motorway;Mombach;2019;2;2;14,72039223;27,58863866;57,69096613;0,618017533;19,43248558;-1,337965585;-0,10644454;-0,500043573;-0,385846837;-2,906602793;-0,005666624;0,021837148;-0,636050804;-3,625519377;0,709365128;-0,353062645;0,084709227;4,32919792;33,22311976;-0,864275476;-0,758926796;0,407759553;-0,289227517;0,510170962;-0,00812168;0,367442976;0,35854292;-2,859079418;-4,162958797;0,139449047;0,079668;1,445075127;47,34439465;3,390124186;1,902531222;1,381387484;2,40344257;4,612631712;-0,077478994;-0,046399022;0,973537698;14,79503611;2,145782625;0,684628863;-0,548281417;-21,27037156
50,0033955;8,246307068;0;1;0;0;0;0;2;17;5;3;1;0;tertiary;Hartenberg-Münchfeld;2016;2;2;21,38343602;33,325243;45,29132247;0,792951594;19,43248558;0,233572397;-0,159356157;-0,338777136;-0,131966974;-1,400996625;-0,004810449;-0,022574797;-0,347466733;1,480731805;0,765881986;0,034805504;0,055986073;1,785921549;33,22311976;-0,026015186;-0,063682166;0,004356949;-0,01361834;0,052065465;-0,000217416;-0,01089513;0,019943648;0,059106584;0,125227143;-0,039529133;0,00040626;-0,005025443;47,34439465;77,95495986;-357,4980014;-308,9029577;-628,8482941;-836,2200254;0,216762415;-6,456799594;-69,52720549;1778,014343;-94,01464747;-143,0816793;188,8715744;397,4388987
49,99975786;8,218273348;0;1;0;0;0;0;1;9;2;2;0;1;path;Gonsenheim;2021;2;2;8,059488982;21,30311579;70,63739896;0,428805639;19,43248558;-1,418586608;-0,397553418;-0,501705141;-0,372007307;-2,675579089;-0,020909983;-0,021199177;0,266895231;-2,695244708;-4,518066969;-0,287780056;-0,747672658;2,016413281;33,22311976;-1,385383753;-3,956160729;0,100791719;-0,767787487;1,927496194;-0,053017057;-0,85303217;-2,586208444;-11,89513736;9,52697272;-0,044170094;-0,73832661;-1,196040907;47,34439465;3,215281407;1,10161197;0,579113616;1,151352797;2,232847029;-0,000383969;0,072094982;-0,29560986;11,59974787;1,981501255;0,439689328;1,315083677;-0,099325798
50,00520201;8,273041729;1;1;0;0;0;1;6;8;9;1;0;0;primary;Altstadt;2019;2;0;43,98417771;34,52211916;21,49370015;0,804412189;19,43248558;-1,12256855;-0,096623455;-0,323198685;-0,288094845;-2,848770312;0,030054428;0,036728397;-0,05373708;10,68446491;13,07725836;-0,55921724;0,190373426;5,825022776;33,22311976;-0,42285506;0,741747742;-0,029459333;0,052203599;-0,409165577;-0,021312509;-0,071368916;0,673066765;-0,358628439;0,971636414;-0,082715751;-0,001003756;0,256854223;47,34439465;0,277281847;0,32253627;0,102236924;0,641930971;0,797078463;-0,008579471;-0,075974203;0,802933438;-15,98928401;-10,7709014;0,323531954;-0,657327951;-1,616157333
49,98148146;8,296324019;0;1;0;0;0;0;9;5;5;3;2;1;tertiary;Weisenau;2017;2;2;23,85925949;33,08216035;43,05857718;0,833686352;19,43248558;0,418572432;-0,200634476;-0,616842457;-0,10039919;-1,623412361;-0,006772698;-0,033330022;1,181529285;1,459173207;0,755871007;1,184000324;-0,302057841;2,311076694;33,22311976;0,036585778;0,090310301;-0,011089431;0,018257753;-0,068306077;0,001820953;-0,000686475;0,03500613;-0,091781599;-0,211522388;0,042395259;0,00922264;0,008827748;47,34439465;-0,409770488;1,895853119;2,275928917;2,362161706;4,436527961;0,003554594;0,118774273;-2,390463491;-8,891479945;0,773682827;-5,675322728;3,324395427;-2,109659647
50,02329686;8,23610768;0;1;0;0;0;1;11;14;3;6;0;0;unclassified;Mombach;2019;2;2;18,98291707;29,2301476;51,78693533;0,709318213;19,43248558;-0,287581452;0,18597184;0,406225448;0,171013017;1,369706228;-0,020161848;-0,00634011;0,286551874;-0,158703729;-0,711418946;0,276541386;-0,068159133;-1,893213089;33,22311976;-1,423569256;-2,391994391;0,101649301;-0,330335167;1,071020848;0,613747876;-1,337726933;0,427482461;3,363970168;-6,445048675;0,140417056;0,140940692;2,076473857;47,34439465;0,238465707;0,609625652;0,520190284;0,984197563;1,162972187;-0,025132966;0,075804773;0,131776542;-1,326858001;2,15576992;0,420173335;-0,317975325;-0,186468997