Latitude;Longitude;IstRad;IstPKW;IstFuss;IstKrad;IstSonstig;TagKategorie;Monat;Stunde;Unfallart;Unfalltyp;Lichtverhältnisse;Straßenverhältnisse;Straßenart;Stadtteil;Jahr;Unfallklasse Wahr;Unfallklasse Bestimmt;Wahrscheinlichkeit Klasse 0;Wahrscheinlichkeit Klasse 1;Wahrscheinlichkeit Klasse 2;Unsicherheits-Score;Base-Value Klasse 0;SHAP_0_IstRad;SHAP_0_IstPKW;SHAP_0_IstFuss;SHAP_0_IstKrad;SHAP_0_IstSonstig;SHAP_0_TagKategorie;SHAP_0_Monat;SHAP_0_Stunde;SHAP_0_Unfallart;SHAP_0_Unfalltyp;SHAP_0_Lichtverhältnisse;SHAP_0_Straßenverhältnisse;SHAP_0_Straßenart;Base-Value Klasse 1;SHAP_1_IstRad;SHAP_1_IstPKW;SHAP_1_IstFuss;SHAP_1_IstKrad;SHAP_1_IstSonstig;SHAP_1_TagKategorie;SHAP_1_Monat;SHAP_1_Stunde;SHAP_1_Unfallart;SHAP_1_Unfalltyp;SHAP_1_Lichtverhältnisse;SHAP_1_Straßenverhältnisse;SHAP_1_Straßenart;Base-Value Klasse 2;SHAP_2_IstRad;SHAP_2_IstPKW;SHAP_2_IstFuss;SHAP_2_IstKrad;SHAP_2_IstSonstig;SHAP_2_TagKategorie;SHAP_2_Monat;SHAP_2_Stunde;SHAP_2_Unfallart;SHAP_2_Unfalltyp;SHAP_2_Lichtverhältnisse;SHAP_2_Straßenverhältnisse;SHAP_2_Straßenart
49,98967453;8,220140845;0;1;0;1;0;1;3;18;3;6;2;1;unclassified;Bretzenheim;2018;1;2;25,22205114;35,7306093;39,04733658;0,874986202;19,43248558;0,386996689;-0,217991336;-0,749307914;5,18876287;-1,813114255;-0,031477567;0,037972471;-0,666092698;0,110237099;0,833161854;1,357517026;-1,12930923;2,482210551;33,22311976;-1,826400385;-3,696044476;0,339173049;6,572973403;1,640324863;0,787349139;0,608557939;1,876454129;3,493369588;-10,24280306;-1,273990802;-1,337967034;5,566493182;47,34439465;0,186996954;0,602345331;0,590212013;-16,55702404;0,983894058;-0,084631198;-0,146064439;0,395269519;0,081385143;1,633139516;-1,458469518;5,26006042;0,215828167
49,96228701;8,229960387;1;1;0;0;0;1;3;6;5;3;0;0;tertiary;Marienborn;2020;1;2;17,25951135;35,33485234;47,40563929;0,737206271;19,43248558;0,728553653;-0,57767714;-0,692226534;-0,38281229;-4,828327482;0,015735988;-0,017460618;-5,303438732;2,223658741;2,068081219;-0,754358765;0,1612102;5,186087528;33,22311976;0,388500959;-0,457447868;0,032345854;-0,088414168;0,488295767;0,042478334;0,052129388;0,406176978;0,325814753;0,929290674;0,051350631;0,002246982;-0,061035707;47,34439465;-0,027935615;0,016534416;0,00804504;0,029348413;0,042006914;-0,000717328;0,00109717;0,040625426;-0,03098813;-0,008045124;0,013506467;-0,008182885;-0,014050129
50,02718263;8,224307377;0;1;0;0;0;1;4;14;1;6;0;0;secondary;Mombach;2016;2;2;10,01733616;23,98274839;65,99991918;0,49529588;19,43248558;0,274971502;-0,202477884;-0,434701374;-0,172207299;-2,207705962;0,020695987;-0,053063112;-0,489613397;-7,558659569;0,081172866;-0,445112976;0,02907996;1,742471835;33,22311976;-1,826861213;-2,579348876;0,123077021;-0,426432979;1,123798297;0,052978209;0,875503659;0,537202311;0,992190832;-8,093918709;0,251065589;0,147703232;-0,417328745;47,34439465;0,031321275;0,748903677;0,629444552;1,403009904;2,192021748;-0,011380409;-0,033172822;0,316722326;9,684598515;3,390569542;0,541330406;-0,346979798;0,109135606
49,97135326;8,270674265;0;1;0;0;0;1;11;17;5;2;2;0;secondary;Hechtsheim;2019;2;2;15,21508843;37,71604002;47,06886709;0,716413028;19,43248558;0,524223781;-0,514339918;-0,64409326;-0,379479297;-2,443720226;0,012392963;0,019816924;-0,552115873;2,500002342;-6,242191111;0,666308814;0,154533688;2,681264016;33,22311976;-0,187312323;-0,565425595;0,025670758;-0,134547948;0,691183688;0,011900104;-0,350986606;0,206587986;1,030116765;3,604150679;0,253479866;0,010187819;-0,102084938;47,34439465;0,03763883;-0,122331284;-0,110996935;-0,196280671;-0,241746474;0,002984564;-0,018007877;-0,036270689;0,618081415;-0,539579261;0,163062885;0,052578664;0,115339266
49,99533807;8,275763836;1;1;0;0;0;1;9;9;0;5;0;0;tertiary;Altstadt;2018;2;2;16,95312411;36,03305519;47,01382816;0,736535859;19,43248558;-0,355340995;0,010256611;-0,220550406;-0,020591597;-1,137560328;0,02148167;0,059476965;0,301581728;-1,613089527;-0,302721814;-0,231802097;0,06363281;0,945865502;33,22311976;2,614496328;-4,28756358;0,172719698;-0,423384879;2,554261638;0,212089828;0,328303248;-3,266482625;2,258473502;2,597239045;0,423842995;0,023703146;-0,39776292;47,34439465;-0,137950967;0,087420053;0,054624213;0,095324812;0,211194022;-0,00228604;0,002267945;-0,069848164;-0,388886012;-0,138625402;0,077696528;-0,063484797;-0,058012688
49,99280123;8,227583906;0;1;0;0;0;1;9;15;0;7;0;0;trunk;Hartenberg-Münchfeld;2019;2;2;22,08897322;33,72544348;44,1855818;0,808547389;19,43248558;1,272286452;0,102699031;-0,802914772;-0,037869234;-2,549791431;0,010950072;-0,024175859;-0,596507366;-1,391231699;3,350945759;-0,509539101;0,150773834;3,680861955;33,22311976;0,24295396;0,893178775;-0,153261147;0,096753713;-0,42114748;-0,014068217;-0,146801305;-0,147711504;-0,20592528;-0,938532037;-0,082227876;-0,006112121;1,385224241;47,34439465;-0,313259211;0,404396596;0,441062202;0,398392108;1,002386976;-0,010695216;0,011491853;0,037390878;-3,264483244;-0,709445435;0,315257118;-0,307167642;-1,164139835
50,00229881;8,208497513;1;1;0;0;0;0;4;19;1;7;0;0;secondary;Gonsenheim;2016;2;2;12,44438216;31,2091887;56,34642839;0,618464389;19,43248558;-0,063842795;-0,209843024;-0,440636315;-0,198697174;-2,749866522;-0,010734986;-0,200345654;0,746346566;-8,098973485;2,779169636;-0,488419077;0,043373804;1,904365605;33,22311976;-0,750137467;1,172634735;-0,048352737;0,121797474;-0,754360369;0,007799712;-0,332294198;-0,322914038;-0,21395254;-0,920353449;-0,118169824;-0,011111251;0,15548289;47,34439465;-0,89511939;0,50661025;0,268566875;0,855103803;1,533219045;-0,000410701;-0,03147896;-0,351683889;7,684210994;-0,694123869;0,354379858;-0,256442021;0,029201745
49,99514594;8,274447761;0;1;0;0;0;0;4;20;4;6;2;1;construction;Altstadt;2019;2;0;56,64044023;26,36324465;16,99631512;0,641105545;19,43248558;3,753504727;0,063268321;-0,901834788;-0,286453938;-3,455664087;-0,015141481;-0,063379927;2,054920699;23,11655646;5,831648004;1,73381461;-0,591604821;5,968320857;33,22311976;-1,216193627;-1,468955571;0,144916435;-0,122385732;0,749831416;-0,006612547;0,397983879;0,423032675;0,42350602;-4,984188194;-0,463925496;-0,392445376;-0,344438991;47,34439465;-2,073627825;-0,220359626;0,490420531;0,613157707;1,318754319;0,004284024;-0,059667959;-0,905230725;-24,30533907;-3,085841329;-1,050535804;0,87000992;-1,944103692
50,00284506;8,210486347;1;0;0;0;0;0;11;7;0;7;1;1;secondary;Gonsenheim;2017;2;1;14,42316324;43,67175102;41,90508127;0,715935146;19,43248558;-0,523406481;0,409331698;-0,334256831;0,10384281;-2,307470977;-0,009509607;0,228363058;-1,991417584;-3,547969241;2,228319615;0,318400119;-0,697188842;1,113639916;33,22311976;1,224970487;6,005089916;0,12430647;-0,078706524;1,396938223;-0,035502217;-0,992228969;-0,514535402;2,29345619;1,435557978;-0,485224265;-0,137422813;0,211932186;47,34439465;-2,525161389;-13,05767919;0,815480129;-0,91824798;5,168351998;0,001365862;0,47602132;6,974481271;-5,137964513;-3,031620709;1,185740109;4,28128025;0,32863946
50,01630187;8,224509621;0;1;0;0;0;0;4;7;1;5;0;0;residential;Mombach;2022;2;2;4,870450124;28,81509066;66,31445885;0,463580638;19,43248558;0,146353493;-0,269100991;-0,323556201;-0,066755045;-1,447902855;-0,016396063;-0,233519982;-1,076272799;-3,77874679;-0,802912819;-0,289339328;0,028183037;-6,432069116;33,22311976;1,851606263;5,060461302;-0,210199874;0,816930677;-3,217841311;0,02743668;-1,528144478;-0,421653526;-2,389559084;-5,478610201;-0,765065817;-0,052669948;1,89928021;47,34439465;0,008426516;0,974834934;0,630302869;1,022110924;1,971286821;-0,000857734;-0,066331908;1,951780548;5,979298628;-0,827620878;0,608577942;-0,31185971;7,030115239
49,99141986;8,266272414;0;1;0;1;0;0;8;13;3;2;0;0;primary;Oberstadt;2018;1;1;29,95330989;43,5725987;26,47408843;0,843483377;19,43248558;0,536314995;-0,58213384;-0,646342528;11,9073452;-2,485766338;-0,027201824;-0,063217583;0,025897873;0,770757438;-4,468850099;-0,245527235;0,410695242;5,388853004;33,22311976;-0,372656005;-1,92739523;0,079763513;3,977035729;1,955930005;-0,01454243;0,397808975;0,569374135;1,411391097;5,616806955;-0,08468091;0,031842731;-1,291199633;47,34439465;-0,072623861;0,54210565;0,355295768;-20,64898258;0,889656159;0,00842771;-0,075743149;-0,177298405;-0,07629357;1,093342917;0,220669648;-1,077009237;-1,851853274
50,00477284;8,269477582;0;1;0;0;0;0;12;11;5;3;0;0;secondary;Altstadt;2019;2;2;22,2083047;32,99631476;44,795385;0,804324833;19,43248558;0,272890137;-0,193920782;-0,41134826;-0,152737503;-1,64764372;-0,005224372;0,039241458;0,36249841;1,828081586;0,797292559;-0,253783871;0,063391216;2,077082262;33,22311976;0,082271811;0,217002665;-0,009625499;0,045455693;-0,187160836;0,001169296;0,245409473;0,011135081;-0,204458544;-0,427455563;-0,020319784;-0,001771204;0,021542414;47,34439465;-0,571875496;2,841660283;2,458764664;4,926820397;6,612409165;-0,003899936;0,309966986;-1,612450362;-14,7082374;0,426815307;1,839539013;-1,443922753;-3,624599523
49,97282003;8,287945506;1;1;0;0;0;0;11;16;4;2;0;0;tertiary;Weisenau;2016;2;2;12,325003;39,41865265;48,25634062;0,675713737;19,43248558;-1,322431223;-0,273004957;-0,161278253;-0,458653686;-2,026440356;-0,012266671;-0,011316081;-0,083426478;2,68310363;-7,05969434;-0,084752632;0,188842176;1,513836285;33,22311976;0,777396621;-1,133988971;-0,004887507;-0,103901277;1,20875951;-0,011402101;-0,639489424;0,262177901;1,722634945;4,155070314;-0,035964237;0,012317551;-0,013190435;47,34439465;1,060584395;0,300345145;0,224731212;1,365341745;1,861789357;0,002518045;1,073231525;-0,012256744;-12,70619701;8,791082494;0,252765253;-0,490186795;-0,811802657
50,00247584;8,264864998;1;0;1;0;0;0;9;16;6;6;0;0;residential;Altstadt;2020;2;2;11,36136726;42,18451083;46,45411968;0,668352822;19,43248558;-1,024405416;0,441430565;1,228059147;-0,080839783;-2,556954565;-0,015627311;0,054905553;-0,629364728;3,137001118;-0,379578793;-0,445561743;0,057233895;-7,857416266;33,22311976;2,760242076;6,811531264;-0,649465709;-0,125217674;1,759377935;-0,042848063;0,145874769;0,60286924;0,04825041;-2,669040607;0,104530863;0,059498055;0,155788507;47,34439465;-1,317571311;6,846045698;2,585870787;-1,187482452;-3,33054472;0,00122057;-0,082338656;-0,374076817;12,49729187;-3,924758115;-1,355965397;0,464802741;-11,71276918
49,95900193;8,276070357;0;1;0;0;0;0;3;18;1;7;2;0;living_street;Hechtsheim;2022;2;2;12,60277778;28,76725793;58,62995982;0,595551433;19,43248558;0,48746187;-0,287706689;-0,75098685;-0,19601566;-2,773971716;-0,00853626;-0,074700655;-0,917670248;-7,329322634;3,350196386;1,744850916;0,045079107;-0,118385369;33,22311976;26,08343915;76,45419444;-6,181377617;9,507754315;-37,03186966;0,328863983;-15,15974041;-15,72953948;-19,267461;-72,20217215;31,8393571;-0,901756401;17,80444589;47,34439465;-0,083105106;0,593466974;0,635025739;0,952089721;1,848520733;0,002326795;-0,089760066;0,364920606;6,590104048;-0,91218741;-1,404920585;-0,281718245;3,070801964
50,00904005;8,268935862;0;1;0;0;1;0;3;8;2;6;0;0;primary;Altstadt;2016;2;2;23,44441116;19,58480626;56,97078109;0,643866237;19,43248558;-0,627415834;-0,329458279;-0,329061856;-0,117839665;5,720373928;-0,004633933;-0,000558817;-0,183838742;-1,378072406;0,371111182;-0,144444636;0,046423277;0,989341357;33,22311976;-0,605783867;-1,162005792;0,227369537;-0,369555223;-2,161952971;-0,011566399;0,07157721;-1,00370413;-3,092260089;-5,088528325;0,128392076;0,103281394;-0,673576919;47,34439465;2,095341306;1,022574141;0,452656942;1,052524081;-7,259394395;-0,002780314;-0,00842736;1,086879167;9,141248415;1,620939407;0,359332528;-0,275830127;0,341322641
50,0195234;8,216642988;0;1;1;0;0;0;4;15;6;4;0;0;residential;Mombach;2018;1;1;21,83689773;43,80289912;34,36020315;0,809146273;19,43248558;-1,710845712;0,660916417;-6,098550056;0,148689098;4,144404894;0,014714935;0,068593939;0,503471349;-9,685149597;-4,151692623;1,30584829;-0,095931497;17,29994271;33,22311976;-1,875583684;-4,223271304;-1,528202816;-0,689624543;3,940853714;-0,023115832;1,309323433;1,968042739;2,757788337;7,966852892;1,374210883;0,051882085;-0,449376542;47,34439465;-1,437754719;0,386936005;-3,026648058;0,354564318;0,872445541;-0,000599479;-0,010949291;0,027427207;-8,634719417;-8,076792332;1,131509915;-0,180052974;5,610441776
49,98445625;8,301838821;0;1;0;1;0;0;2;15;2;6;0;0;secondary;Weisenau;2019;2;2;25,66811144;36,80681586;37,52507269;0,884853537;19,43248558;-4,36368674;-0,412757664;-1,387250254;21,01244522;-7,167141491;-0,031670613;-0,083877499;-1,726720471;-8,310740027;1,267518769;-1,2296761;0,639505806;8,029676918;33,22311976;0,800840991;2,08060833;-0,084048152;-6,583263445;-0,788700652;-7,81821E-05;0,515598191;-0,393989534;2,771335968;5,389218264;-0,278042897;-0,116919586;0,271136806;47,34439465;1,641376932;0,614638242;0,276183176;-19,5008362;1,074048789;-0,001539383;0,00032217;0,158658416;5,951429755;1,194866811;0,207819358;-0,844087445;-0,592202582
50,00540947;8,257519645;0;1;0;0;0;1;8;13;2;6;0;0;tertiary;Neustadt;2016;2;2;9,820392728;17,26920605;72,91040421;0,402849378;19,43248558;-2,193257219;-0,18238026;-0,655228605;-0,438955678;-3,522712016;0,009629267;0,022886304;-0,856279055;-5,373533579;1,024626619;-0,561539595;0,132363314;2,982287649;33,22311976;-1,639281247;-2,781381353;0,11241669;-0,571977475;0,740929028;0,048225381;0,650928355;0,502496149;-5,568015759;-7,451906043;0,211995401;0,134069749;-0,34241259;47,34439465;3,550906708;1,040920591;0,536329235;1,534489471;2,246940683;-0,006028638;-0,030812221;0,478905189;13,56117222;2,496467537;0,506688816;-0,361082858;0,011112821
50,00074288;8,265220874;1;1;0;0;0;1;11;13;3;6;0;0;tertiary;Altstadt;2021;2;2;19,1735208;31,34891391;49,47756231;0,735876637;19,43248558;-0,475796303;0,143607339;0,313222828;0,185044373;1,799113371;-0,012690499;-0,024043468;0,126577632;0,171552786;-0,661504674;0,282776001;-0,072153964;-2,034670201;33,22311976;2,975001444;-2,977482448;0,056093233;-0,290312361;1,796650239;0,099544675;-1,751978399;0,541124051;3,929553485;-6,178995469;0,203079869;0,145798677;-0,422282848;47,34439465;-1,721865498;0,53415097;0,27010294;0,929289828;1,196724529;-0,012665172;0,09566412;0,064220337;-0,488026186;1,538268836;0,378634103;-0,289095996;-0,362235158
49,95215644;8,253289588;0;1;0;0;0;0;1;9;2;6;0;1;secondary;Hechtsheim;2017;2;2;9,673547;14,90497291;75,42148232;0,367054239;19,43248558;-2,294921575;-0,184337686;-0,739904138;-0,386605972;-3,741822342;-0,010779132;-0,02599111;-0,00818473;-5,822168481;1,317996263;-0,612707819;-0,670690066;3,421178205;33,22311976;-1,407150586;-2,215887959;0,115511166;-0,451753967;0,579331389;-0,025661079;-1,032937452;-1,327743661;-4,75672535;-6,818962216;0,188595817;-0,79453382;-0,370229133;47,34439465;3,748083119;1,054871018;0,606540109;1,19507934;2,243690644;-0,002931002;0,057398541;0,176958671;14,36909118;2,333350344;0,536907272;1,306229646;0,451818791
49,99825287;8,262106371;1;1;0;0;0;0;8;12;2;2;0;0;primary;Oberstadt;2018;2;2;19,18982714;31,12387359;49,68629181;0,733821564;19,43248558;-2,396657653;0,088067971;0,199382404;0,238803626;1,300769982;0,004967456;-0,011630271;0,132429415;-0,849239852;2,474522498;0,178151121;-0,077643956;-1,52458118;33,22311976;1,922847043;-3,115917557;0,07583847;-0,443058572;1,897613878;-0,021604463;0,541328797;0,419157949;-7,630979231;4,972979691;0,037676208;0,073606785;-0,828735168;47,34439465;-6,481558855;0,880854002;0,25847656;1,132552807;1,44571415;-0,001225477;-0,039618376;0,021803821;3,965865886;1,86628364;0,380471231;-0,307851163;-0,779871068
50,01594089;8,223403655;1;1;0;0;0;1;7;13;2;6;0;0;residential;Mombach;2022;2;2;12,49889657;25,47131181;62,02979684;0,555133927;19,43248558;3,224426883;0,06655667;-0,405722944;-0,165500087;-1,585598853;0,013541887;0,034578788;-0,094723752;0,742630779;0,478739133;-0,341905782;0,077759236;-8,978370973;33,22311976;2,007403472;-2,2321199;0,075248278;-0,303154487;0,849156565;0,042914812;0,379172745;0,306881384;-3,927634425;-4,330858423;0,159854447;0,080364374;-0,859036797;47,34439465;-10,32686069;1,47266013;0,484791554;1,347267898;2,171815411;-0,006937797;-0,330684343;0,417107938;6,953179327;2,213295641;0,703074737;-0,453748577;10,04044096
49,99240011;8,229035418;0;1;0;0;1;0;4;18;2;6;0;0;trunk_link;Oberstadt;2018;2;2;25,3335923;20,47096789;54,19543982;0,684247616;19,43248558;-0,615376445;-0,414041252;-0,392144271;-0,129090044;7,17047674;-0,005908993;-0,049303529;-0,422897248;-1,140538379;0,490081461;-0,166546927;0,056398062;1,519997537;33,22311976;-0,675338408;-1,306751932;0,212038157;-0,405593565;-2,385153194;-0,009033394;0,621282019;0,108025839;-3,328569526;-5,179336696;0,105260497;0,097714746;-0,606696417;47,34439465;1,80647093;0,869897295;0,390808164;0,870366688;-6,31182582;-0,002347677;-0,007960731;0,343571082;7,082255046;1,456013316;0,232751867;-0,248311479;0,369356479
50,0028638;8,274416656;0;1;1;0;0;1;2;7;6;4;0;0;residential;Altstadt;2020;2;1;19,15974915;43,28463972;37,55561411;0,781683724;19,43248558;0,064149636;-0,021918429;0,210173065;-0,004587546;-0,1503378;0,001956027;-0,002716553;-0,179004822;0,347859447;0,163298308;-0,054555903;0,003292635;-0,650344499;33,22311976;-2,194519042;-4,689060916;-2,111099758;-0,863991917;4,901165366;0,08849314;-0,127030168;1,311013425;3,3407992;9,09237807;1,740092108;0,059862521;-0,486582074;47,34439465;-1,285795948;0,34529438;-2,612060398;0,311096649;0,800993126;-0,006668381;0,057630502;1,493016095;-7,640165956;-7,218439192;1,097602978;-0,150015559;5,018731164
50,00061343;8,272207964;0;1;1;0;0;0;11;13;6;4;0;0;tertiary;Altstadt;2018;2;1;34,95468795;39,3602252;25,68508983;0,879098483;19,43248558;1,62876956;-0,294481623;4,190762684;-0,224715216;-3,326055212;-0,009292484;0,058772218;-0,963341481;8,027011775;4,750264997;-1,420869945;0,08986273;3,015514365;33,22311976;-1,516598124;-3,539100895;-1,289397361;-0,562867828;3,509148506;-0,02353235;-2,593039594;1,440353198;2,432664019;6,133675467;1,186249422;0,045081023;0,914469956;47,34439465;-2,222782518;0,297639161;-3,168153836;0,633835053;1,079641269;-0,000807151;0,057521817;0,008431795;-9,716143809;-9,73196865;1,459237451;-0,222449905;-0,133305505
50,00671866;8,25472551;1;0;0;0;0;0;10;22;0;1;2;1;secondary;Neustadt;2018;2;1;16,82640165;51,69038177;31,48320913;0,69679636;19,43248558;-2,192691927;-1,143443928;-0,678067518;0,190842593;-2,96951137;-0,017106814;0,338169683;3,210759728;-9,987446237;7,382704438;2,064698187;-1,035863243;2,230872474;33,22311976;1,837321427;9,60262399;0,175605882;-0,070606936;1,460856424;-0,042079732;-0,785378316;0,84174395;4,13623313;1,637924783;-0,124143059;-0,248548544;0,045709006;47,34439465;-0,023233557;-3,449500876;0,380066289;-0,347343394;1,342495154;0,016275371;0,017591185;-3,286452419;1,672886075;-12,26529635;-2,501642987;2,649140262;-0,066170277
50,02516916;8,210358179;0;1;0;0;0;0;8;16;2;6;0;0;secondary;Mombach;2019;2;2;9,620387852;16,7792052;73,60040545;0,39282045;19,43248558;-2,230694193;-0,177013908;-0,664033911;-0,456086017;-3,624229647;-0,010444132;0,024706613;-1,235428341;-5,527259066;1,136555934;-0,57168545;0,141936148;3,381578238;33,22311976;-1,63503237;-2,776511898;0,111658313;-0,586347975;0,752737309;-0,01363302;0,653237201;0,522714709;-5,706372004;-7,575654141;0,21357449;0,139291214;-0,543576386;47,34439465;3,604652165;1,01993742;0,539589869;1,535487257;2,177165047;-0,003630983;-0,030306852;0,599068202;13,84722408;2,443208375;0,443820262;-0,365748518;0,445544474
49,95767731;8,23128258;0;0;0;0;1;0;9;6;2;6;0;0;motorway;Marienborn;2018;1;0;62,63254881;23,03263843;14,33481425;0,554103363;19,43248558;-0,797975392;6,209304302;-1,137547681;-0,480672777;27,9321921;-0,015964989;-0,013206063;-2,68163248;-1,044579549;1,220979846;-0,564661364;0,150059918;14,42376736;33,22311976;-0,684579004;0,413746985;0,686900812;-0,206081144;-3,298085652;-0,031314068;0,257656267;0,785246051;-2,308819275;-3,737409515;-0,010247184;0,087414943;-2,144910546;47,34439465;1,086327705;-8,198716773;0,692427855;1,031154185;-13,56590423;-0,0402253;0,056017125;1,05030717;2,537372461;0,636656458;0,383596205;-0,336034013;-18,34255925
50,00836584;8,267692549;0;1;0;0;1;0;8;17;1;1;0;1;primary;Altstadt;2016;2;2;29,87080812;31,93607032;38,19311857;0,924941086;19,43248558;0,22794879;-0,767389711;-0,796445483;-0,163338189;12,38689025;-0,015995581;0,049016242;-1,104770359;-8,736625777;8,487709824;-0,818706151;-0,302612526;1,992641214;33,22311976;-0,064326241;-0,335813133;0,06434688;-0,037982516;-1,037703317;-0,000834691;0,080915557;0,21450047;0,198128931;-0,131662021;0,034149444;-0,052235818;-0,218532984;47,34439465;-0,590526736;0,574421287;0,439524472;0,477322332;-6,057827114;0,000320941;0,011002827;0,290382366;4,943294016;-10,84428781;0,354787764;1,818683605;-0,568374029
50,0285512;8,220986345;0;1;0;0;0;0;2;13;5;3;0;0;secondary;Mombach;2019;2;2;21,33766115;33,83224905;44,83009279;0,79641198;19,43248558;0,224757059;-0,160944768;-0,311773523;-0,132026561;-1,371186736;-0,004347429;-0,004395301;-0,108738593;1,504153736;0,679696406;-0,201240456;0,052741757;1,738479973;33,22311976;-0,103365469;-0,257252015;0,01388596;-0,058627549;0,23763892;-0,000955708;-0,06946122;0,046806913;0,250695506;0,536908455;0,028159729;0,002275097;-0,017579334;47,34439465;-1,477930238;7,216193936;6,173192383;12,75369302;16,86278817;-0,009945789;0,117601003;-0,271683316;-37,06944328;1,450242107;4,746567153;-3,737851954;-9,267725059
49,96022468;8,280320842;1;1;0;0;0;1;5;18;5;3;0;0;tertiary;Hechtsheim;2018;1;2;20,26905119;34,35661495;45,37433684;0,782040713;19,43248558;0,144047278;-0,087093158;-0,130294887;-0,08273798;-0,929619753;0,003920426;-0,025309953;-0,14500804;0,583204066;0,567101352;-0,125780065;0,033970873;1,030165453;33,22311976;0,280071177;-0,406703047;0,015833279;-0,063902123;0,378186912;0,012641097;0,157122659;0,056715956;0,214023664;0,503446046;0,030056327;0,002767828;-0,046764591;47,34439465;4,072370045;-2,298420126;-1,155387568;-4,099224033;-5,706558378;0,035181109;0,12547103;-0,421673422;4,415583532;1,108088029;-1,335108444;1,206243633;2,083376777
50,00433928;8,257076567;1;1;0;0;0;1;5;14;1;5;0;0;residential;Neustadt;2022;2;2;5,35107255;30,65473139;63,99419904;0,490548749;19,43248558;0,255530621;-0,282472595;-0,272202674;-0,076982296;-1,535931301;0,023596415;-0,214685621;-0,035516573;-4,398976717;-1,090769542;-0,245898324;0,022551345;-6,229655772;33,22311976;-1,047872557;1,612875697;-0,051563801;0,182235366;-1,118570033;-0,042727789;-0,348184998;-0,337959403;-0,626845018;-1,128807074;-0,165691555;-0,015132141;0,519854939;47,34439465;-1,451306595;0,912454679;0,415343691;0,956093936;1,852106878;-0,009567336;-0,059408147;0,085758891;7,843054456;-0,657056874;0,502355515;-0,306451159;6,566426448
49,9862338;8,17500868;0;1;1;0;0;1;12;11;6;4;0;0;secondary;Finthen;2016;1;1;36,80144846;38,29648793;24,9020651;0,872869942;19,43248558;1,690397202;-0,295386295;4,469738088;-0,217585845;-3,355693179;0,008887887;0,093102375;0,337484497;7,99821806;4,759128709;-1,443335833;0,089677381;3,234329834;33,22311976;-2,266519246;-4,862595885;-1,779789799;-0,780123468;4,799350458;0,125666897;-4,514317572;0,503882901;3,246675853;8,320914363;1,613055277;0,061346688;0,6058217;47,34439465;-2,202060063;0,301330327;-3,287164329;0,634122734;1,071832856;-0,008990593;0,047446153;-0,325346026;-9,790991945;-9,727541874;1,455721141;-0,220355057;-0,390332881
50,00019588;8,262171204;0;1;0;0;0;1;9;13;5;3;0;0;secondary;Altstadt;2018;2;2;21,24132365;34,13098156;44,62769032;0,797115018;19,43248558;0,215951496;-0,151513078;-0,296309931;-0,125661975;-1,302142245;0,00395842;-0,002696199;-0,111337716;1,437713238;0,639324959;-0,190979818;0,050033508;1,642497407;33,22311976;-0,124928337;-0,361124509;0,018697198;-0,071398946;0,29593555;0,004617847;0,092303731;0,093149024;0,294573653;0,656361533;0,036540223;0,002858891;-0,029724053;47,34439465;-1,609171414;7,794098221;6,669074585;13,83175709;18,22485309;-0,1302771;0,188440698;-0,234477489;-40,14858011;1,714073431;5,140121611;-4,117121005;-10,03949594
49,95773863;8,251102344;0;1;1;0;0;1;11;3;6;4;2;0;secondary;Hechtsheim;2019;0;0;62,13933229;25,48608184;12,37458438;0,553239311;19,43248558;2,394699855;-0,204329329;8,483456711;-0,145731984;-3,045009636;0,016627033;0,066099979;8,263763444;9,486664861;6,81085897;5,938910846;0,078492594;4,562343367;33,22311976;-0,7942325;-1,690020095;-1,559645165;-0,238072414;1,383438394;0,074077962;-0,68849611;-3,734549284;-0,139736527;1,249846372;-1,904576688;0,019740401;0,285187729;47,34439465;-2,67593338;0,220774354;-4,089070972;0,377812666;0,817994923;-0,017915862;0,05797542;-2,690734805;-9,305190238;-11,86014507;-5,095562365;-0,187660948;-0,522154005
49,98317741;8,299552904;0;1;0;0;0;0;10;18;5;3;2;0;tertiary;Weisenau;2019;2;2;22,50508666;33,41369927;44,08120811;0,813141418;19,43248558;0,272476959;-0,179745484;-0,517476251;-0,150763746;-1,57349174;-0,005563997;0,022504934;-0,4049726;1,621440509;0,910244363;0,920971371;0,065261816;2,091714944;33,22311976;-0,045897062;-0,128810833;0,012558475;-0,02467835;0,095251539;-0,000106612;-0,034214367;0,023714849;0,126593856;0,219826388;-0,043097638;0,001037246;-0,011597983;47,34439465;-0,484913873;2,132153535;2,36982596;3,721666085;4,845187215;-0,001308425;0,037755196;1,175342297;-10,15010346;0,956291538;-4,304013297;-1,111535928;-2,449533388