Latitude;Longitude;IstRad;IstPKW;IstFuss;IstKrad;IstSonstig;TagKategorie;Monat;Stunde;Unfallart;Unfalltyp;Lichtverhältnisse;Straßenverhältnisse;Straßenart;Stadtteil;Jahr;Unfallklasse Wahr;Unfallklasse Bestimmt;Wahrscheinlichkeit Klasse 0;Wahrscheinlichkeit Klasse 1;Wahrscheinlichkeit Klasse 2;Unsicherheits-Score;Base-Value Klasse 0;SHAP_0_IstRad;SHAP_0_IstPKW;SHAP_0_IstFuss;SHAP_0_IstKrad;SHAP_0_IstSonstig;SHAP_0_TagKategorie;SHAP_0_Monat;SHAP_0_Stunde;SHAP_0_Unfallart;SHAP_0_Unfalltyp;SHAP_0_Lichtverhältnisse;SHAP_0_Straßenverhältnisse;SHAP_0_Straßenart;Base-Value Klasse 1;SHAP_1_IstRad;SHAP_1_IstPKW;SHAP_1_IstFuss;SHAP_1_IstKrad;SHAP_1_IstSonstig;SHAP_1_TagKategorie;SHAP_1_Monat;SHAP_1_Stunde;SHAP_1_Unfallart;SHAP_1_Unfalltyp;SHAP_1_Lichtverhältnisse;SHAP_1_Straßenverhältnisse;SHAP_1_Straßenart;Base-Value Klasse 2;SHAP_2_IstRad;SHAP_2_IstPKW;SHAP_2_IstFuss;SHAP_2_IstKrad;SHAP_2_IstSonstig;SHAP_2_TagKategorie;SHAP_2_Monat;SHAP_2_Stunde;SHAP_2_Unfallart;SHAP_2_Unfalltyp;SHAP_2_Lichtverhältnisse;SHAP_2_Straßenverhältnisse;SHAP_2_Straßenart
49,99039797;8,204593567;0;1;0;0;0;0;2;8;4;2;0;1;trunk_link;Gonsenheim;2017;1;2;13,53300363;38,47979009;47,98720181;0,69179351;19,43248558;1,205941126;-0,333547719;-0,310932795;-0,375372576;-1,970475212;-0,009244914;-0,030803325;-0,477642053;5,534738006;-9,824719423;-0,114633794;-1,064636641;1,871847366;33,22311976;-0,392240772;-0,971950036;0,054656604;-0,139191176;1,019535766;-0,009685947;-0,073436725;-0,530108476;1,65358657;4,833096807;-0,02826641;-0,093434451;-0,065891425;47,34439465;-0,930497915;0,315854674;0,351433158;0,818386444;1,456119828;0,014321196;0,126910589;0,890752029;-13,90818235;9,839671948;0,288067396;1,957579059;-0,577608898
49,97825276;8,28059448;1;1;0;0;0;0;12;12;5;2;0;0;service;Hechtsheim;2019;2;2;12,20827773;34,91807878;52,87364125;0,64702627;19,43248558;0,08126934;-0,450452201;-0,318961101;-0,296420617;-2,365538811;-0,005895687;0,061269043;0,031166448;1,154959101;-4,493493764;-0,154381273;0,116935809;-0,58466414;33,22311976;0,235726773;-0,366355746;-0,001689808;-0,067604517;0,480273037;-0,002814131;-0,362523633;0,052779471;0,39369159;1,424559457;-0,036119136;0,005753649;-0,060717988;47,34439465;-0,841063582;0,779593104;0,306361005;1,083082337;1,492465557;0,001569225;0,137732624;-0,324916135;-1,386402084;2,401482435;0,313905438;-0,283780548;1,849217222
49,99785629;8,268440355;0;1;1;0;0;0;8;14;6;5;0;0;residential;Altstadt;2021;2;2;17,54263043;38,71068358;43,74668598;0,759157695;19,43248558;0,437082182;-0,160986649;1,563151804;-0,037893857;-1,099023824;-0,006061675;0,104399766;-0,038235313;2,419494293;-0,516804381;-0,269599633;0,02751794;-4,312895801;33,22311976;-1,646169605;-4,175602695;-1,877413735;-0,673720913;3,82868007;-0,024867671;0,578908103;1,496885518;2,670256089;5,228756204;1,044546241;0,050790541;-1,013484324;47,34439465;-0,579672323;0,364270871;-2,309215644;0,380624659;0,790709037;-0,000459728;-0,019345246;0,021953867;-6,366399004;-0,400333442;0,48260328;-0,142183597;4,179738598
50,01722653;8,227787544;1;0;0;0;0;0;3;17;5;7;0;0;residential;Mombach;2022;2;2;13,8072893;39,63747025;46,55524492;0,701044949;19,43248558;0,010487285;1,882443192;-0,259357752;-0,078347725;-2,404451895;-0,01252806;-0,144676569;-0,565146547;0,883938302;2,805117431;-0,233775044;0,094182438;-7,603081339;33,22311976;1,079331644;4,021381061;0,062737547;-0,108607047;1,602319987;-0,009364403;-0,039179985;0,40712175;-1,617452398;1,059013425;0,03077815;0,014259311;-0,087988561;47,34439465;3,017893815;17,4231937;-0,78572297;-2,063891525;-5,644300843;0,003922535;0,089182565;-0,115311216;4,505932662;1,845601031;-1,117900982;0,998638537;-18,94638704
50,00082534;8,264714545;1;1;0;0;0;0;3;20;2;6;2;1;secondary;Altstadt;2019;2;2;33,41708183;24,71572459;41,86719358;0,851458609;19,43248558;4,940225636;0,168034498;-0,730349909;-0,212917131;-2,237875101;-0,009756261;-0,018402768;2,676496103;2,833874563;1,754230834;2,045617205;-0,47109836;3,246516942;33,22311976;2,104304521;-2,247875617;0,123276254;-0,243398673;0,614241386;-0,01030564;0,248300795;0,583738362;-3,833295219;-4,423096878;-0,512345759;-0,550266;-0,360672705;47,34439465;-16,73145916;1,798782422;1,09438866;1,773242198;3,089917835;0,004374483;-0,06101113;-4,368094912;8,04658692;2,074805084;-3,67773344;2,26789728;-0,788897317
49,99398844;8,234991472;0;0;1;0;1;0;5;15;6;4;0;0;residential;Oberstadt;2018;2;0;55,04203439;25,23376346;19,72420216;0,670892301;19,43248558;0,873997888;8,217305697;7,296763868;-0,083664964;20,29300573;-0,014234152;-0,201725916;-0,002786909;8,332322705;3,435762501;-0,746466623;0,107047303;-11,89777832;33,22311976;-0,534409239;2,038547735;-2,348119181;-0,169835517;-10,33165305;-0,034282324;0,685854352;0,809688514;-0,301728466;1,756849082;0,114906198;0,019659361;0,305166229;47,34439465;-1,901491951;-5,654483342;-3,685958282;0,368335792;-6,825090901;-0,000629016;-0,019335643;-0,030418093;-9,179224491;-9,006657323;1,328589311;-0,262285436;7,248456874
49,99670697;8,278669193;1;1;0;0;0;0;8;17;2;6;0;0;secondary;Altstadt;2018;2;2;24,11390841;26,21908188;49,66700375;0,754317535;19,43248558;3,784121643;0,095987481;-0,297475348;-0,239399132;-1,951376908;-0,006616015;0,000755407;-0,737564833;1,105936566;0,985095735;-0,406593129;0,090519678;2,258031681;33,22311976;1,813292044;-2,080056578;0,06625597;-0,286611005;0,814235164;-0,012022972;0,36181354;0,307965039;-3,712264298;-4,18140514;0,151399557;0,077569576;-0,32420878;47,34439465;-7,231581845;0,815654227;0,260325245;1,108961968;1,465011889;-0,003343239;-0,027019888;0,429344579;4,442576415;1,291938692;0,403903462;-0,307917355;-0,325245054
50,02100388;8,242950852;1;1;0;0;0;0;8;17;5;3;0;0;secondary;Mombach;2019;2;2;20,42239159;34,34726894;45,23034394;0,784619171;19,43248558;0,15720152;-0,097975708;-0,144333777;-0,09199943;-1,043419202;-0,003125605;-0,000985184;-0,176500657;0,653413745;0,62713619;-0,140390542;0,0382329;1,212651759;33,22311976;0,259549567;-0,427766267;0,015781667;-0,064731489;0,383761371;-0,002426456;0,106012559;0,097068724;0,237970846;0,528213656;0,034060937;0,00280432;-0,046150257;47,34439465;6,763689448;-3,681341386;-1,906371398;-6,581124576;-9,097093729;0,005951214;0,157597615;-0,658864698;7,029867715;1,731998218;-2,143082487;1,964810015;4,299913333
50,00090514;8,260178688;0;0;1;0;1;0;10;14;0;4;0;0;residential;Neustadt;2021;0;0;40,1058346;31,63979053;28,25437188;0,894266342;19,43248558;0,873489081;5,116205135;6,755017165;0,078815947;16,00227605;-0,006317609;0,315841325;0,724455337;-3,663705694;2,988991891;-0,620841409;0,231052443;-8,121930641;33,22311976;-0,260653097;1,884775701;-1,125715469;-0,073703996;-4,247228996;-0,017604219;-0,442001136;0,237664854;1,537470478;0,856902076;0,031743939;0,00875438;0,026266257;47,34439465;-1,521700004;-5,226237674;-3,250353643;-0,093283258;-5,560486859;-0,000721903;0,000252981;-0,122725515;-1,897735729;-8,879064271;1,202394469;-0,339649821;6,599288454
49,99471952;8,280558435;0;1;0;0;1;0;3;15;2;6;0;0;secondary;Altstadt;2016;2;2;25,03185272;20,13444304;54,83370423;0,67471753;19,43248558;-0,634559333;-0,396780358;-0,371665957;-0,119021986;6,757249898;-0,004373992;0,002827086;-0,30942513;-1,105244565;0,450261181;-0,148210934;0,054490633;1,423820594;33,22311976;-0,698464976;-1,291376887;0,207395662;-0,404331266;-2,307774154;-0,009452472;0,147960079;0,349877975;-3,479296579;-5,487459249;0,114306974;0,113983264;-0,344045089;47,34439465;1,881579417;0,873079273;0,392528276;0,884309525;-6,291278396;-0,002414833;-0,010409747;0,276359057;7,464594636;1,477203579;0,230814562;-0,248638938;0,561583167
49,98970648;8,257865787;1;1;0;0;0;1;6;12;5;2;0;0;residential;Oberstadt;2016;2;2;7,725246251;34,34761763;57,92713761;0,564972741;19,43248558;0,195261879;-0,471178503;-0,311545971;-0,169462516;-1,74212787;0,012686664;0,014198098;0,312331641;0,330224633;-3,103356432;-0,106895406;0,087779096;-6,755154645;33,22311976;0,178339066;-0,264663084;0,006987716;-0,049398922;0,31178616;0,007918923;0,055940331;0,037494251;0,212925538;0,819537651;-0,022588661;0,003470155;-0,173251259;47,34439465;-1,44225137;1,057172651;0,442377014;0,968701102;1,616663181;-0,019145279;-0,097606854;-0,295227485;-1,341881486;2,503797144;0,36245507;-0,334484003;7,162173272
49,95073279;8,223922838;0;1;1;0;0;0;8;11;2;4;0;0;motorway;Marienborn;2018;2;2;27,41956115;34,37164128;38,20879459;0,905273361;19,43248558;-3,71475125;-0,431232329;14,23282562;-1,55563126;-13,68247083;-0,025707242;0,159711657;-0,139479045;-16,28547187;10,8236542;-3,505970902;0,308174367;21,80342445;33,22311976;0,097154037;0,100714295;0,495735619;0,036441487;-0,178832924;0,001148349;-0,062394356;-0,026736609;0,481056722;-0,175657676;-0,057957335;-0,004074487;0,441924393;47,34439465;0,20497459;0,571692228;-3,855674413;0,801134962;1,743245666;-0,036733881;-0,047072579;0,069542715;5,465300232;-5,489265223;0,908852495;-0,17411164;-9,297485213
49,99331165;8,262077991;1;1;0;0;0;0;1;12;4;7;0;0;primary;Oberstadt;2016;2;1;32,90255368;37,07337976;30,02406359;0,938610117;19,43248558;-4,28638473;0,033956466;-0,347250185;-0,499064696;-3,528158278;-0,015244804;-0,005043254;0,102132754;12,81095783;4,03825537;-0,368395914;0,112125563;5,422181969;33,22311976;2,479942206;-3,230691098;0,124631511;-0,197872726;2,894105446;-0,024219782;-1,439489069;0,330228138;1,013978298;2,779814669;0,359577078;0,029733978;-1,269478655;47,34439465;3,38610675;-0,395315707;0,187242572;0,843701365;1,63462531;0,002523684;0,359369225;-0,063701577;-18,09419869;-1,191953423;0,35666207;-0,288605565;-4,056787079
50,02422174;8,215615199;1;0;0;0;0;1;6;7;4;6;0;0;residential;Mombach;2021;1;2;9,43601355;39,55022395;51,01376176;0,628046541;19,43248558;-1,454078368;0,479033991;-0,146791752;-0,174732962;-2,303342721;0,025312287;0,001987001;-1,795602123;4,794509467;0,398581671;-0,284450467;0,072026809;-9,608924865;33,22311976;1,906214992;4,379734539;0,068389779;-0,049231993;1,213556039;0,088754058;0,222969656;-0,197155306;0,402914522;-1,886800443;0,037992514;0,030513065;0,109252762;47,34439465;1,437101542;-0,721040633;0,085695255;0,464928861;1,20496628;0,00707163;-0,337400188;0,925473861;-6,155802465;0,234236071;0,270447503;-0,166789094;6,420478481
50,0201014;8,245346735;1;0;0;0;0;0;1;15;0;7;0;1;secondary;Neustadt;2021;1;1;14,84450996;46,04783654;39,10765052;0,716229515;19,43248558;-0,563490545;0,442249269;-0,357246111;0,107709894;-2,557406182;-0,009871688;0,277168284;-0,26479534;-3,880512375;2,267300131;-0,38890279;-0,757378775;1,097200603;33,22311976;1,27538367;6,685760351;0,101544629;-0,081952889;1,527888765;-0,035774785;-0,946206293;0,342796957;2,481873661;1,479519948;0,038570933;-0,142815121;0,098126957;47,34439465;-1,801872441;-8,629521566;0,556284459;-0,483498766;3,32975278;-0,000297782;0,111989348;0,074470527;-3,421876876;-2,064259444;0,896018162;3,012834477;0,183232986
50,01247269;8,217640439;0;1;0;1;0;0;1;20;5;3;2;0;tertiary;Mombach;2022;2;1;34,35667455;42,25558043;23,387748;0,835880354;19,43248558;0,643430696;-0,293772735;-1,068196124;6,646194609;-2,73947242;-0,016039323;-0,03328337;2,23784762;2,433526731;0,961289892;1,571683241;0,257319535;4,323660615;33,22311976;-0,564545397;-1,515851967;0,180581355;5,109177208;1,62591622;-0,003668921;-1,289979531;0,90992095;1,755234063;3,69701592;-0,701074375;0,011184549;-0,181449411;47,34439465;-0,252284078;0,496450793;0,443036558;-19,24951821;1,00507067;0,001784825;0,247209213;-0,719452108;-3,070093702;0,035062687;-0,766882028;-0,909278275;-1,217752998
50,02513314;8,211605111;0;0;0;1;0;0;6;8;0;1;0;1;secondary;Mombach;2020;2;2;12,1509701;38,24863434;49,60039854;0,667403373;19,43248558;1,390098575;-0,932004097;-0,526724711;1,090273068;-2,549476683;-0,015420457;0,078258194;-0,181394682;-12,2831244;7,680306018;-0,46292123;-2,444429022;1,875043945;33,22311976;-0,166592825;2,666969483;0,060710477;0,655063525;0,497447667;-0,015720442;0,138825454;-0,61919731;1,281901421;0,500878194;0,043333205;-0,113490392;0,09538612;47,34439465;-0,152550395;-0,558064181;0,050920781;-0,652244846;0,192989238;0,021824478;-0,027734123;0,322082254;2,509859436;-1,613433034;0,100750698;2,084533146;-0,022929568
49,97801031;8,311482186;1;0;0;0;1;0;3;8;2;6;0;0;secondary;Weisenau;2017;1;0;49,97353852;24,07233417;25,95412135;0,749865445;19,43248558;3,373519036;5,193535423;-0,591233251;-0,21374937;18,168093;-0,01169118;0,184981168;-0,282354008;1,102083373;0,639288562;-0,389866796;0,128995397;3,239451583;33,22311976;1,920375291;5,493419709;0,239545163;-0,253547273;-9,649534098;-0,053618694;0,328609698;-1,899867604;-2,32305499;-3,159822366;0,005291301;0,092713371;0,108704902;47,34439465;-8,138978932;-9,897688239;0,403583605;1,368441181;-11,74283731;-0,005068442;-0,024713319;1,803410636;2,720713669;1,500335534;0,614259852;-0,460144436;0,468412894
49,9633761;8,232130448;0;1;0;0;0;1;1;11;1;5;0;0;residential;Marienborn;2017;2;2;6,088487804;29,37178016;64,53973055;0,490321463;19,43248558;0,153981753;-0,321901403;-0,388921321;-0,070438363;-1,573468702;0,041572811;-0,088756561;0,892811396;-4,431313437;-0,6234631;-0,27216626;0,082936959;-6,744871552;33,22311976;2,832680605;7,741052212;-0,273147981;1,16849407;-4,72455577;-0,181889598;2,550230708;-0,389664009;-4,303229194;-10,36124563;-1,013340795;-0,07954005;3,182815823;47,34439465;0,052882272;1,005431393;0,677549197;1,052062762;1,98327632;-0,011246144;0,149427289;-0,3411398;6,041289717;-0,884419241;0,532211503;-0,31855458;7,256565207
50,02559294;8,221229623;0;1;0;0;0;0;6;10;0;1;0;1;tertiary;Mombach;2019;2;2;25,87237358;35,84432304;38,2833004;0,886109814;19,43248558;1,648696513;0,376558107;-0,565748107;0,121335073;-2,043500543;-0,010033824;-0,331042561;0,564044735;-4,021619138;10,00931385;-0,510798515;-0,863130881;2,06581329;33,22311976;5,354530945;17,35087731;-0,518101058;1,574349532;-6,696215304;0,126478004;-3,888010233;6,680037079;-19,78007432;1,464799235;-1,696000915;1,370379843;1,278153161;47,34439465;-0,640109688;0,266598024;0,391378809;-0,150827004;0,850586855;0,006489304;-0,022385123;-0,326795184;-2,090068558;-9,858115192;0,412743832;2,472840149;-0,373430477
49,97929801;8,234829439;0;1;0;0;0;0;11;22;2;6;2;1;secondary;Bretzenheim;2018;2;2;18,40258986;17,63180196;63,96560669;0,540467407;19,43248558;0,456456771;0,022685363;0,266329818;0,076613307;0,70471653;0,003425518;-0,013236579;-1,557409334;0,74147355;-0,401332284;-0,542886442;0,125630074;-0,912362018;33,22311976;-1,257536719;-2,042712571;0,174167932;-0,295241252;0,452831934;-0,009117036;-1,009773423;-0,033232146;-3,999010017;-5,962752619;-0,457182509;-0,704642391;-0,447116982;47,34439465;3,541387291;0,897048637;0,795100881;1,059909543;1,890044033;0,003422651;0,047387937;-5,015270555;12,01038712;1,822857449;-1,971986552;1,105895364;0,435028239
50,0235114;8,235865824;0;1;0;0;1;0;6;7;3;6;0;0;secondary;Mombach;2021;2;2;22,1794799;28,28626633;49,53425229;0,751298038;19,43248558;-0,464190568;-0,774072378;-0,554877388;-0,19634459;6,825348864;-0,037624203;0,12029914;-1,963408599;-2,66483482;0,755280572;-0,301780971;0,076309814;1,926889442;33,22311976;-0,386264388;-0,773355625;0,154365588;-0,200082932;-2,788029095;-0,008859663;0,376002292;0,216195749;1,756181387;-3,325001072;0,094561231;0,082413162;-0,134980067;47,34439465;0,572321168;1,185198478;0,730605773;1,3139583;-6,850992779;0,008711754;-0,290353867;2,005408999;1,365364801;2,350813719;0,571717715;-0,429356647;-0,343539783
49,98908014;8,266382165;0;1;0;0;1;1;3;10;2;6;0;0;primary;Oberstadt;2017;2;2;23,95331264;20,19962221;55,84706068;0,660733053;19,43248558;-0,70158225;-0,367576067;-0,364363116;-0,132757473;6,278832847;0,00525824;-0,001836688;0,038724701;-1,553429098;0,356953172;-0,154159916;0,050035134;1,066727566;33,22311976;-0,638507651;-1,239590019;0,21864654;-0,370386874;-2,220284233;0,038940183;0,064520401;-0,257463248;-3,080751158;-5,074265042;0,125003553;0,107507606;-0,696867607;47,34439465;2,061017081;0,999426754;0,444818549;1,023658609;-6,935360318;-0,005223439;-0,012779387;0,041432362;8,867855833;1,672353182;0,315066308;-0,27269009;0,303090581
49,96448153;8,238246186;0;1;0;0;0;0;1;16;2;6;1;0;construction;Bretzenheim;2019;2;2;10,20812467;15,89104384;73,90083671;0,389500483;19,43248558;-2,260913216;-0,183864599;-0,730972309;-0,442662719;-3,646130897;-0,01071539;-0,028830583;-1,329553475;-5,604212324;1,251578455;0,191596552;0,141502948;3,42881664;33,22311976;-1,438731591;-2,398964919;0,124450756;-0,437107786;0,560196753;-0,011059822;-1,280113179;0,400269002;-4,653198476;-6,494255996;-0,880468926;0,118112268;-0,941204004;47,34439465;3,675565283;1,067759943;0,576101791;1,57786299;2,326310841;-0,002378919;0,095858556;0,633209331;14,0808118;2,604349074;0,346077175;-0,369591198;-0,055494612
50,00167203;8,275408769;0;1;1;0;0;1;2;19;6;7;1;0;secondary;Altstadt;2019;1;0;37,48216033;31,9701165;30,54772317;0,936560167;19,43248558;1,698051332;-0,179752659;4,617101186;-0,165717017;-2,713712863;0,013135027;-0,041783572;2,138639795;6,945021271;2,747724317;0,261169597;0,073147851;2,656650481;33,22311976;-0,866444452;-2,101410583;-1,420472869;-0,283327066;1,578179553;0,047567035;-0,124445164;0,568938943;0,368054809;2,256687273;-1,489851305;0,024769698;0,188750862;47,34439465;-1,609439577;0,490456214;-4,465082912;0,872457736;1,633370032;-0,014031917;0,011597572;-0,72599108;-12,40982588;-0,680606958;0,624163955;-0,29654539;-0,227193281
50,00328907;8,274255185;0;1;0;0;1;0;5;15;3;2;0;1;primary;Altstadt;2021;2;2;20,48587948;31,71556294;47,79855311;0,762223792;19,43248558;-0,421175579;-0,916828137;-0,496799209;-0,215576523;6,565949715;-0,040743056;-0,084009776;-0,154970028;-1,538411685;-2,921745418;-0,093239573;-0,534893802;1,905836969;33,22311976;-0,054772363;-0,615654765;0,216851293;-0,165447311;-5,169089162;-0,009105822;0,374665129;0,362244115;1,169250879;3,36334568;-0,103170113;-0,237349044;-0,639325339;47,34439465;0,300814682;0,71971391;0,425864887;0,474125309;-3,610319539;0,007190029;-0,068140859;-0,09960695;0,310545076;1,545590069;0,157414577;0,866318065;-0,575350801
49,98827491;8,280419619;0;0;0;1;0;0;8;9;0;7;0;1;tertiary;Oberstadt;2020;2;2;10,85043773;35,65658331;53,49297523;0,629064174;19,43248558;0,815272326;0,180973684;-0,567744768;0,556792255;-2,23893864;-0,011770131;-0,137701981;0,560568206;-7,835292156;1,873812713;-0,399832535;-2,314615657;0,936428832;33,22311976;-0,09243708;1,237944381;0,03836307;0,3934829;0,315389537;-0,011456047;0,072986285;-0,392676796;0,471367328;0,376229637;0,021294747;-0,042016122;0,044991708;47,34439465;-0,175964077;-1,525434056;0,123649362;-1,390044902;0,457409415;0,042050943;-0,026808433;-0,221352241;3,84627947;0,5529903;0,190869584;4,157522819;0,117412397
49,91300716;8,243628367;0;0;0;0;1;1;10;17;0;1;0;0;secondary;Ebersheim;2018;2;1;28,68299186;42,76379645;28,55321765;0,858538619;19,43248558;0,460994402;1,619891422;-0,614276111;0,066566559;10,05526119;0,018416299;0,377598429;-0,679991357;-8,376487382;5,138302228;-0,260040164;0,250709333;1,193561434;33,22311976;-0,469784804;7,381039283;0,391198125;-0,145328962;-7,585196855;0,140635596;-0,81127848;0,721981313;5,948634182;3,992265497;-0,001940423;0,037151465;-0,058699251;47,34439465;-0,926565181;-3,782644216;0,409819459;0,267205676;-5,054811486;-0,015909495;0,023740444;-0,004730253;0,883096672;-10,2610087;0,308797964;-0,741176613;0,10300872
50,00442903;8,249471444;0;1;0;0;0;0;2;19;2;6;2;1;residential;Hartenberg-Münchfeld;2016;2;2;6,645281613;15,39065838;77,9640615;0,326268571;19,43248558;-1,217464644;-0,054887775;-0,625965388;-0,16596911;-1,638085948;-0,01392773;-0,061930477;0,881277129;-2,214153788;0,626112615;1,237564989;-0,340205128;-9,199568715;33,22311976;-1,489650297;-2,457686706;0,181794955;-0,435960241;0,522103174;-0,009617311;-0,454188351;0,395852056;-4,755327904;-6,852289038;-0,584689582;-0,786125155;-1,106676984;47,34439465;3,541205285;1,258143012;0,878769061;1,059510481;2,131266293;-0,000727404;0,252176819;-0,847685587;13,11455352;2,386071508;-1,851215945;1,15615232;7,541447481
49,96682338;8,270755569;0;0;0;1;0;0;2;16;0;1;0;2;residential;Hechtsheim;2021;2;2;10,63463017;42,47246087;46,8929112;0,657374053;19,43248558;0,725852359;0,161536459;-0,435696879;1,063465534;-1,932841201;-0,123290656;0,168549424;-0,452600591;-2,286867984;5,015837119;-0,250759161;-2,703663001;-7,747376831;33,22311976;-0,301526022;4,234606421;0,080065755;1,146410961;0,802543741;-0,009702896;-0,435932183;0,216591451;1,95865211;1,202773599;0,051729448;0,695859228;-0,392730508;47,34439465;0,030928443;0,259597767;-0,01580078;0,282767637;-0,061900329;-0,003229306;-0,004197697;0,001878833;-0,368527505;0,46507782;-0,020064864;-0,510487826;-0,507525654
49,93980753;8,263887133;0;1;0;0;0;1;11;13;8;1;0;1;secondary;Ebersheim;2016;1;0;42,52039492;32,82463849;24,65496957;0,845092833;19,43248558;1,488749264;-0,123129817;-0,509213096;-0,154118149;-1,933712768;0,010977103;0,04383631;-0,495424325;10,26486092;12,42898162;-0,406308827;-0,766478213;3,238889309;33,22311976;-0,148814116;-0,47428161;0,014267214;-0,042440956;0,159169967;0,00687257;-0,20645684;0,162864554;0,590500768;-0,38849929;0,048634392;-0,054023921;-0,066274007;47,34439465;-0,677310045;0,341660588;0,412309323;0,474778361;0,960057369;-0,0164385;0,045907087;0,048254157;-13,93560603;-12,82457381;0,393604487;2,898864331;-0,810932399
49,96995136;8,244664629;0;1;0;0;0;0;1;13;0;7;0;0;tertiary;Bretzenheim;2019;2;2;20,98160386;34,44012105;44,5782721;0,794973594;19,43248558;1,403076938;0,076474918;-0,807531786;-0,019456703;-2,856080268;-0,014707954;0,271150839;-0,370905793;-0,898649181;3,640901101;-0,591796949;0,172053426;1,54458969;33,22311976;-11,80586645;-35,17991009;1,333750123;-4,375376519;16,74392241;-0,17526684;-17,24860792;4,83959868;10,42575013;34,79583474;3,468886013;0,382427716;-1,988140701;47,34439465;-0,309322512;0,431120665;0,470805694;0,385717675;1,060167848;-0,000785655;0,064403453;-0,020252312;-3,930962764;-0,74092947;0,388084873;-0,321680154;-0,242489894
49,99531283;8,275797317;0;1;1;0;0;0;3;11;6;2;0;0;tertiary;Altstadt;2018;2;1;23,15446585;41,29942954;35,54610312;0,839392848;19,43248558;1,418179956;-0,596632806;3,874467285;-0,394562134;-3,365709588;-0,008946624;0,00424519;0,69285371;7,217315489;-6,838990846;-0,70729329;0,139691221;2,287362707;33,22311976;-0,491295371;-1,329266214;-0,556831535;-0,25686347;1,767930497;-0,009733277;0,251762778;0,27601847;1,718857262;6,299801572;0,030426504;0,017916832;0,357585726;47,34439465;-1,365154324;0,560481808;-3,930097304;1,04079884;1,574757261;0,002040993;-0,025300999;-0,7905434;-11,78881586;2,513755351;0,698794975;-0,28445121;-0,004557669
49,99797648;8,256495103;0;1;0;0;0;1;7;17;5;3;0;1;secondary;Oberstadt;2017;2;2;20,54715902;33,77168775;45,68115771;0,782233896;19,43248558;0,159197143;-0,103185634;-0,218029193;-0,071341812;-0,951071419;0,004158167;-0,000613882;-0,234166788;1,07033776;0,535572175;-0,142127251;-0,181884928;1,247829094;33,22311976;-0,075836457;-0,215381165;0,009541459;-0,042729512;0,177576104;0,003014114;0,064202343;0,061366008;0,166773896;0,431595496;0,022206818;-0,026228185;-0,027532935;47,34439465;0,169007517;-1,170660443;-1,083409057;-1,443334315;-2,739296948;0,028213597;0,045004792;-0,340094537;6,212389081;0,038635162;-0,68072145;-2,215210899;1,516240554
50,01726002;8,251452742;0;1;0;0;0;0;9;17;4;2;0;0;secondary;Neustadt;2016;2;1;17,96500087;42,04539061;39,98960555;0,768788556;19,43248558;0,724367951;-0,187637933;-0,165917971;-0,265445277;-1,170260425;-0,004225061;-0,013385542;-0,173306579;3,786987458;-5,325478111;-0,054501476;0,126688038;1,25463021;33,22311976;-0,607714302;-1,645644899;0,036281351;-0,190228893;1,639758965;-0,012169294;0,275250161;0,425053104;2,311183491;6,746730199;-0,060909559;0,020936846;-0,116256325;47,34439465;-1,015841946;0,278245187;0,351927739;1,211195098;1,528211872;0,004088679;-0,175026819;0,02539998;-16,83532579;9,219618015;0,210520415;-0,504532293;-1,653269244
50,00026016;8,260374914;1;1;0;0;0;0;7;19;0;7;0;0;primary;Neustadt;2021;2;2;18,40588599;36,87263131;44,72147822;0,765998347;19,43248558;-0,49173994;0,039561197;-0,239650158;-0,033032969;-1,102281618;-0,008692214;-0,151955382;0,390391295;-2,091880309;1,390130956;-0,238134886;0,065135112;1,445549327;33,22311976;1,454422682;-2,368508636;0,101598433;-0,184168633;1,29371811;-0,014439419;0,52452149;0,403304105;1,271280878;1,723117431;0,194227103;0,019301588;-0,768863583;47,34439465;-0,695167949;0,481753464;0,311268133;0,460969054;1,178371716;-0,00032789;-0,029002917;-0,452354291;-1,965000326;-0,843501161;0,383633033;-0,353890511;-1,099666787