Latitude;Longitude;IstRad;IstPKW;IstFuss;IstKrad;IstSonstig;TagKategorie;Monat;Stunde;Unfallart;Unfalltyp;Lichtverhältnisse;Straßenverhältnisse;Straßenart;Stadtteil;Jahr;Unfallklasse Wahr;Unfallklasse Bestimmt;Wahrscheinlichkeit Klasse 0;Wahrscheinlichkeit Klasse 1;Wahrscheinlichkeit Klasse 2;Unsicherheits-Score;Base-Value Klasse 0;SHAP_0_IstRad;SHAP_0_IstPKW;SHAP_0_IstFuss;SHAP_0_IstKrad;SHAP_0_IstSonstig;SHAP_0_TagKategorie;SHAP_0_Monat;SHAP_0_Stunde;SHAP_0_Unfallart;SHAP_0_Unfalltyp;SHAP_0_Lichtverhältnisse;SHAP_0_Straßenverhältnisse;SHAP_0_Straßenart;Base-Value Klasse 1;SHAP_1_IstRad;SHAP_1_IstPKW;SHAP_1_IstFuss;SHAP_1_IstKrad;SHAP_1_IstSonstig;SHAP_1_TagKategorie;SHAP_1_Monat;SHAP_1_Stunde;SHAP_1_Unfallart;SHAP_1_Unfalltyp;SHAP_1_Lichtverhältnisse;SHAP_1_Straßenverhältnisse;SHAP_1_Straßenart;Base-Value Klasse 2;SHAP_2_IstRad;SHAP_2_IstPKW;SHAP_2_IstFuss;SHAP_2_IstKrad;SHAP_2_IstSonstig;SHAP_2_TagKategorie;SHAP_2_Monat;SHAP_2_Stunde;SHAP_2_Unfallart;SHAP_2_Unfalltyp;SHAP_2_Lichtverhältnisse;SHAP_2_Straßenverhältnisse;SHAP_2_Straßenart
50,01044621;8,243926386;1;1;0;0;0;1;8;21;5;3;2;0;secondary;Hartenberg-Münchfeld;2018;2;2;23,00384492;34,9193573;42,07680225;0,833118881;19,43248558;0,018771319;-0,141005801;-0,467359439;-0,13707585;-1,655922728;0,008506771;0,00036054;1,133693812;0,543987235;1,076811086;0,914232629;0,059252239;2,21710752;33,22311976;0,433361948;-0,557184776;0,051533699;-0,079499983;0,455309493;0,015145788;0,126139538;0,346231219;0,405329067;0,728335034;-0,157548947;0,002598278;-0,07351282;47,34439465;-2,657895431;1,485652314;1,240348494;2,645583127;3,576106491;-0,053854194;-0,091006871;-3,936159264;-0,765890577;-0,637007165;-3,358452911;-0,778726835;-1,93628958
49,99775518;8,256244605;0;0;0;1;0;0;7;19;0;1;0;1;primary;Oberstadt;2016;2;2;12,99694628;41,83101952;45,17203271;0,693585058;19,43248558;1,829155414;-1,366154813;-0,649653532;1,389647676;-2,658994589;-0,024105547;-0,358323467;1,364818665;-14,8190334;8,218152525;-0,476607171;-3,027489086;4,143048012;33,22311976;-0,293455111;4,360108174;0,081043314;0,706497427;0,728451055;-0,021118991;0,222089798;0,372382167;1,945871779;0,914051395;0,042447154;-0,185680884;-0,264787515;47,34439465;0,253848196;0,863833388;-0,069731195;1,187211948;-0,279985289;-0,031418066;0,036492016;0,295651265;-3,999777368;2,584560546;-0,13201507;-3,312544257;0,431511944
49,99702559;8,208350336;0;1;0;0;0;0;12;17;5;2;2;1;tertiary;Gonsenheim;2019;2;2;14,23613131;37,37134933;48,39251935;0,698059332;19,43248558;0,480495807;-0,469543492;-0,626360423;-0,286684044;-2,271164947;-0,016494462;0,033155433;-0,543648703;2,397413605;-6,101229814;0,644097111;-0,77513297;2,338742626;33,22311976;-0,184573233;-0,551608615;0,017986978;-0,127906466;0,65396366;0,000847814;-0,520672812;0,223124076;1,009453853;3,524057945;0,302411285;-0,114021213;-0,084833698;47,34439465;-0,082523976;0,288484034;0,273317137;0,329957352;0,571525919;0,001271962;0,022061334;0,093067838;-1,504060425;1,224570735;-0,388233347;0,44674359;-0,228057452
50,02272828;8,220257637;0;1;1;0;0;1;1;17;6;4;2;1;tertiary;Mombach;2022;1;0;49,30527508;34,565714;16,1290139;0,712091084;19,43248558;1,990758396;-0,267096359;6,919145958;-0,113571779;-3,234526539;0,018961625;-0,010255389;-1,792360687;9,681588137;7,206621054;5,984592472;-0,328634011;3,817566623;33,22311976;0,561466842;1,3421944;0,852833274;0,183240066;-1,039531603;-0,018931079;0,762673043;-0,577659963;-0,527349029;-1,499830324;1,397615077;0,172650521;-0,266776987;47,34439465;-2,443687055;0,242847816;-4,081579268;0,165716232;0,847972683;-0,012050583;0,024030618;0,212449582;-9,639176336;-11,88585725;-4,933976595;0,530137121;-0,242207727
49,99043531;8,278612695;0;1;0;0;0;0;10;9;5;3;0;0;tertiary;Oberstadt;2016;2;2;22,15900272;32,7400893;45,10090649;0,801118107;19,43248558;0,272712637;-0,193265437;-0,412359082;-0,150109514;-1,648958371;-0,004787017;0,027260317;0,360271879;1,839217723;0,834085417;-0,252967986;0,063596357;1,991820216;33,22311976;0,236984829;0,629725073;-0,043428775;0,142103028;-0,564563967;0,011167456;0,156317095;0,917251846;-0,602514342;-1,341597738;-0,08268903;-0,002395033;0,060609094;47,34439465;-0,73976727;3,550286284;3,020207724;6,231184148;8,332722302;-0,004892998;0,096239126;-2,033785617;-17,89504965;0,614065404;2,337298875;-1,837990405;-3,91400609
50,01419694;8,218428368;0;1;0;0;1;0;5;11;1;5;0;0;tertiary;Mombach;2019;2;2;24,86834675;29,80210781;45,32954693;0,815053511;19,43248558;0,040261552;-0,615243836;-0,556906085;-0,129324021;10,27304564;-0,025697018;-0,161626779;0,857814766;-5,107117279;-0,159373351;-0,409524246;0,127525869;1,302025959;33,22311976;-0,236633352;-1,046995569;0,268203852;-0,214904592;-4,82280807;-0,009860963;0,329922871;0,098615152;0,558753038;1,584954635;0,145566307;0,016799808;-0,092625069;47,34439465;-0,903700583;4,920335095;3,305670722;5,765457626;-45,34213525;-0,003519226;-0,187337941;-0,889253315;33,56493861;-4,533350847;2,479844482;-1,805728653;1,613931554
50,00078274;8,265091208;1;0;0;1;0;0;1;17;2;6;1;0;tertiary;Altstadt;2017;2;1;31,35390282;48,63075614;20,01534253;0,750410887;19,43248558;3,816640697;0,162031321;-0,40525081;7,811559606;-3,87846563;-0,033292807;-0,009434167;-0,947193418;1,103940881;0,590552076;-0,154427047;0,286963422;3,577793108;33,22311976;2,816716751;12,24557477;0,111207488;3,424741973;2,677929636;-0,029048214;-1,387447987;0,683314983;-1,050077513;-4,142312427;-0,699371587;0,122198774;0,634209736;47,34439465;-4,487756454;-4,459434307;0,13914431;-19,36969723;1,31219044;-0,000769342;0,25556523;0,143978589;0,435894886;0,573726222;0,216722924;-1,036474316;-1,052143076
49,96447366;8,240092592;0;1;0;0;0;0;7;17;2;6;0;0;construction;Bretzenheim;2016;2;2;9,815961123;17,11351573;73,07052612;0,40060108;19,43248558;-2,165800428;-0,172675743;-0,63696507;-0,447025651;-3,527668663;-0,01024961;0,002589057;-1,267693637;-5,311881777;1,102644515;-0,559523657;0,138026181;3,239700021;33,22311976;-1,582890843;-2,685172509;0,094346972;-0,561680983;0,732517846;-0,013214394;0,748145447;0,488594095;-5,471762512;-7,320327805;0,207882271;0,135014027;-0,88105564;47,34439465;3,565509653;1,03731555;0,535193621;1,544721667;2,254519683;-0,003696219;-0,050282912;0,610907354;13,64486263;2,473250848;0,451404117;-0,364033545;0,026459022
49,96610603;8,249556365;0;1;0;0;1;0;10;13;3;6;0;0;motorway;Bretzenheim;2017;2;2;29,03755307;32,618922;38,34352493;0,918698587;19,43248558;-0,614365531;-0,944612498;-0,924762383;-0,42731112;11,11829917;-0,087927868;0,047854757;-0,325413026;-6,691242072;0,949561573;-0,282075827;0,100691056;7,686371262;33,22311976;-0,073893261;-0,121686851;0,195137684;-0,046515235;-0,980668496;-0,002921437;-0,095654789;0,07320807;0,853363098;-0,893255414;0,024650759;0,031246706;0,432791399;47,34439465;0,342975876;1,339708687;1,020267847;1,266926487;-7,207323339;0,019718512;0,037503327;0,244347745;5,09527272;1,090984138;0,371350774;-0,407545109;-12,21505739
50,00071612;8,264576144;0;1;0;0;0;0;11;14;1;6;0;1;secondary;Altstadt;2016;2;2;10,20256802;22,17739671;67,62003303;0,475347972;19,43248558;0,272105473;-0,197174019;-0,435127551;-0,132703801;-2,220698731;-0,011661349;0,020440595;-0,46327478;-7,259471189;0,1158769;-0,505820223;-0,085999833;1,673590949;33,22311976;-1,380697634;-1,887195488;0,088661349;-0,308934102;0,855055923;-0,011900458;-1,346460083;0,39749978;0,66408688;-7,163232131;0,193477962;-0,818069905;-0,328015138;47,34439465;0,053374741;0,780365683;0,717168093;1,038983;2,3006877;-6,53475E-05;0,05211756;0,346360382;9,79327519;3,300933898;0,585172605;1,157694483;0,149570384
49,9968182;8,223063823;0;1;0;0;1;0;5;9;5;3;0;0;secondary;Gonsenheim;2017;2;2;35,19786;29,10472751;35,69740951;0,936423562;19,43248558;-0,189058657;-0,820281107;-0,762698234;-0,178825073;11,06519969;-0,009406414;-0,090369154;0,563419613;2,187522202;1,550162531;-0,254168038;0,097638209;2,606238852;33,22311976;-0,156353954;-0,568112167;0,327624259;-0,268565884;-5,4689908;-0,023121652;0,440145962;-2,133587991;1,063491023;2,579072772;0,095404829;0,011457406;-0,016856058;47,34439465;-0,005447278;1,371574977;0,90830493;1,551655903;-9,971430523;-0,000937352;-0,055785323;-0,54559019;-3,975454466;0,009670033;0,549586805;-0,516663653;-0,966469006
50,00974649;8,268912942;1;0;0;0;0;0;9;16;0;1;0;1;residential;Altstadt;2021;2;1;11,68341115;51,68653131;36,63005233;0,650051283;19,43248558;-0,73638374;0,126175538;-0,172248303;0,066686332;-1,791282733;-0,014061532;-0,054592242;-0,515943213;-1,994807798;4,524089063;-0,243984064;-0,681629724;-6,261092017;33,22311976;1,5380462;8,803077179;0,106547595;-0,083697916;1,508651047;-0,046409153;0,349090026;0,697526026;4,010018758;2,007098782;0,042878603;-0,25857354;-0,210842063;47,34439465;-0,765734432;-7,503318336;0,32795611;-0,548542994;2,078491739;0,013699095;0,091463635;0,151936813;-1,642105919;-16,87268994;0,734371611;3,834913437;9,385216851
50,00082534;8,264714545;0;1;0;0;0;0;9;10;1;7;0;0;secondary;Altstadt;2018;2;2;13,14626634;30,17885387;56,67487979;0,620073124;19,43248558;0,460824901;-0,266075099;-0,564547102;-0,197476454;-2,62575806;-0,00826539;-0,132196457;0,198598979;-7,38766529;3,099990428;-0,581724652;0,047513693;1,670561261;33,22311976;1,945972965;5,626065061;-0,28367439;0,795027733;-3,29457109;0,034418153;-0,855890393;1,524062345;-1,417013254;-6,68240537;-0,826532514;-0,061612465;0,451887327;47,34439465;-0,157343767;0,583601461;0,522367128;0,98672941;1,738784098;-0,00046798;0,013770467;-0,242610348;6,588589738;-0,877657073;0,457548179;-0,299917589;0,017091411
50,008649;8,259868603;1;0;0;1;0;0;6;10;3;6;0;0;service;Neustadt;2021;2;1;24,74175245;49,42469299;25,8335501;0,758444458;19,43248558;0,123203959;2,661580967;-0,513999651;8,837716844;-4,792492262;-0,043206147;0,020434699;0,058183915;0,413306464;-0,235820026;-0,683736133;0,310380931;-0,846286699;33,22311976;2,781883811;9,154575758;0,152515246;2,37701424;2,646304542;-0,069241861;0,369572115;-0,581632144;1,705150125;-3,298640446;0,142144596;0,126803527;0,695123717;47,34439465;-1,149792849;-3,934613737;0,152171916;-18,535828;1,252587435;0,002897703;-0,140559409;-0,090863269;0,024681234;1,029903432;0,263988185;-1,037004063;0,651586864
50,00190958;8,203573135;1;1;0;0;0;0;9;15;5;2;0;0;secondary;Gonsenheim;2016;2;2;14,50058967;36,2572521;49,2421627;0,695949251;19,43248558;0,140566112;-0,454656154;-0,346797822;-0,343403902;-2,53870399;-0,007353509;-0,018211555;-0,03584045;1,470544202;-5,084985701;-0,153410894;0,145361191;2,294996558;33,22311976;0,342711189;-0,62358968;0,010829561;-0,100388524;0,73054845;-0,004780542;0,105953922;0,176599603;0,551886532;1,950561502;-0,050361581;0,008624817;-0,064462913;47,34439465;-0,586712225;0,455635269;0,205326674;0,733578374;0,973123355;0,001300551;0,00444417;-0,153202937;-0,90749932;1,5818775;0,173216304;-0,205003476;-0,378316189
50,00258078;8,203258375;0;1;0;0;1;1;7;16;0;6;0;0;residential;Gonsenheim;2020;2;2;17,22779125;27,07537711;55,69682717;0,653876534;19,43248558;0,181081748;-0,221211931;-0,465980274;0,00365256;4,594862696;0,023481985;-0,171682337;-0,370312835;-0,277407855;0,120030247;-0,152903526;0,08527385;-5,553578662;33,22311976;-0,47030416;-0,934075368;0,119639027;-0,190577511;-2,053864606;0,021411992;0,357414606;0,202194528;0,3857123;-3,192274106;0,067034234;0,051619517;-0,511673108;47,34439465;0,221060137;2,10585705;1,323747605;0,810832307;-10,73333359;-0,028830614;-0,145203157;0,540339232;-5,673298687;4,00228154;0,708595922;-0,780574488;16,00095926
49,96443801;8,238651227;0;1;0;0;1;0;8;9;2;6;0;0;construction;Bretzenheim;2020;2;2;26,63980722;20,08845806;53,27174067;0,69558989;19,43248558;-0,688155685;-0,470696823;-0,464863245;-0,134949967;8,062580602;-0,00567782;0,011497078;0,144782049;-1,268489168;0,501228154;-0,194021206;0,062746654;1,651341017;33,22311976;-0,565557823;-1,120455565;0,2259079;-0,36978702;-2,211698723;-0,022768945;0,455798901;-1,382570505;-3,043167061;-4,764648847;0,125059346;0,098021551;-0,55879491;47,34439465;1,715030825;0,823107081;0,36921128;0,81664497;-6,054259695;-0,00222355;-0,018220185;0,040803898;6,679486912;1,40078745;0,261661462;-0,233235721;0,128551295
50,00409053;8,263575075;0;1;0;1;0;0;6;15;2;6;0;0;primary;Neustadt;2022;2;1;26,06576085;37,65920103;36,27504706;0,890329297;19,43248558;-4,250353585;-0,330875466;-1,233561095;20,78315818;-6,248552401;-0,030617837;-0,067176266;-1,520350814;-9,468140302;0,67824487;-1,098516316;0,586402677;8,833613625;33,22311976;1,254964454;3,606649716;-0,170471317;-11,44108196;-1,449812736;0,013084131;-1,098881649;-0,748957351;4,305020827;9,180925292;-0,522443767;-0,211845702;1,718931325;47,34439465;1,655627348;0,638633699;0,284450858;-20,58741014;1,103639648;-0,001425282;-0,074871549;0,175584598;6,48340827;1,242118444;0,217634235;-0,89320753;-1,313530191
50,02307476;8,236463339;1;0;0;0;0;0;7;19;7;7;0;0;secondary;Mombach;2016;1;1;20,0771153;46,33443654;33,58844817;0,772572731;19,43248558;-0,109460326;0,22876111;-0,057317377;-0,031632247;-0,451550101;-0,001395204;0,00122766;0,115716889;0,403997776;0,251401667;-0,057380054;0,015065224;0,337194695;33,22311976;1,202570638;6,466528644;0,09962129;-0,072478903;0,910698845;-0,050425701;0,35300841;0,593917603;2,258726694;1,112802667;0,037550678;0,045634715;0,153161195;47,34439465;-1,287110883;-8,14440348;0,439115316;1,780285379;3,490956764;-0,000995596;-0,066568489;-0,870787963;-7,928969654;-1,093724797;0,763413301;-0,657431541;-0,179724846
50,00298041;8,258255448;0;0;0;0;1;0;11;5;0;1;2;1;residential;Neustadt;2019;2;1;24,38640445;40,51344991;35,10015309;0,857843434;19,43248558;0,433243164;2,782209021;-1,039940561;0,154192075;10,48093226;-0,025224611;0,078413676;1,54875332;-5,023558085;5,941759954;1,49677324;-1,413916478;-10,4597181;33,22311976;-0,571153557;8,761102797;0,49062758;-0,169724965;-7,27205136;-0,050488749;-1,269417049;-2,064214931;6,35618327;3,760524571;-0,186251558;-0,307348858;-0,187457045;47,34439465;-0,395996551;-4,901586663;0,554421241;-0,370052598;-4,691171199;0,008586067;0,178044375;-0,712153145;0,072376567;-8,250826181;-1,74890698;2,000263556;6,012759946
50,00346189;8,262315215;1;1;0;0;0;0;6;17;4;2;0;0;primary;Neustadt;2017;2;2;14,4049868;42,66360998;42,93140769;0,716065308;19,43248558;-1,253868985;-0,223662947;-0,133619137;-0,413296661;-1,781294555;-0,007787005;0,028527189;-0,156266816;2,668917867;-6,139127058;-0,077097774;0,143320151;2,317756946;33,22311976;1,313600582;-1,832979118;0,035973515;-0,131710087;2,022086426;-0,017159159;0,249351041;0,325498823;2,345386266;6,093849768;-0,055604485;0,020060281;-0,927863632;47,34439465;0,927890724;0,085772861;0,142791372;0,92944697;1,251674662;0,008138454;-0,274843604;0,014889491;-10,26238258;5,395154646;0,158822195;-0,367368866;-2,422973286
50,0000179;8,178032136;0;1;0;0;0;1;6;9;5;3;0;0;motorway;Finthen;2016;1;2;23,95815849;35,11961102;40,92223048;0,850663442;19,43248558;0,386092685;-0,257055742;-0,659524742;-0,329312636;-2,812260796;0,006793956;0,022548685;0,477844685;1,723274293;1,072233508;-0,369252974;0,084279062;5,180012928;33,22311976;-0,396254449;-0,398842396;0,399094643;-0,17734194;0,912068519;0,061660277;0,318933856;-1,5847962;0,782053796;1,91121346;0,156931265;0,006565781;-0,094795348;47,34439465;-0,255526527;1,164452314;1,191554662;1,715988677;2,518884956;0,007885198;-0,041909662;-0,26439515;-2,017052371;0,674421697;0,538617725;-0,460718357;-11,19436734
49,99883041;8,266788796;1;0;1;0;0;0;2;18;6;4;1;0;residential;Altstadt;2018;2;1;16,17382318;46,18887901;37,63730228;0,732164792;19,43248558;-0,958362737;1,199789842;1,099236777;-0,060984202;-2,160292163;-0,013763972;-0,014031255;-0,703292654;2,88590994;1,977591295;0,138310027;0,050318646;-6,699091951;33,22311976;2,103161341;7,79511071;-1,162617867;-0,144435772;2,70977878;-0,038173095;-0,320103894;0,794711191;0,1164198;1,423037347;-0,883801298;0,020372975;0,552299032;47,34439465;3,10988999;-3,305930789;-1,547221375;0,512629292;1,596194852;-0,000765367;-0,007637535;-0,032941026;-7,674022642;-8,036075701;0,128954981;-0,256080699;5,805913643
49,98434941;8,291723475;1;1;0;0;0;1;4;15;5;3;0;0;tertiary;Weisenau;2022;2;2;20,3673929;34,39068496;45,24192214;0,783997191;19,43248558;0,157564554;-0,095435983;-0,148591735;-0,085692319;-0,978860313;0,003612214;-0,021521563;-0,066626419;0,613784796;0,593742175;-0,128008233;0,034993518;1,055946624;33,22311976;0,279281731;-0,394632675;0,01269129;-0,065954729;0,380323568;0,01273196;0,15342787;0,085728367;0,210613124;0,495172371;0,03175799;0,001768617;-0,035344283;47,34439465;4,875022109;-2,746233647;-1,393598575;-4,883397023;-6,813502913;0,040732557;0,148258875;-0,140030711;5,26135368;1,174753068;-1,574969076;1,437295484;2,511843657
49,99785628;8,268440354;0;1;1;0;0;1;1;10;6;7;0;1;residential;Altstadt;2016;2;2;24,86491799;35,25229394;39,88279104;0,866794221;19,43248558;1,380043805;-0,29458114;5,661382533;0,01844059;-3,0861123;0,041834104;-0,226785934;1,133220515;7,11453304;5,292077501;-0,853303877;-0,330305485;-10,41801094;33,22311976;-5,917906973;-13,88440209;-7,201678219;-2,228476615;12,6807414;0,361621309;-6,019041404;-2,440149546;8,355489907;19,79525939;3,704182793;-2,023883065;-3,152582697;47,34439465;-1,031929597;0,600960112;-4,172368937;0,144539234;1,309604096;-0,015376551;0,085701343;-0,406033995;-11,08820813;-1,106792687;0,819584573;0,656360318;6,742356606
49,9763104;8,267906219;0;1;1;0;0;0;10;23;6;7;2;0;residential;Oberstadt;2022;1;0;33,75123739;32,73612261;33,51263404;0,990806634;19,43248558;1,95053881;-0,158335173;7,877085552;-0,00204033;-3,072002899;-0,039387718;0,217546484;3,915784216;8,249922163;6,455690632;3,68531463;0,070576804;-14,83194136;33,22311976;-0,089258966;-0,196958994;-0,17351557;-0,025173162;0,145526568;-0,000955806;-0,046224927;-0,091925096;0,003117332;0,164911714;-0,149346313;0,002096089;-0,029290022;47,34439465;-1,12076648;0,51450626;-4,683975836;0,347878452;1,116226592;0,003538277;0,006481755;-2,652958675;-10,28438573;-0,847663278;-2,934447513;-0,195609386;6,899414947
49,99384854;8,260959959;0;1;0;0;0;0;7;14;2;2;0;0;primary;Oberstadt;2017;2;2;7,889053971;22,51299322;69,59795356;0,441482257;19,43248558;-1,556311319;-0,382714441;-0,440204983;-0,475929084;-2,546684523;-0,008374987;0,001174122;-0,418204983;-3,395937247;-4,12704921;-0,265944607;0,13783947;1,934910179;33,22311976;-2,145844258;-6,143672553;0,167365041;-1,097176126;2,928571138;-0,031946961;1,123628229;1,154409592;-17,13015483;12,03558416;0,044831469;0,132924105;-1,748645549;47,34439465;3,135948258;1,080682489;0,523470498;1,530560628;2,094554949;-0,001186681;-0,057996787;0,096280211;12,1383969;2,065150013;0,408916703;-0,353322229;-0,407896048
50,00227339;8,270794658;0;1;0;1;0;1;11;21;2;7;0;0;tertiary;Altstadt;2019;2;1;28,07762325;36,47142649;35,45095026;0,920670543;19,43248558;-1,19547078;-0,138558996;-0,696712553;7,224022304;-2,46220489;0,020894678;0,053482069;3,946009919;-1,882914141;1,353457228;-0,494596462;0,237445924;2,680283362;33,22311976;-0,790509232;-2,792113631;0,144350894;6,623444358;1,46942838;0,015737965;-1,798352326;0,785096779;-3,94237159;3,258222263;0,418209533;0,048639685;-0,191476353;47,34439465;1,945494983;0,828061029;0,415124973;-23,65540992;1,497397325;-0,017856818;0,473415386;-2,669521749;8,020299737;2,928931535;0,321089108;-1,25014114;-0,730328838
49,98237003;8,279977031;1;0;0;0;0;0;6;7;5;3;0;0;tertiary;Oberstadt;2021;2;2;19,18795854;38,07961345;42,73242652;0,78402717;19,43248558;-0,042667947;-0,551208128;0,081005925;0,056019617;0,862528707;0,002114163;0,003326051;0,751855993;-0,577697896;-0,260127039;0,123407354;-0,024693216;-0,668390632;33,22311976;0,684707498;2,79000468;0,05740774;-0,080616928;1,261012884;0,041701812;0,442511504;-0,386774887;-0,773728035;0,65322192;0,059306726;0,007829148;0,099909625;47,34439465;-2,469839768;-11,7966879;0,524439905;2,882085476;5,130865252;-0,002732232;-0,248189078;5,24239074;-3,857057716;-0,300910188;1,343735901;-0,857430591;-0,202637934
49,99830094;8,174739802;0;1;0;0;1;0;5;20;5;2;0;0;residential;Finthen;2022;2;2;15,40663391;31,13816381;53,45519781;0,668848656;19,43248558;-0,113735325;-1,157249768;-0,792469057;-0,166618989;9,912655921;-0,025577458;-0,076321068;0,612136549;1,679132756;-3,158586653;-0,105837071;0,123171583;-10,75655309;33,22311976;-0,255794441;-0,50737955;0,277347971;-0,303138158;-6,959881556;-0,006137241;0,420265332;0,706044665;1,278727405;4,609628396;-0,200508314;0,020630087;-1,164760554;47,34439465;0,245428682;1,614193974;0,791094257;1,077299728;-7,582661199;0,045862072;-0,09786896;-0,403270439;-2,513045875;3,355874771;0,272901118;-0,384719834;9,689714863
49,99141105;8,218571373;0;1;0;0;0;0;9;12;3;6;0;0;primary;Gonsenheim;2017;2;2;19,53974664;28,34071517;52,11954117;0,708081122;19,43248558;0,031300867;-0,019746749;-0,045013147;-0,023441997;-0,143205828;-0,001650709;-0,001911646;-0,02706883;0,010968946;0,066227793;-0,030305987;0,007165775;0,28394257;33,22311976;-1,244493328;-1,956861623;0,088335616;-0,283811666;0,951254218;-0,018258499;0,375207621;0,354785519;2,969775613;-5,552261753;0,193855094;0,135384265;-0,895315671;47,34439465;0,176951746;0,626943938;0,534023285;1,10280608;1,166681369;0,014335698;0,250782596;0,107600526;-0,549451915;2,179252787;0,429073076;-0,326022682;-0,93782999
50,00346309;8,26236206;1;1;0;0;0;1;4;4;5;2;2;0;tertiary;Neustadt;2017;2;2;15,2454868;36,34667993;48,40783477;0,709270475;19,43248558;-0,206990555;-0,476923422;-0,619754185;-0,352712713;-2,732169701;0,041789535;-0,049244154;2,353409803;1,014299736;-6,793906542;0,802326073;0,145199218;2,687678121;33,22311976;0,460958164;-0,538170178;0,050446104;-0,103691296;0,690183246;0,030112547;0,227042877;-0,881810054;0,747228735;2,333089923;0,183810944;0,005908393;-0,081549241;47,34439465;-0,339117697;0,288568483;0,173989023;0,468196246;0,614223754;-0,04536802;-0,036128297;-0,456749334;-0,332932599;1,603409311;-0,5751261;-0,120206032;-0,179318625
50,02113817;8,242587932;0;1;0;0;0;1;3;13;4;7;0;0;secondary;Mombach;2019;1;0;46,42590582;33,70194137;19,8721543;0,769971306;19,43248558;2,876332976;-0,033013448;-0,505741852;-0,329766444;-3,069738216;0,008457578;-0,005553572;-0,130342406;20,14379076;4,370754422;-0,374650207;0,102063079;3,940827568;33,22311976;-0,135418986;-0,336040299;0,014972775;-0,03007605;0,262216422;0,00703598;0,05981163;0,077293385;0,119756393;0,407108364;0,040778721;0,003279997;-0,011896722;47,34439465;-1,955897438;-0,075591887;0,36409424;0,855461387;1,602293105;-0,009674491;-0,049698641;-0,028171998;-24,75672347;-0,990443203;0,375600283;-0,304033081;-2,49945516
49,99447445;8,267520703;1;1;0;0;0;1;1;11;5;3;0;1;unclassified;Oberstadt;2016;2;2;20,56119442;34,02609527;45,41271627;0,784528792;19,43248558;0,166607162;-0,098554889;-0,177336431;-0,058984804;-1,05499637;0,003909505;0,005012108;0,256936616;0,656355398;0,650389931;-0,145051444;-0,175922839;1,100344892;33,22311976;0,205992108;-0,295476793;0,014406973;-0,046830146;0,280033041;0,0928786;-0,221045637;-0,10660124;0,130125639;0,40600759;0,020381861;-0,04577565;0,368879163;47,34439465;2,70114031;-1,424474512;-0,716947295;-1,597360914;-3,524199463;0,034547384;-0,104339222;0,864233008;3,224877587;0,865926951;-0,950841241;-2,4736732;1,169432221
50,0017872;8,261457384;0;1;0;0;0;0;12;11;3;6;0;0;primary;Neustadt;2016;2;2;19,95309591;27,67765224;52,36924887;0,706729588;19,43248558;0,151618367;-0,092672618;-0,231085413;-0,109477145;-0,699023898;-0,008067264;-0,001297343;0,029503255;-0,041430108;0,315495545;-0,15340371;0,034714349;1,325736311;33,22311976;-1,025250719;-1,53625372;0,058530392;-0,219102995;0,743836054;-0,018868429;-1,238522627;0,124129636;2,580481076;-4,586260469;0,135417346;0,111784972;-0,675388041;47,34439465;0,228867653;0,730754066;0,644962049;1,278775058;1,383540751;0,006986125;0,148168023;-0,155995482;-0,831968449;2,560193481;0,507008759;-0,377457239;-1,098980584
49,99432206;8,258352375;0;1;0;0;1;0;1;8;3;6;0;0;primary;Oberstadt;2018;2;2;23,1059581;26,59930885;50,29473305;0,743786602;19,43248558;-0,621552703;-0,841312681;-0,659307759;-0,218221152;7,109902739;-0,04389296;-0,01659582;-0,466536196;-3,442809603;0,640722695;-0,238495037;0,082444486;2,389126512;33,22311976;-0,357555588;-0,731022585;0,152643552;-0,164465618;-2,561546707;-0,010113657;-0,523951622;-0,713478971;1,795918255;-3,171030218;0,081520322;0,081099504;-0,501827578;47,34439465;0,684462361;1,405896423;0,868855149;1,546594983;-7,989705408;0,010259314;0,178235929;1,777682629;2,648151522;2,804873431;0,625036305;-0,484707304;-1,12529694
49,99784705;8,237669051;1;1;0;0;0;1;5;7;5;3;0;0;residential;Hartenberg-Münchfeld;2016;2;2;7,875346392;33,12914968;58,99550319;0,557275862;19,43248558;0,355167691;-0,338819869;-0,276921059;-0,081388582;-1,6274353;0,020759927;-0,042498833;-1,986654868;0,197590039;0,155167671;-0,257923633;0,052420911;-7,726603287;33,22311976;-0,032324199;0,040703966;-0,001970938;0,007976452;-0,040696002;-0,001624754;-0,015131496;0,006536565;-0,019488368;-0,056893597;-0,004531818;-0,000247471;0,023721574;47,34439465;-1,851103501;0,996854333;0,456740942;0,946127397;1,751366161;-0,010281793;-0,139937654;2,24632811;-1,348240497;-0,000903044;0,57882585;-0,349170926;8,374503154